ISO-10303-21;
HEADER;
FILE_DESCRIPTION(('ViewDefinition [CoordinationView]'),'2;1');
FILE_NAME('d1.ifc','2026-09-20T09:13:42',(''),(''),'xeoIFC','xeoIFC','');
FILE_SCHEMA(('IFC4'));
ENDSEC;
DATA;
#1=IFCSIUNIT(*,.LENGTHUNIT.,$,.METRE.);
#2=IFCSIUNIT(*,.AREAUNIT.,$,.SQUARE_METRE.);
#3=IFCSIUNIT(*,.VOLUMEUNIT.,$,.CUBIC_METRE.);
#4=IFCSIUNIT(*,.PLANEANGLEUNIT.,$,.RADIAN.);
#5=IFCUNITASSIGNMENT((#1,#2,#3,#4));
#6=IFCCARTESIANPOINT((0.,0.,0.));
#7=IFCDIRECTION((0.,0.,1.));
#8=IFCDIRECTION((1.,0.,0.));
#9=IFCAXIS2PLACEMENT3D(#6,#7,#8);
#10=IFCGEOMETRICREPRESENTATIONCONTEXT($,'Model',3,0.00001,#9,$);
#11=IFCGEOMETRICREPRESENTATIONSUBCONTEXT('Body','Model',*,*,*,*,#10,$,.MODEL_VIEW.,$);
#12=IFCPROJECT('3iE0s76fCaZUENxYVDqfG7',$,'Villa from a picture',$,$,$,$,(#10),#5);
#13=IFCSITE('3ASr11Dfc597nK7cyxoaFk',$,'Garden',$,$,#16,$,$,$,$,$,$,$,$);
#14=IFCCARTESIANPOINT((0.,0.,0.));
#15=IFCAXIS2PLACEMENT3D(#14,$,$);
#16=IFCLOCALPLACEMENT($,#15);
#17=IFCRELAGGREGATES('1lrFedjF62gX4xZf8i4XNo',$,$,$,#12,(#13));
#18=IFCBUILDING('1ep9Nj2DWe0NuYnTtQYvpW',$,'Villa',$,$,#21,$,$,$,$,$,$);
#19=IFCCARTESIANPOINT((0.,0.,0.));
#20=IFCAXIS2PLACEMENT3D(#19,$,$);
#21=IFCLOCALPLACEMENT(#16,#20);
#22=IFCRELAGGREGATES('0lo2_3GHnjAdjAGBjw2JES',$,$,$,#13,(#18));
#23=IFCBUILDINGSTOREY('1WOR6VkZ598V3DBscDsZj9',$,'Ground floor',$,$,#26,$,$,$,0.);
#24=IFCCARTESIANPOINT((0.,0.,0.));
#25=IFCAXIS2PLACEMENT3D(#24,$,$);
#26=IFCLOCALPLACEMENT(#21,#25);
#27=IFCRELAGGREGATES('3tnryh8p2_lKMPco14Jy05',$,$,$,#18,(#23,#28,#32));
#28=IFCBUILDINGSTOREY('3yCMMNnVW_JPDQu0j7WlfO',$,'First floor',$,$,#31,$,$,$,3.3);
#29=IFCCARTESIANPOINT((0.,0.,3.3));
#30=IFCAXIS2PLACEMENT3D(#29,$,$);
#31=IFCLOCALPLACEMENT(#21,#30);
#32=IFCBUILDINGSTOREY('1PSW9VVvdgQaukGR6pGfYr',$,'Roof',$,$,#35,$,$,$,6.5);
#33=IFCCARTESIANPOINT((0.,0.,6.5));
#34=IFCAXIS2PLACEMENT3D(#33,$,$);
#35=IFCLOCALPLACEMENT(#21,#34);
#36=IFCGEOGRAPHICELEMENT('1B3QJqkfD8h$1Q_RsmxGwb',$,'Lawn terrain',$,$,#40,#44,$,.TERRAIN.);
#37=IFCRELCONTAINEDINSPATIALSTRUCTURE('0ZdiQhxY3ONlxc_9Igl3LY',$,$,$,(#36,#49,#71,#80,#89,#106,#123,#140,#157,#174,#250,#267,#284,#298,#312,#326,#340,#354,#368,#382,#396,#410,#424,#460,#477,#491,#509,#521,#533,#545,#557,#569,#581,#593,#605,#617,#629,#641,#653,#665,#677,#686,#698,#707,#716,#725,#737,#746,#755,#764,#773,#782,#791,#800,#809,#818,#827,#836,#845,#5925,#5938,#5952,#5965,#5979,#5992,#6006,#6019,#6033),#13);
#38=IFCCARTESIANPOINT((0.,0.,0.));
#39=IFCAXIS2PLACEMENT3D(#38,$,$);
#40=IFCLOCALPLACEMENT(#16,#39);
#41=IFCCARTESIANPOINTLIST3D(((-20.,-24.,-0.898),(-19.,-24.,-0.889),(-18.,-24.,-0.881),(-17.,-24.,-0.875),(-16.,-24.,-0.871),(-15.,-24.,-0.871),(-14.,-24.,-0.873),(-13.,-24.,-0.877),(-12.,-24.,-0.884),(-11.,-24.,-0.892),(-10.,-24.,-0.901),(-9.,-24.,-0.91),(-8.,-24.,-0.918),(-7.,-24.,-0.924),(-6.,-24.,-0.928),(-5.,-24.,-0.929),(-4.,-24.,-0.928),(-3.,-24.,-0.924),(-2.,-24.,-0.917),(-1.,-24.,-0.909),(0.,-24.,-0.9),(1.,-24.,-0.891),(2.,-24.,-0.883),(3.,-24.,-0.876),(4.,-24.,-0.872),(5.,-24.,-0.871),(6.,-24.,-0.872),(7.,-24.,-0.876),(8.,-24.,-0.882),(9.,-24.,-0.89),(10.,-24.,-0.899),(11.,-24.,-0.908),(12.,-24.,-0.916),(13.,-24.,-0.923),(14.,-24.,-0.927),(15.,-24.,-0.929),(16.,-24.,-0.929),(17.,-24.,-0.925),(18.,-24.,-0.919),(19.,-24.,-0.911),(20.,-24.,-0.902),(21.,-24.,-0.893),(22.,-24.,-0.885),(23.,-24.,-0.878),(24.,-24.,-0.873),(25.,-24.,-0.871),(26.,-24.,-0.871),(27.,-24.,-0.874),(28.,-24.,-0.88),(29.,-24.,-0.888),(30.,-24.,-0.896),(31.,-24.,-0.905),(32.,-24.,-0.914),(-20.,-23.,-0.898),(-19.,-23.,-0.889),(-18.,-23.,-0.881),(-17.,-23.,-0.875),(-16.,-23.,-0.871),(-15.,-23.,-0.87),(-14.,-23.,-0.872),(-13.,-23.,-0.877),(-12.,-23.,-0.884),(-11.,-23.,-0.892),(-10.,-23.,-0.901),(-9.,-23.,-0.91),(-8.,-23.,-0.918),(-7.,-23.,-0.925),(-6.,-23.,-0.929),(-5.,-23.,-0.93),(-4.,-23.,-0.928),(-3.,-23.,-0.924),(-2.,-23.,-0.917),(-1.,-23.,-0.909),(0.,-23.,-0.9),(1.,-23.,-0.891),(2.,-23.,-0.883),(3.,-23.,-0.876),(4.,-23.,-0.872),(5.,-23.,-0.87),(6.,-23.,-0.871),(7.,-23.,-0.875),(8.,-23.,-0.882),(9.,-23.,-0.89),(10.,-23.,-0.899),(11.,-23.,-0.908),(12.,-23.,-0.916),(13.,-23.,-0.923),(14.,-23.,-0.928),(15.,-23.,-0.93),(16.,-23.,-0.929),(17.,-23.,-0.925),(18.,-23.,-0.919),(19.,-23.,-0.911),(20.,-23.,-0.902),(21.,-23.,-0.893),(22.,-23.,-0.885),(23.,-23.,-0.878),(24.,-23.,-0.873),(25.,-23.,-0.87),(26.,-23.,-0.871),(27.,-23.,-0.874),(28.,-23.,-0.88),(29.,-23.,-0.887),(30.,-23.,-0.896),(31.,-23.,-0.906),(32.,-23.,-0.914),(-20.,-22.,-0.898),(-19.,-22.,-0.889),(-18.,-22.,-0.882),(-17.,-22.,-0.876),(-16.,-22.,-0.873),(-15.,-22.,-0.872),(-14.,-22.,-0.874),(-13.,-22.,-0.878),(-12.,-22.,-0.885),(-11.,-22.,-0.893),(-10.,-22.,-0.901),(-9.,-22.,-0.91),(-8.,-22.,-0.917),(-7.,-22.,-0.923),(-6.,-22.,-0.927),(-5.,-22.,-0.928),(-4.,-22.,-0.927),(-3.,-22.,-0.923),(-2.,-22.,-0.916),(-1.,-22.,-0.909),(0.,-22.,-0.9),(1.,-22.,-0.891),(2.,-22.,-0.884),(3.,-22.,-0.877),(4.,-22.,-0.873),(5.,-22.,-0.872),(6.,-22.,-0.873),(7.,-22.,-0.877),(8.,-22.,-0.883),(9.,-22.,-0.89),(10.,-22.,-0.899),(11.,-22.,-0.907),(12.,-22.,-0.915),(13.,-22.,-0.922),(14.,-22.,-0.926),(15.,-22.,-0.928),(16.,-22.,-0.927),(17.,-22.,-0.924),(18.,-22.,-0.918),(19.,-22.,-0.911),(20.,-22.,-0.902),(21.,-22.,-0.894),(22.,-22.,-0.886),(23.,-22.,-0.879),(24.,-22.,-0.874),(25.,-22.,-0.872),(26.,-22.,-0.872),(27.,-22.,-0.875),(28.,-22.,-0.881),(29.,-22.,-0.888),(30.,-22.,-0.896),(31.,-22.,-0.905),(32.,-22.,-0.913),(-20.,-21.,-0.898),(-19.,-21.,-0.891),(-18.,-21.,-0.884),(-17.,-21.,-0.879),(-16.,-21.,-0.876),(-15.,-21.,-0.876),(-14.,-21.,-0.877),(-13.,-21.,-0.881),(-12.,-21.,-0.887),(-11.,-21.,-0.893),(-10.,-21.,-0.901),(-9.,-21.,-0.908),(-8.,-21.,-0.915),(-7.,-21.,-0.92),(-6.,-21.,-0.924),(-5.,-21.,-0.925),(-4.,-21.,-0.923),(-3.,-21.,-0.92),(-2.,-21.,-0.914),(-1.,-21.,-0.907),(0.,-21.,-0.9),(1.,-21.,-0.893),(2.,-21.,-0.886),(3.,-21.,-0.88),(4.,-21.,-0.877),(5.,-21.,-0.875),(6.,-21.,-0.876),(7.,-21.,-0.88),(8.,-21.,-0.885),(9.,-21.,-0.892),(10.,-21.,-0.899),(11.,-21.,-0.907),(12.,-21.,-0.913),(13.,-21.,-0.919),(14.,-21.,-0.923),(15.,-21.,-0.924),(16.,-21.,-0.924),(17.,-21.,-0.921),(18.,-21.,-0.916),(19.,-21.,-0.909),(20.,-21.,-0.902),(21.,-21.,-0.894),(22.,-21.,-0.887),(23.,-21.,-0.882),(24.,-21.,-0.878),(25.,-21.,-0.876),(26.,-21.,-0.876),(27.,-21.,-0.879),(28.,-21.,-0.883),(29.,-21.,-0.89),(30.,-21.,-0.897),(31.,-21.,-0.905),(32.,-21.,-0.912),(-20.,-20.,-0.898),(-19.,-20.,-0.893),(-18.,-20.,-0.888),(-17.,-20.,-0.884),(-16.,-20.,-0.882),(-15.,-20.,-0.881),(-14.,-20.,-0.882),(-13.,-20.,-0.885),(-12.,-20.,-0.89),(-11.,-20.,-0.895),(-10.,-20.,-0.901),(-9.,-20.,-0.907),(-8.,-20.,-0.912),(-7.,-20.,-0.916),(-6.,-20.,-0.918),(-5.,-20.,-0.919),(-4.,-20.,-0.918),(-3.,-20.,-0.915),(-2.,-20.,-0.911),(-1.,-20.,-0.906),(0.,-20.,-0.9),(1.,-20.,-0.894),(2.,-20.,-0.889),(3.,-20.,-0.885),(4.,-20.,-0.882),(5.,-20.,-0.881),(6.,-20.,-0.882),(7.,-20.,-0.884),(8.,-20.,-0.888),(9.,-20.,-0.893),(10.,-20.,-0.899),(11.,-20.,-0.905),(12.,-20.,-0.91),(13.,-20.,-0.915),(14.,-20.,-0.918),(15.,-20.,-0.919),(16.,-20.,-0.918),(17.,-20.,-0.916),(18.,-20.,-0.912),(19.,-20.,-0.907),(20.,-20.,-0.902),(21.,-20.,-0.896),(22.,-20.,-0.89),(23.,-20.,-0.886),(24.,-20.,-0.883),(25.,-20.,-0.881),(26.,-20.,-0.881),(27.,-20.,-0.883),(28.,-20.,-0.887),(29.,-20.,-0.892),(30.,-20.,-0.898),(31.,-20.,-0.904),(32.,-20.,-0.909),(-20.,-19.,-0.899),(-19.,-19.,-0.895),(-18.,-19.,-0.892),(-17.,-19.,-0.89),(-16.,-19.,-0.888),(-15.,-19.,-0.888),(-14.,-19.,-0.889),(-13.,-19.,-0.891),(-12.,-19.,-0.893),(-11.,-19.,-0.897),(-10.,-19.,-0.901),(-9.,-19.,-0.904),(-8.,-19.,-0.907),(-7.,-19.,-0.91),(-6.,-19.,-0.912),(-5.,-19.,-0.912),(-4.,-19.,-0.912),(-3.,-19.,-0.91),(-2.,-19.,-0.907),(-1.,-19.,-0.904),(0.,-19.,-0.9),(1.,-19.,-0.896),(2.,-19.,-0.893),(3.,-19.,-0.89),(4.,-19.,-0.888),(5.,-19.,-0.888),(6.,-19.,-0.888),(7.,-19.,-0.89),(8.,-19.,-0.893),(9.,-19.,-0.896),(10.,-19.,-0.899),(11.,-19.,-0.903),(12.,-19.,-0.907),(13.,-19.,-0.909),(14.,-19.,-0.911),(15.,-19.,-0.912),(16.,-19.,-0.912),(17.,-19.,-0.91),(18.,-19.,-0.908),(19.,-19.,-0.905),(20.,-19.,-0.901),(21.,-19.,-0.897),(22.,-19.,-0.894),(23.,-19.,-0.891),(24.,-19.,-0.889),(25.,-19.,-0.888),(26.,-19.,-0.888),(27.,-19.,-0.889),(28.,-19.,-0.892),(29.,-19.,-0.895),(30.,-19.,-0.898),(31.,-19.,-0.902),(32.,-19.,-0.906),(-20.,-18.,-0.9),(-19.,-18.,-0.898),(-18.,-18.,-0.897),(-17.,-18.,-0.896),(-16.,-18.,-0.896),(-15.,-18.,-0.896),(-14.,-18.,-0.896),(-13.,-18.,-0.897),(-12.,-18.,-0.898),(-11.,-18.,-0.899),(-10.,-18.,-0.9),(-9.,-18.,-0.902),(-8.,-18.,-0.903),(-7.,-18.,-0.904),(-6.,-18.,-0.904),(-5.,-18.,-0.904),(-4.,-18.,-0.904),(-3.,-18.,-0.904),(-2.,-18.,-0.903),(-1.,-18.,-0.901),(0.,-18.,-0.9),(1.,-18.,-0.899),(2.,-18.,-0.897),(3.,-18.,-0.896),(4.,-18.,-0.896),(5.,-18.,-0.896),(6.,-18.,-0.896),(7.,-18.,-0.896),(8.,-18.,-0.897),(9.,-18.,-0.898),(10.,-18.,-0.9),(11.,-18.,-0.901),(12.,-18.,-0.902),(13.,-18.,-0.903),(14.,-18.,-0.904),(15.,-18.,-0.904),(16.,-18.,-0.904),(17.,-18.,-0.904),(18.,-18.,-0.903),(19.,-18.,-0.902),(20.,-18.,-0.9),(21.,-18.,-0.899),(22.,-18.,-0.898),(23.,-18.,-0.897),(24.,-18.,-0.896),(25.,-18.,-0.896),(26.,-18.,-0.896),(27.,-18.,-0.896),(28.,-18.,-0.897),(29.,-18.,-0.898),(30.,-18.,-0.899),(31.,-18.,-0.901),(32.,-18.,-0.902),(-20.,-17.,-0.9),(-19.,-17.,-0.901),(-18.,-17.,-0.902),(-17.,-17.,-0.903),(-16.,-17.,-0.904),(-15.,-17.,-0.904),(-14.,-17.,-0.903),(-13.,-17.,-0.903),(-12.,-17.,-0.902),(-11.,-17.,-0.901),(-10.,-17.,-0.9),(-9.,-17.,-0.899),(-8.,-17.,-0.898),(-7.,-17.,-0.897),(-6.,-17.,-0.896),(-5.,-17.,-0.896),(-4.,-17.,-0.897),(-3.,-17.,-0.897),(-2.,-17.,-0.898),(-1.,-17.,-0.899),(0.,-17.,-0.9),(1.,-17.,-0.901),(2.,-17.,-0.902),(3.,-17.,-0.903),(4.,-17.,-0.903),(5.,-17.,-0.904),(6.,-17.,-0.904),(7.,-17.,-0.903),(8.,-17.,-0.902),(9.,-17.,-0.901),(10.,-17.,-0.9),(11.,-17.,-0.899),(12.,-17.,-0.898),(13.,-17.,-0.897),(14.,-17.,-0.897),(15.,-17.,-0.896),(16.,-17.,-0.896),(17.,-17.,-0.897),(18.,-17.,-0.898),(19.,-17.,-0.899),(20.,-17.,-0.9),(21.,-17.,-0.901),(22.,-17.,-0.902),(23.,-17.,-0.903),(24.,-17.,-0.903),(25.,-17.,-0.904),(26.,-17.,-0.904),(27.,-17.,-0.903),(28.,-17.,-0.902),(29.,-17.,-0.902),(30.,-17.,-0.9),(31.,-17.,-0.899),(32.,-17.,-0.898),(-20.,-16.,-0.901),(-19.,-16.,-0.904),(-18.,-16.,-0.907),(-17.,-16.,-0.91),(-16.,-16.,-0.911),(-15.,-16.,-0.911),(-14.,-16.,-0.911),(-13.,-16.,-0.909),(-12.,-16.,-0.906),(-11.,-16.,-0.903),(-10.,-16.,-0.9),(-9.,-16.,-0.896),(-8.,-16.,-0.893),(-7.,-16.,-0.891),(-6.,-16.,-0.889),(-5.,-16.,-0.889),(-4.,-16.,-0.889),(-3.,-16.,-0.891),(-2.,-16.,-0.893),(-1.,-16.,-0.897),(0.,-16.,-0.9),(1.,-16.,-0.903),(2.,-16.,-0.907),(3.,-16.,-0.909),(4.,-16.,-0.911),(5.,-16.,-0.911),(6.,-16.,-0.911),(7.,-16.,-0.909),(8.,-16.,-0.907),(9.,-16.,-0.904),(10.,-16.,-0.9),(11.,-16.,-0.897),(12.,-16.,-0.894),(13.,-16.,-0.891),(14.,-16.,-0.889),(15.,-16.,-0.889),(16.,-16.,-0.889),(17.,-16.,-0.89),(18.,-16.,-0.893),(19.,-16.,-0.896),(20.,-16.,-0.899),(21.,-16.,-0.903),(22.,-16.,-0.906),(23.,-16.,-0.909),(24.,-16.,-0.911),(25.,-16.,-0.911),(26.,-16.,-0.911),(27.,-16.,-0.91),(28.,-16.,-0.908),(29.,-16.,-0.905),(30.,-16.,-0.901),(31.,-16.,-0.898),(32.,-16.,-0.895),(-20.,-15.,-0.902),(-19.,-15.,-0.907),(-18.,-15.,-0.912),(-17.,-15.,-0.916),(-16.,-15.,-0.918),(-15.,-15.,-0.918),(-14.,-15.,-0.917),(-13.,-15.,-0.914),(-12.,-15.,-0.91),(-11.,-15.,-0.905),(-10.,-15.,-0.899),(-9.,-15.,-0.894),(-8.,-15.,-0.889),(-7.,-15.,-0.885),(-6.,-15.,-0.882),(-5.,-15.,-0.882),(-4.,-15.,-0.883),(-3.,-15.,-0.885),(-2.,-15.,-0.889),(-1.,-15.,-0.894),(0.,-15.,-0.9),(1.,-15.,-0.906),(2.,-15.,-0.911),(3.,-15.,-0.915),(4.,-15.,-0.917),(5.,-15.,-0.918),(6.,-15.,-0.918),(7.,-15.,-0.915),(8.,-15.,-0.911),(9.,-15.,-0.906),(10.,-15.,-0.901),(11.,-15.,-0.895),(12.,-15.,-0.89),(13.,-15.,-0.886),(14.,-15.,-0.883),(15.,-15.,-0.882),(16.,-15.,-0.882),(17.,-15.,-0.884),(18.,-15.,-0.888),(19.,-15.,-0.893),(20.,-15.,-0.898),(21.,-15.,-0.904),(22.,-15.,-0.909),(23.,-15.,-0.914),(24.,-15.,-0.917),(25.,-15.,-0.918),(26.,-15.,-0.918),(27.,-15.,-0.916),(28.,-15.,-0.913),(29.,-15.,-0.908),(30.,-15.,-0.902),(31.,-15.,-0.897),(32.,-15.,-0.891),(-20.,-14.,-0.814),(-19.,-14.,-0.821),(-18.,-14.,-0.827),(-17.,-14.,-0.832),(-16.,-14.,-0.835),(-15.,-14.,-0.836),(-14.,-14.,-0.834),(-13.,-14.,-0.83),(-12.,-14.,-0.825),(-11.,-14.,-0.818),(-10.,-14.,-0.811),(-9.,-14.,-0.803),(-8.,-14.,-0.797),(-7.,-14.,-0.88),(-6.,-14.,-0.877),(-5.,-14.,-0.876),(-4.,-14.,-0.877),(-3.,-14.,-0.881),(-2.,-14.,-0.886),(-1.,-14.,-0.893),(0.,-14.,-0.9),(1.,-14.,-0.907),(2.,-14.,-0.914),(3.,-14.,-0.919),(4.,-14.,-0.923),(5.,-14.,-0.924),(6.,-14.,-0.923),(7.,-14.,-0.92),(8.,-14.,-0.915),(9.,-14.,-0.908),(10.,-14.,-0.901),(11.,-14.,-0.894),(12.,-14.,-0.887),(13.,-14.,-0.881),(14.,-14.,-0.878),(15.,-14.,-0.876),(16.,-14.,-0.877),(17.,-14.,-0.88),(18.,-14.,-0.884),(19.,-14.,-0.891),(20.,-14.,-0.898),(21.,-14.,-0.905),(22.,-14.,-0.912),(23.,-14.,-0.918),(24.,-14.,-0.922),(25.,-14.,-0.924),(26.,-14.,-0.924),(27.,-14.,-0.921),(28.,-14.,-0.916),(29.,-14.,-0.91),(30.,-14.,-0.903),(31.,-14.,-0.896),(32.,-14.,-0.889),(-20.,-13.,-0.352),(-19.,-13.,-0.36),(-18.,-13.,-0.367),(-17.,-13.,-0.373),(-16.,-13.,-0.376),(-15.,-13.,-0.377),(-14.,-13.,-0.375),(-13.,-13.,-0.371),(-12.,-13.,-0.365),(-11.,-13.,-0.357),(-10.,-13.,-0.348),(-9.,-13.,-0.34),(-8.,-13.,-0.332),(-7.,-13.,-0.853),(-6.,-13.,-0.873),(-5.,-13.,-0.872),(-4.,-13.,-0.874),(-3.,-13.,-0.878),(-2.,-13.,-0.884),(-1.,-13.,-0.891),(0.,-13.,-0.9),(1.,-13.,-0.909),(2.,-13.,-0.916),(3.,-13.,-0.922),(4.,-13.,-0.926),(5.,-13.,-0.928),(6.,-13.,-0.927),(7.,-13.,-0.923),(8.,-13.,-0.917),(9.,-13.,-0.91),(10.,-13.,-0.901),(11.,-13.,-0.893),(12.,-13.,-0.885),(13.,-13.,-0.878),(14.,-13.,-0.874),(15.,-13.,-0.872),(16.,-13.,-0.873),(17.,-13.,-0.876),(18.,-13.,-0.882),(19.,-13.,-0.889),(20.,-13.,-0.898),(21.,-13.,-0.906),(22.,-13.,-0.914),(23.,-13.,-0.921),(24.,-13.,-0.926),(25.,-13.,-0.928),(26.,-13.,-0.927),(27.,-13.,-0.924),(28.,-13.,-0.919),(29.,-13.,-0.912),(30.,-13.,-0.903),(31.,-13.,-0.895),(32.,-13.,-0.887),(-20.,-12.,-0.052),(-19.,-12.,-0.061),(-18.,-12.,-0.069),(-17.,-12.,-0.075),(-16.,-12.,-0.079),(-15.,-12.,-0.08),(-14.,-12.,-0.078),(-13.,-12.,-0.073),(-12.,-12.,-0.066),(-11.,-12.,-0.058),(-10.,-12.,-0.049),(-9.,-12.,-0.04),(-8.,-12.,-0.032),(-7.,-12.,-0.45),(-6.,-12.,-0.871),(-5.,-12.,-0.87),(-4.,-12.,-0.872),(-3.,-12.,-0.876),(-2.,-12.,-0.883),(-1.,-12.,-0.891),(0.,-12.,-0.9),(1.,-12.,-0.909),(2.,-12.,-0.917),(3.,-12.,-0.924),(4.,-12.,-0.928),(5.,-12.,-0.93),(6.,-12.,-0.929),(7.,-12.,-0.925),(8.,-12.,-0.918),(9.,-12.,-0.91),(10.,-12.,-0.901),(11.,-12.,-0.892),(12.,-12.,-0.884),(13.,-12.,-0.877),(14.,-12.,-0.872),(15.,-12.,-0.87),(16.,-12.,-0.871),(17.,-12.,-0.875),(18.,-12.,-0.881),(19.,-12.,-0.889),(20.,-12.,-0.898),(21.,-12.,-0.907),(22.,-12.,-0.915),(23.,-12.,-0.922),(24.,-12.,-0.927),(25.,-12.,-0.93),(26.,-12.,-0.929),(27.,-12.,-0.926),(28.,-12.,-0.92),(29.,-12.,-0.913),(30.,-12.,-0.904),(31.,-12.,-0.895),(32.,-12.,-0.886),(-20.,-11.,-0.052),(-19.,-11.,-0.061),(-18.,-11.,-0.069),(-17.,-11.,-0.075),(-16.,-11.,-0.079),(-15.,-11.,-0.08),(-14.,-11.,-0.078),(-13.,-11.,-0.073),(-12.,-11.,-0.066),(-11.,-11.,-0.058),(-10.,-11.,-0.049),(-9.,-11.,-0.04),(-8.,-11.,-0.032),(-7.,-11.,-0.049),(-6.,-11.,-0.572),(-5.,-11.,-0.87),(-4.,-11.,-0.872),(-3.,-11.,-0.876),(-2.,-11.,-0.883),(-1.,-11.,-0.891),(0.,-11.,-0.9),(1.,-11.,-0.909),(2.,-11.,-0.917),(3.,-11.,-0.924),(4.,-11.,-0.928),(5.,-11.,-0.93),(6.,-11.,-0.928),(7.,-11.,-0.924),(8.,-11.,-0.918),(9.,-11.,-0.91),(10.,-11.,-0.901),(11.,-11.,-0.892),(12.,-11.,-0.884),(13.,-11.,-0.877),(14.,-11.,-0.872),(15.,-11.,-0.87),(16.,-11.,-0.871),(17.,-11.,-0.875),(18.,-11.,-0.881),(19.,-11.,-0.889),(20.,-11.,-0.898),(21.,-11.,-0.907),(22.,-11.,-0.915),(23.,-11.,-0.922),(24.,-11.,-0.927),(25.,-11.,-0.929),(26.,-11.,-0.929),(27.,-11.,-0.926),(28.,-11.,-0.92),(29.,-11.,-0.912),(30.,-11.,-0.904),(31.,-11.,-0.895),(32.,-11.,-0.886),(-20.,-10.,-0.052),(-19.,-10.,-0.06),(-18.,-10.,-0.068),(-17.,-10.,-0.073),(-16.,-10.,-0.076),(-15.,-10.,-0.077),(-14.,-10.,-0.075),(-13.,-10.,-0.071),(-12.,-10.,-0.065),(-11.,-10.,-0.057),(-10.,-10.,-0.049),(-9.,-10.,-0.041),(-8.,-10.,-0.033),(-7.,-10.,-0.028),(-6.,-10.,-0.112),(-5.,-10.,-0.689),(-4.,-10.,-0.874),(-3.,-10.,-0.878),(-2.,-10.,-0.884),(-1.,-10.,-0.892),(0.,-10.,-0.9),(1.,-10.,-0.908),(2.,-10.,-0.916),(3.,-10.,-0.922),(4.,-10.,-0.926),(5.,-10.,-0.927),(6.,-10.,-0.926),(7.,-10.,-0.922),(8.,-10.,-0.917),(9.,-10.,-0.909),(10.,-10.,-0.901),(11.,-10.,-0.893),(12.,-10.,-0.885),(13.,-10.,-0.879),(14.,-10.,-0.875),(15.,-10.,-0.873),(16.,-10.,-0.874),(17.,-10.,-0.877),(18.,-10.,-0.882),(19.,-10.,-0.89),(20.,-10.,-0.898),(21.,-10.,-0.906),(22.,-10.,-0.914),(23.,-10.,-0.92),(24.,-10.,-0.925),(25.,-10.,-0.927),(26.,-10.,-0.927),(27.,-10.,-0.924),(28.,-10.,-0.918),(29.,-10.,-0.911),(30.,-10.,-0.903),(31.,-10.,-0.895),(32.,-10.,-0.887),(-20.,-9.,-0.052),(-19.,-9.,-0.059),(-18.,-9.,-0.065),(-17.,-9.,-0.069),(-16.,-9.,-0.072),(-15.,-9.,-0.073),(-14.,-9.,-0.071),(-13.,-9.,-0.068),(-12.,-9.,-0.062),(-11.,-9.,-0.056),(-10.,-9.,-0.049),(-9.,-9.,-0.042),(-8.,-9.,-0.036),(-7.,-9.,-0.031),(-6.,-9.,-0.028),(-5.,-9.,-0.211),(-4.,-9.,-0.79),(-3.,-9.,-0.793),(-2.,-9.,-0.798),(-1.,-9.,-0.805),(0.,-9.,-0.812),(1.,-9.,-0.819),(2.,-9.,-0.825),(3.,-9.,-0.83),(4.,-9.,-0.833),(5.,-9.,-0.834),(6.,-9.,-0.833),(7.,-9.,-0.83),(8.,-9.,-0.826),(9.,-9.,-0.819),(10.,-9.,-0.813),(11.,-9.,-0.806),(12.,-9.,-0.799),(13.,-9.,-0.794),(14.,-9.,-0.79),(15.,-9.,-0.789),(16.,-9.,-0.79),(17.,-9.,-0.792),(18.,-9.,-0.797),(19.,-9.,-0.803),(20.,-9.,-0.81),(21.,-9.,-0.817),(22.,-9.,-0.823),(23.,-9.,-0.829),(24.,-9.,-0.832),(25.,-9.,-0.923),(26.,-9.,-0.922),(27.,-9.,-0.92),(28.,-9.,-0.915),(29.,-9.,-0.91),(30.,-9.,-0.903),(31.,-9.,-0.896),(32.,-9.,-0.889),(-20.,-8.,-0.051),(-19.,-8.,-0.056),(-18.,-8.,-0.061),(-17.,-8.,-0.064),(-16.,-8.,-0.066),(-15.,-8.,-0.067),(-14.,-8.,-0.066),(-13.,-8.,-0.063),(-12.,-8.,-0.059),(-11.,-8.,-0.054),(-10.,-8.,-0.049),(-9.,-8.,-0.044),(-8.,-8.,-0.04),(-7.,-8.,-0.036),(-6.,-8.,-0.034),(-5.,-8.,-0.033),(-4.,-8.,-0.333),(-3.,-8.,-0.336),(-2.,-8.,-0.34),(-1.,-8.,-0.344),(0.,-8.,-0.349),(1.,-8.,-0.354),(2.,-8.,-0.359),(3.,-8.,-0.363),(4.,-8.,-0.365),(5.,-8.,-0.366),(6.,-8.,-0.365),(7.,-8.,-0.363),(8.,-8.,-0.359),(9.,-8.,-0.355),(10.,-8.,-0.35),(11.,-8.,-0.345),(12.,-8.,-0.34),(13.,-8.,-0.336),(14.,-8.,-0.334),(15.,-8.,-0.333),(16.,-8.,-0.333),(17.,-8.,-0.335),(18.,-8.,-0.338),(19.,-8.,-0.343),(20.,-8.,-0.348),(21.,-8.,-0.353),(22.,-8.,-0.358),(23.,-8.,-0.362),(24.,-8.,-0.827),(25.,-8.,-0.917),(26.,-8.,-0.916),(27.,-8.,-0.915),(28.,-8.,-0.911),(29.,-8.,-0.907),(30.,-8.,-0.902),(31.,-8.,-0.897),(32.,-8.,-0.892),(-20.,-7.,-0.051),(-19.,-7.,-0.054),(-18.,-7.,-0.056),(-17.,-7.,-0.058),(-16.,-7.,-0.059),(-15.,-7.,-0.059),(-14.,-7.,-0.059),(-13.,-7.,-0.057),(-12.,-7.,-0.055),(-11.,-7.,-0.052),(-10.,-7.,-0.05),(-9.,-7.,-0.047),(-8.,-7.,-0.044),(-7.,-7.,-0.042),(-6.,-7.,-0.041),(-5.,-7.,-0.041),(-4.,-7.,-0.041),(-3.,-7.,-0.042),(-2.,-7.,-0.045),(-1.,-7.,-0.047),(0.,-7.,-0.05),(1.,-7.,-0.053),(2.,-7.,-0.055),(3.,-7.,-0.058),(4.,-7.,-0.059),(5.,-7.,-0.059),(6.,-7.,-0.059),(7.,-7.,-0.058),(8.,-7.,-0.056),(9.,-7.,-0.053),(10.,-7.,-0.05),(11.,-7.,-0.048),(12.,-7.,-0.045),(13.,-7.,-0.043),(14.,-7.,-0.041),(15.,-7.,-0.041),(16.,-7.,-0.041),(17.,-7.,-0.042),(18.,-7.,-0.044),(19.,-7.,-0.046),(20.,-7.,-0.049),(21.,-7.,-0.052),(22.,-7.,-0.055),(23.,-7.,-0.356),(24.,-7.,-0.82),(25.,-7.,-0.909),(26.,-7.,-0.909),(27.,-7.,-0.908),(28.,-7.,-0.906),(29.,-7.,-0.904),(30.,-7.,-0.901),(31.,-7.,-0.898),(32.,-7.,-0.896),(-20.,-6.,-0.05),(-19.,-6.,-0.051),(-18.,-6.,-0.051),(-17.,-6.,-0.051),(-16.,-6.,-0.051),(-15.,-6.,-0.051),(-14.,-6.,-0.051),(-13.,-6.,-0.051),(-12.,-6.,-0.051),(-11.,-6.,-0.05),(-10.,-6.,-0.05),(-9.,-6.,-0.049),(-8.,-6.,-0.049),(-7.,-6.,-0.049),(-6.,-6.,-0.049),(-5.,-6.,-0.049),(-4.,-6.,-0.049),(-3.,-6.,-0.049),(-2.,-6.,-0.049),(-1.,-6.,-0.05),(0.,-6.,-0.05),(1.,-6.,-0.05),(2.,-6.,-0.051),(3.,-6.,-0.051),(4.,-6.,-0.051),(5.,-6.,-0.051),(6.,-6.,-0.051),(7.,-6.,-0.051),(8.,-6.,-0.051),(9.,-6.,-0.051),(10.,-6.,-0.05),(11.,-6.,-0.05),(12.,-6.,-0.049),(13.,-6.,-0.049),(14.,-6.,-0.049),(15.,-6.,-0.049),(16.,-6.,-0.049),(17.,-6.,-0.049),(18.,-6.,-0.049),(19.,-6.,-0.049),(20.,-6.,-0.05),(21.,-6.,-0.05),(22.,-6.,-0.051),(23.,-6.,-0.35),(24.,-6.,-0.813),(25.,-6.,-0.901),(26.,-6.,-0.901),(27.,-6.,-0.901),(28.,-6.,-0.901),(29.,-6.,-0.901),(30.,-6.,-0.9),(31.,-6.,-0.9),(32.,-6.,-0.899),(-20.,-5.,-0.049),(-19.,-5.,-0.047),(-18.,-5.,-0.046),(-17.,-5.,-0.044),(-16.,-5.,-0.044),(-15.,-5.,-0.043),(-14.,-5.,-0.044),(-13.,-5.,-0.045),(-12.,-5.,-0.046),(-11.,-5.,-0.048),(-10.,-5.,-0.05),(-9.,-5.,-0.052),(-8.,-5.,-0.054),(-7.,-5.,-0.055),(-6.,-5.,-0.056),(-5.,-5.,-0.057),(-4.,-5.,-0.056),(-3.,-5.,-0.055),(-2.,-5.,-0.054),(-1.,-5.,-0.052),(0.,-5.,-0.05),(1.,-5.,-0.048),(2.,-5.,-0.046),(3.,-5.,-0.045),(4.,-5.,-0.044),(5.,-5.,-0.043),(6.,-5.,-0.044),(7.,-5.,-0.045),(8.,-5.,-0.046),(9.,-5.,-0.048),(10.,-5.,-0.05),(11.,-5.,-0.052),(12.,-5.,-0.054),(13.,-5.,-0.055),(14.,-5.,-0.056),(15.,-5.,-0.057),(16.,-5.,-0.056),(17.,-5.,-0.056),(18.,-5.,-0.054),(19.,-5.,-0.053),(20.,-5.,-0.051),(21.,-5.,-0.049),(22.,-5.,-0.047),(23.,-5.,-0.344),(24.,-5.,-0.806),(25.,-5.,-0.893),(26.,-5.,-0.894),(27.,-5.,-0.894),(28.,-5.,-0.896),(29.,-5.,-0.897),(30.,-5.,-0.899),(31.,-5.,-0.901),(32.,-5.,-0.903),(-20.,-4.,-0.049),(-19.,-4.,-0.045),(-18.,-4.,-0.041),(-17.,-4.,-0.038),(-16.,-4.,-0.036),(-15.,-4.,-0.036),(-14.,-4.,-0.037),(-13.,-4.,-0.039),(-12.,-4.,-0.042),(-11.,-4.,-0.046),(-10.,-4.,-0.051),(-9.,-4.,-0.055),(-8.,-4.,-0.059),(-7.,-4.,-0.062),(-6.,-4.,-0.064),(-5.,-4.,-0.064),(-4.,-4.,-0.063),(-3.,-4.,-0.061),(-2.,-4.,-0.058),(-1.,-4.,-0.054),(0.,-4.,-0.05),(1.,-4.,-0.046),(2.,-4.,-0.042),(3.,-4.,-0.039),(4.,-4.,-0.037),(5.,-4.,-0.036),(6.,-4.,-0.036),(7.,-4.,-0.038),(8.,-4.,-0.041),(9.,-4.,-0.045),(10.,-4.,-0.049),(11.,-4.,-0.054),(12.,-4.,-0.058),(13.,-4.,-0.061),(14.,-4.,-0.063),(15.,-4.,-0.064),(16.,-4.,-0.064),(17.,-4.,-0.062),(18.,-4.,-0.059),(19.,-4.,-0.055),(20.,-4.,-0.051),(21.,-4.,-0.047),(22.,-4.,-0.043),(23.,-4.,-0.339),(24.,-4.,-0.799),(25.,-4.,-0.886),(26.,-4.,-0.886),(27.,-4.,-0.888),(28.,-4.,-0.89),(29.,-4.,-0.894),(30.,-4.,-0.898),(31.,-4.,-0.903),(32.,-4.,-0.907),(-20.,-3.,-0.048),(-19.,-3.,-0.042),(-18.,-3.,-0.037),(-17.,-3.,-0.032),(-16.,-3.,-0.03),(-15.,-3.,-0.029),(-14.,-3.,-0.031),(-13.,-3.,-0.034),(-12.,-3.,-0.039),(-11.,-3.,-0.045),(-10.,-3.,-0.051),(-9.,-3.,-0.057),(-8.,-3.,-0.063),(-7.,-3.,-0.067),(-6.,-3.,-0.07),(-5.,-3.,-0.071),(-4.,-3.,-0.07),(-3.,-3.,-0.067),(-2.,-3.,-0.062),(-1.,-3.,-0.056),(0.,-3.,-0.05),(1.,-3.,-0.044),(2.,-3.,-0.038),(3.,-3.,-0.033),(4.,-3.,-0.03),(5.,-3.,-0.029),(6.,-3.,-0.03),(7.,-3.,-0.033),(8.,-3.,-0.037),(9.,-3.,-0.043),(10.,-3.,-0.049),(11.,-3.,-0.055),(12.,-3.,-0.061),(13.,-3.,-0.066),(14.,-3.,-0.069),(15.,-3.,-0.071),(16.,-3.,-0.07),(17.,-3.,-0.068),(18.,-3.,-0.063),(19.,-3.,-0.058),(20.,-3.,-0.052),(21.,-3.,-0.045),(22.,-3.,-0.039),(23.,-3.,-0.334),(24.,-3.,-0.793),(25.,-3.,-0.879),(26.,-3.,-0.88),(27.,-3.,-0.882),(28.,-3.,-0.886),(29.,-3.,-0.891),(30.,-3.,-0.897),(31.,-3.,-0.904),(32.,-3.,-0.91),(-20.,-2.,-0.048),(-19.,-2.,-0.04),(-18.,-2.,-0.033),(-17.,-2.,-0.028),(-16.,-2.,-0.025),(-15.,-2.,-0.024),(-14.,-2.,-0.026),(-13.,-2.,-0.03),(-12.,-2.,-0.036),(-11.,-2.,-0.043),(-10.,-2.,-0.051),(-9.,-2.,-0.059),(-8.,-2.,-0.066),(-7.,-2.,-0.071),(-6.,-2.,-0.075),(-5.,-2.,-0.076),(-4.,-2.,-0.074),(-3.,-2.,-0.071),(-2.,-2.,-0.065),(-1.,-2.,-0.058),(0.,-2.,-0.05),(1.,-2.,-0.042),(2.,-2.,-0.035),(3.,-2.,-0.029),(4.,-2.,-0.026),(5.,-2.,-0.024),(6.,-2.,-0.025),(7.,-2.,-0.029),(8.,-2.,-0.034),(9.,-2.,-0.041),(10.,-2.,-0.049),(11.,-2.,-0.057),(12.,-2.,-0.064),(13.,-2.,-0.07),(14.,-2.,-0.074),(15.,-2.,-0.076),(16.,-2.,-0.075),(17.,-2.,-0.072),(18.,-2.,-0.067),(19.,-2.,-0.06),(20.,-2.,-0.052),(21.,-2.,-0.044),(22.,-2.,-0.037),(23.,-2.,-0.33),(24.,-2.,-0.788),(25.,-2.,-0.874),(26.,-2.,-0.875),(27.,-2.,-0.878),(28.,-2.,-0.883),(29.,-2.,-0.889),(30.,-2.,-0.897),(31.,-2.,-0.905),(32.,-2.,-0.912),(-20.,-1.,-0.048),(-19.,-1.,-0.039),(-18.,-1.,-0.031),(-17.,-1.,-0.025),(-16.,-1.,-0.022),(-15.,-1.,-0.021),(-14.,-1.,-0.023),(-13.,-1.,-0.028),(-12.,-1.,-0.034),(-11.,-1.,-0.042),(-10.,-1.,-0.051),(-9.,-1.,-0.06),(-8.,-1.,-0.068),(-7.,-1.,-0.074),(-6.,-1.,-0.078),(-5.,-1.,-0.079),(-4.,-1.,-0.077),(-3.,-1.,-0.073),(-2.,-1.,-0.067),(-1.,-1.,-0.059),(0.,-1.,-0.05),(1.,-1.,-0.041),(2.,-1.,-0.033),(3.,-1.,-0.027),(4.,-1.,-0.023),(5.,-1.,-0.021),(6.,-1.,-0.022),(7.,-1.,-0.026),(8.,-1.,-0.032),(9.,-1.,-0.04),(10.,-1.,-0.049),(11.,-1.,-0.058),(12.,-1.,-0.066),(13.,-1.,-0.072),(14.,-1.,-0.077),(15.,-1.,-0.079),(16.,-1.,-0.078),(17.,-1.,-0.075),(18.,-1.,-0.069),(19.,-1.,-0.061),(20.,-1.,-0.052),(21.,-1.,-0.043),(22.,-1.,-0.035),(23.,-1.,-0.328),(24.,-1.,-0.785),(25.,-1.,-0.871),(26.,-1.,-0.872),(27.,-1.,-0.875),(28.,-1.,-0.88),(29.,-1.,-0.888),(30.,-1.,-0.896),(31.,-1.,-0.905),(32.,-1.,-0.914),(-20.,0.,-0.048),(-19.,0.,-0.039),(-18.,0.,-0.031),(-17.,0.,-0.025),(-16.,0.,-0.021),(-15.,0.,-0.02),(-14.,0.,-0.022),(-13.,0.,-0.027),(-12.,0.,-0.034),(-11.,0.,-0.042),(-10.,0.,-0.051),(-9.,0.,-0.06),(-8.,0.,-0.068),(-7.,0.,-0.075),(-6.,0.,-0.079),(-5.,0.,-0.08),(-4.,0.,-0.078),(-3.,0.,-0.074),(-2.,0.,-0.067),(-1.,0.,-0.059),(0.,0.,-0.05),(1.,0.,-0.041),(2.,0.,-0.033),(3.,0.,-0.026),(4.,0.,-0.022),(5.,0.,-0.02),(6.,0.,-0.021),(7.,0.,-0.025),(8.,0.,-0.032),(9.,0.,-0.04),(10.,0.,-0.049),(11.,0.,-0.058),(12.,0.,-0.066),(13.,0.,-0.073),(14.,0.,-0.078),(15.,0.,-0.08),(16.,0.,-0.079),(17.,0.,-0.075),(18.,0.,-0.069),(19.,0.,-0.061),(20.,0.,-0.052),(21.,0.,-0.043),(22.,0.,-0.035),(23.,0.,-0.327),(24.,0.,-0.784),(25.,0.,-0.87),(26.,0.,-0.871),(27.,0.,-0.874),(28.,0.,-0.88),(29.,0.,-0.887),(30.,0.,-0.896),(31.,0.,-0.906),(32.,0.,-0.914),(-20.,1.,-0.048),(-19.,1.,-0.039),(-18.,1.,-0.031),(-17.,1.,-0.025),(-16.,1.,-0.022),(-15.,1.,-0.021),(-14.,1.,-0.023),(-13.,1.,-0.028),(-12.,1.,-0.034),(-11.,1.,-0.042),(-10.,1.,-0.051),(-9.,1.,-0.06),(-8.,1.,-0.068),(-7.,1.,-0.074),(-6.,1.,-0.078),(-5.,1.,-0.079),(-4.,1.,-0.077),(-3.,1.,-0.073),(-2.,1.,-0.067),(-1.,1.,-0.059),(0.,1.,-0.05),(1.,1.,-0.041),(2.,1.,-0.033),(3.,1.,-0.027),(4.,1.,-0.023),(5.,1.,-0.021),(6.,1.,-0.022),(7.,1.,-0.026),(8.,1.,-0.032),(9.,1.,-0.04),(10.,1.,-0.049),(11.,1.,-0.058),(12.,1.,-0.066),(13.,1.,-0.072),(14.,1.,-0.077),(15.,1.,-0.079),(16.,1.,-0.078),(17.,1.,-0.075),(18.,1.,-0.069),(19.,1.,-0.061),(20.,1.,-0.052),(21.,1.,-0.043),(22.,1.,-0.035),(23.,1.,-0.328),(24.,1.,-0.785),(25.,1.,-0.871),(26.,1.,-0.872),(27.,1.,-0.875),(28.,1.,-0.88),(29.,1.,-0.888),(30.,1.,-0.896),(31.,1.,-0.905),(32.,1.,-0.914),(-20.,2.,-0.048),(-19.,2.,-0.04),(-18.,2.,-0.033),(-17.,2.,-0.028),(-16.,2.,-0.025),(-15.,2.,-0.024),(-14.,2.,-0.026),(-13.,2.,-0.03),(-12.,2.,-0.036),(-11.,2.,-0.043),(-10.,2.,-0.051),(-9.,2.,-0.059),(-8.,2.,-0.066),(-7.,2.,-0.071),(-6.,2.,-0.075),(-5.,2.,-0.076),(-4.,2.,-0.074),(-3.,2.,-0.071),(-2.,2.,-0.065),(-1.,2.,-0.058),(0.,2.,-0.05),(1.,2.,-0.042),(2.,2.,-0.035),(3.,2.,-0.029),(4.,2.,-0.026),(5.,2.,-0.024),(6.,2.,-0.025),(7.,2.,-0.029),(8.,2.,-0.034),(9.,2.,-0.041),(10.,2.,-0.049),(11.,2.,-0.057),(12.,2.,-0.064),(13.,2.,-0.07),(14.,2.,-0.074),(15.,2.,-0.076),(16.,2.,-0.075),(17.,2.,-0.072),(18.,2.,-0.067),(19.,2.,-0.06),(20.,2.,-0.052),(21.,2.,-0.044),(22.,2.,-0.037),(23.,2.,-0.33),(24.,2.,-0.788),(25.,2.,-0.874),(26.,2.,-0.875),(27.,2.,-0.878),(28.,2.,-0.883),(29.,2.,-0.889),(30.,2.,-0.897),(31.,2.,-0.905),(32.,2.,-0.912),(-20.,3.,-0.048),(-19.,3.,-0.042),(-18.,3.,-0.037),(-17.,3.,-0.032),(-16.,3.,-0.03),(-15.,3.,-0.029),(-14.,3.,-0.031),(-13.,3.,-0.034),(-12.,3.,-0.039),(-11.,3.,-0.045),(-10.,3.,-0.051),(-9.,3.,-0.057),(-8.,3.,-0.063),(-7.,3.,-0.067),(-6.,3.,-0.07),(-5.,3.,-0.071),(-4.,3.,-0.07),(-3.,3.,-0.067),(-2.,3.,-0.062),(-1.,3.,-0.056),(0.,3.,-0.05),(1.,3.,-0.044),(2.,3.,-0.038),(3.,3.,-0.033),(4.,3.,-0.03),(5.,3.,-0.029),(6.,3.,-0.03),(7.,3.,-0.033),(8.,3.,-0.037),(9.,3.,-0.043),(10.,3.,-0.049),(11.,3.,-0.055),(12.,3.,-0.061),(13.,3.,-0.066),(14.,3.,-0.069),(15.,3.,-0.071),(16.,3.,-0.07),(17.,3.,-0.068),(18.,3.,-0.063),(19.,3.,-0.058),(20.,3.,-0.052),(21.,3.,-0.045),(22.,3.,-0.039),(23.,3.,-0.334),(24.,3.,-0.793),(25.,3.,-0.879),(26.,3.,-0.88),(27.,3.,-0.882),(28.,3.,-0.886),(29.,3.,-0.891),(30.,3.,-0.897),(31.,3.,-0.904),(32.,3.,-0.91),(-20.,4.,-0.049),(-19.,4.,-0.045),(-18.,4.,-0.041),(-17.,4.,-0.038),(-16.,4.,-0.036),(-15.,4.,-0.036),(-14.,4.,-0.037),(-13.,4.,-0.039),(-12.,4.,-0.042),(-11.,4.,-0.046),(-10.,4.,-0.051),(-9.,4.,-0.055),(-8.,4.,-0.059),(-7.,4.,-0.062),(-6.,4.,-0.064),(-5.,4.,-0.064),(-4.,4.,-0.063),(-3.,4.,-0.061),(-2.,4.,-0.058),(-1.,4.,-0.054),(0.,4.,-0.05),(1.,4.,-0.046),(2.,4.,-0.042),(3.,4.,-0.039),(4.,4.,-0.037),(5.,4.,-0.036),(6.,4.,-0.036),(7.,4.,-0.038),(8.,4.,-0.041),(9.,4.,-0.045),(10.,4.,-0.049),(11.,4.,-0.054),(12.,4.,-0.058),(13.,4.,-0.061),(14.,4.,-0.063),(15.,4.,-0.064),(16.,4.,-0.064),(17.,4.,-0.062),(18.,4.,-0.059),(19.,4.,-0.055),(20.,4.,-0.051),(21.,4.,-0.047),(22.,4.,-0.043),(23.,4.,-0.339),(24.,4.,-0.799),(25.,4.,-0.886),(26.,4.,-0.886),(27.,4.,-0.888),(28.,4.,-0.89),(29.,4.,-0.894),(30.,4.,-0.898),(31.,4.,-0.903),(32.,4.,-0.907),(-20.,5.,-0.049),(-19.,5.,-0.047),(-18.,5.,-0.046),(-17.,5.,-0.044),(-16.,5.,-0.044),(-15.,5.,-0.043),(-14.,5.,-0.044),(-13.,5.,-0.045),(-12.,5.,-0.046),(-11.,5.,-0.048),(-10.,5.,-0.05),(-9.,5.,-0.052),(-8.,5.,-0.054),(-7.,5.,-0.055),(-6.,5.,-0.056),(-5.,5.,-0.057),(-4.,5.,-0.056),(-3.,5.,-0.055),(-2.,5.,-0.054),(-1.,5.,-0.052),(0.,5.,-0.05),(1.,5.,-0.048),(2.,5.,-0.046),(3.,5.,-0.045),(4.,5.,-0.044),(5.,5.,-0.043),(6.,5.,-0.044),(7.,5.,-0.045),(8.,5.,-0.046),(9.,5.,-0.048),(10.,5.,-0.05),(11.,5.,-0.052),(12.,5.,-0.054),(13.,5.,-0.055),(14.,5.,-0.056),(15.,5.,-0.057),(16.,5.,-0.056),(17.,5.,-0.056),(18.,5.,-0.054),(19.,5.,-0.053),(20.,5.,-0.051),(21.,5.,-0.049),(22.,5.,-0.047),(23.,5.,-0.344),(24.,5.,-0.806),(25.,5.,-0.893),(26.,5.,-0.894),(27.,5.,-0.894),(28.,5.,-0.896),(29.,5.,-0.897),(30.,5.,-0.899),(31.,5.,-0.901),(32.,5.,-0.903),(-20.,6.,-0.05),(-19.,6.,-0.051),(-18.,6.,-0.051),(-17.,6.,-0.051),(-16.,6.,-0.051),(-15.,6.,-0.051),(-14.,6.,-0.051),(-13.,6.,-0.051),(-12.,6.,-0.051),(-11.,6.,-0.05),(-10.,6.,-0.05),(-9.,6.,-0.049),(-8.,6.,-0.049),(-7.,6.,-0.049),(-6.,6.,-0.049),(-5.,6.,-0.049),(-4.,6.,-0.049),(-3.,6.,-0.049),(-2.,6.,-0.049),(-1.,6.,-0.05),(0.,6.,-0.05),(1.,6.,-0.05),(2.,6.,-0.051),(3.,6.,-0.051),(4.,6.,-0.051),(5.,6.,-0.051),(6.,6.,-0.051),(7.,6.,-0.051),(8.,6.,-0.051),(9.,6.,-0.051),(10.,6.,-0.05),(11.,6.,-0.05),(12.,6.,-0.049),(13.,6.,-0.049),(14.,6.,-0.049),(15.,6.,-0.049),(16.,6.,-0.049),(17.,6.,-0.049),(18.,6.,-0.049),(19.,6.,-0.049),(20.,6.,-0.05),(21.,6.,-0.05),(22.,6.,-0.051),(23.,6.,-0.35),(24.,6.,-0.813),(25.,6.,-0.901),(26.,6.,-0.901),(27.,6.,-0.901),(28.,6.,-0.901),(29.,6.,-0.901),(30.,6.,-0.9),(31.,6.,-0.9),(32.,6.,-0.899),(-20.,7.,-0.051),(-19.,7.,-0.054),(-18.,7.,-0.056),(-17.,7.,-0.058),(-16.,7.,-0.059),(-15.,7.,-0.059),(-14.,7.,-0.059),(-13.,7.,-0.057),(-12.,7.,-0.055),(-11.,7.,-0.052),(-10.,7.,-0.05),(-9.,7.,-0.047),(-8.,7.,-0.044),(-7.,7.,-0.042),(-6.,7.,-0.041),(-5.,7.,-0.041),(-4.,7.,-0.041),(-3.,7.,-0.042),(-2.,7.,-0.045),(-1.,7.,-0.047),(0.,7.,-0.05),(1.,7.,-0.053),(2.,7.,-0.055),(3.,7.,-0.058),(4.,7.,-0.059),(5.,7.,-0.059),(6.,7.,-0.059),(7.,7.,-0.058),(8.,7.,-0.056),(9.,7.,-0.053),(10.,7.,-0.05),(11.,7.,-0.048),(12.,7.,-0.045),(13.,7.,-0.043),(14.,7.,-0.041),(15.,7.,-0.041),(16.,7.,-0.041),(17.,7.,-0.042),(18.,7.,-0.044),(19.,7.,-0.046),(20.,7.,-0.049),(21.,7.,-0.052),(22.,7.,-0.055),(23.,7.,-0.325),(24.,7.,-0.741),(25.,7.,-0.821),(26.,7.,-0.821),(27.,7.,-0.82),(28.,7.,-0.818),(29.,7.,-0.816),(30.,7.,-0.813),(31.,7.,-0.81),(32.,7.,-0.807),(-20.,8.,-0.051),(-19.,8.,-0.056),(-18.,8.,-0.061),(-17.,8.,-0.064),(-16.,8.,-0.066),(-15.,8.,-0.067),(-14.,8.,-0.066),(-13.,8.,-0.063),(-12.,8.,-0.059),(-11.,8.,-0.054),(-10.,8.,-0.049),(-9.,8.,-0.044),(-8.,8.,-0.04),(-7.,8.,-0.036),(-6.,8.,-0.034),(-5.,8.,-0.033),(-4.,8.,-0.034),(-3.,8.,-0.037),(-2.,8.,-0.04),(-1.,8.,-0.045),(0.,8.,-0.05),(1.,8.,-0.055),(2.,8.,-0.06),(3.,8.,-0.063),(4.,8.,-0.066),(5.,8.,-0.067),(6.,8.,-0.066),(7.,8.,-0.064),(8.,8.,-0.06),(9.,8.,-0.056),(10.,8.,-0.051),(11.,8.,-0.046),(12.,8.,-0.041),(13.,8.,-0.037),(14.,8.,-0.034),(15.,8.,-0.033),(16.,8.,-0.034),(17.,8.,-0.036),(18.,8.,-0.039),(19.,8.,-0.044),(20.,8.,-0.049),(21.,8.,-0.054),(22.,8.,-0.059),(23.,8.,-0.256),(24.,8.,-0.559),(25.,8.,-0.617),(26.,8.,-0.617),(27.,8.,-0.615),(28.,8.,-0.612),(29.,8.,-0.608),(30.,8.,-0.603),(31.,8.,-0.598),(32.,8.,-0.593),(-20.,9.,-0.052),(-19.,9.,-0.059),(-18.,9.,-0.065),(-17.,9.,-0.069),(-16.,9.,-0.072),(-15.,9.,-0.073),(-14.,9.,-0.071),(-13.,9.,-0.068),(-12.,9.,-0.062),(-11.,9.,-0.056),(-10.,9.,-0.049),(-9.,9.,-0.042),(-8.,9.,-0.036),(-7.,9.,-0.031),(-6.,9.,-0.028),(-5.,9.,-0.027),(-4.,9.,-0.029),(-3.,9.,-0.032),(-2.,9.,-0.037),(-1.,9.,-0.043),(0.,9.,-0.05),(1.,9.,-0.057),(2.,9.,-0.063),(3.,9.,-0.068),(4.,9.,-0.071),(5.,9.,-0.073),(6.,9.,-0.072),(7.,9.,-0.069),(8.,9.,-0.064),(9.,9.,-0.058),(10.,9.,-0.051),(11.,9.,-0.044),(12.,9.,-0.038),(13.,9.,-0.032),(14.,9.,-0.029),(15.,9.,-0.027),(16.,9.,-0.028),(17.,9.,-0.031),(18.,9.,-0.035),(19.,9.,-0.041),(20.,9.,-0.048),(21.,9.,-0.055),(22.,9.,-0.062),(23.,9.,-0.172),(24.,9.,-0.339),(25.,9.,-0.372),(26.,9.,-0.371),(27.,9.,-0.369),(28.,9.,-0.365),(29.,9.,-0.359),(30.,9.,-0.352),(31.,9.,-0.345),(32.,9.,-0.338),(-20.,10.,-0.052),(-19.,10.,-0.06),(-18.,10.,-0.068),(-17.,10.,-0.073),(-16.,10.,-0.076),(-15.,10.,-0.077),(-14.,10.,-0.075),(-13.,10.,-0.071),(-12.,10.,-0.065),(-11.,10.,-0.057),(-10.,10.,-0.049),(-9.,10.,-0.041),(-8.,10.,-0.033),(-7.,10.,-0.028),(-6.,10.,-0.024),(-5.,10.,-0.023),(-4.,10.,-0.024),(-3.,10.,-0.028),(-2.,10.,-0.034),(-1.,10.,-0.042),(0.,10.,-0.05),(1.,10.,-0.058),(2.,10.,-0.066),(3.,10.,-0.072),(4.,10.,-0.076),(5.,10.,-0.077),(6.,10.,-0.076),(7.,10.,-0.072),(8.,10.,-0.067),(9.,10.,-0.059),(10.,10.,-0.051),(11.,10.,-0.043),(12.,10.,-0.035),(13.,10.,-0.029),(14.,10.,-0.025),(15.,10.,-0.023),(16.,10.,-0.024),(17.,10.,-0.027),(18.,10.,-0.032),(19.,10.,-0.04),(20.,10.,-0.048),(21.,10.,-0.056),(22.,10.,-0.064),(23.,10.,-0.101),(24.,10.,-0.154),(25.,10.,-0.165),(26.,10.,-0.165),(27.,10.,-0.162),(28.,10.,-0.157),(29.,10.,-0.15),(30.,10.,-0.142),(31.,10.,-0.133),(32.,10.,-0.126),(-20.,11.,-0.052),(-19.,11.,-0.061),(-18.,11.,-0.069),(-17.,11.,-0.075),(-16.,11.,-0.079),(-15.,11.,-0.08),(-14.,11.,-0.078),(-13.,11.,-0.073),(-12.,11.,-0.066),(-11.,11.,-0.058),(-10.,11.,-0.049),(-9.,11.,-0.04),(-8.,11.,-0.032),(-7.,11.,-0.026),(-6.,11.,-0.022),(-5.,11.,-0.02),(-4.,11.,-0.022),(-3.,11.,-0.026),(-2.,11.,-0.033),(-1.,11.,-0.041),(0.,11.,-0.05),(1.,11.,-0.059),(2.,11.,-0.067),(3.,11.,-0.074),(4.,11.,-0.078),(5.,11.,-0.08),(6.,11.,-0.078),(7.,11.,-0.074),(8.,11.,-0.068),(9.,11.,-0.06),(10.,11.,-0.051),(11.,11.,-0.042),(12.,11.,-0.034),(13.,11.,-0.027),(14.,11.,-0.022),(15.,11.,-0.02),(16.,11.,-0.021),(17.,11.,-0.025),(18.,11.,-0.031),(19.,11.,-0.039),(20.,11.,-0.048),(21.,11.,-0.057),(22.,11.,-0.065),(23.,11.,-0.072),(24.,11.,-0.077),(25.,11.,-0.079),(26.,11.,-0.079),(27.,11.,-0.076),(28.,11.,-0.07),(29.,11.,-0.062),(30.,11.,-0.054),(31.,11.,-0.045),(32.,11.,-0.036),(-20.,12.,-0.052),(-19.,12.,-0.061),(-18.,12.,-0.069),(-17.,12.,-0.075),(-16.,12.,-0.079),(-15.,12.,-0.08),(-14.,12.,-0.078),(-13.,12.,-0.073),(-12.,12.,-0.066),(-11.,12.,-0.058),(-10.,12.,-0.049),(-9.,12.,-0.04),(-8.,12.,-0.032),(-7.,12.,-0.025),(-6.,12.,-0.021),(-5.,12.,-0.02),(-4.,12.,-0.022),(-3.,12.,-0.026),(-2.,12.,-0.033),(-1.,12.,-0.041),(0.,12.,-0.05),(1.,12.,-0.059),(2.,12.,-0.067),(3.,12.,-0.074),(4.,12.,-0.078),(5.,12.,-0.08),(6.,12.,-0.079),(7.,12.,-0.075),(8.,12.,-0.068),(9.,12.,-0.06),(10.,12.,-0.051),(11.,12.,-0.042),(12.,12.,-0.034),(13.,12.,-0.027),(14.,12.,-0.022),(15.,12.,-0.02),(16.,12.,-0.021),(17.,12.,-0.025),(18.,12.,-0.031),(19.,12.,-0.039),(20.,12.,-0.048),(21.,12.,-0.057),(22.,12.,-0.065),(23.,12.,-0.072),(24.,12.,-0.077),(25.,12.,-0.08),(26.,12.,-0.079),(27.,12.,-0.076),(28.,12.,-0.07),(29.,12.,-0.063),(30.,12.,-0.054),(31.,12.,-0.045),(32.,12.,-0.036),(-20.,13.,-0.022),(-19.,13.,-0.031),(-18.,13.,-0.038),(-17.,13.,-0.044),(-16.,13.,-0.047),(-15.,13.,-0.048),(-14.,13.,-0.046),(-13.,13.,-0.042),(-12.,13.,-0.035),(-11.,13.,-0.027),(-10.,13.,-0.019),(-9.,13.,-0.01),(-8.,13.,-0.003),(-7.,13.,0.003),(-6.,13.,0.007),(-5.,13.,0.008),(-4.,13.,0.006),(-3.,13.,0.002),(-2.,13.,-0.004),(-1.,13.,-0.011),(0.,13.,-0.02),(1.,13.,-0.029),(2.,13.,-0.036),(3.,13.,-0.042),(4.,13.,-0.046),(5.,13.,-0.048),(6.,13.,-0.047),(7.,13.,-0.043),(8.,13.,-0.037),(9.,13.,-0.03),(10.,13.,-0.021),(11.,13.,-0.013),(12.,13.,-0.005),(13.,13.,0.002),(14.,13.,0.006),(15.,13.,0.008),(16.,13.,0.007),(17.,13.,0.004),(18.,13.,-0.002),(19.,13.,-0.009),(20.,13.,-0.018),(21.,13.,-0.026),(22.,13.,-0.034),(23.,13.,-0.041),(24.,13.,-0.046),(25.,13.,-0.048),(26.,13.,-0.047),(27.,13.,-0.044),(28.,13.,-0.039),(29.,13.,-0.032),(30.,13.,-0.023),(31.,13.,-0.015),(32.,13.,-0.007),(-20.,14.,0.008),(-19.,14.,0.001),(-18.,14.,-0.006),(-17.,14.,-0.01),(-16.,14.,-0.013),(-15.,14.,-0.014),(-14.,14.,-0.012),(-13.,14.,-0.009),(-12.,14.,-0.003),(-11.,14.,0.004),(-10.,14.,0.011),(-9.,14.,0.018),(-8.,14.,0.025),(-7.,14.,0.03),(-6.,14.,0.033),(-5.,14.,0.034),(-4.,14.,0.033),(-3.,14.,0.029),(-2.,14.,0.024),(-1.,14.,0.017),(0.,14.,0.01),(1.,14.,0.003),(2.,14.,-0.004),(3.,14.,-0.009),(4.,14.,-0.013),(5.,14.,-0.014),(6.,14.,-0.013),(7.,14.,-0.01),(8.,14.,-0.005),(9.,14.,0.002),(10.,14.,0.009),(11.,14.,0.016),(12.,14.,0.023),(13.,14.,0.029),(14.,14.,0.032),(15.,14.,0.034),(16.,14.,0.033),(17.,14.,0.03),(18.,14.,0.026),(19.,14.,0.019),(20.,14.,0.012),(21.,14.,0.005),(22.,14.,-0.002),(23.,14.,-0.008),(24.,14.,-0.012),(25.,14.,-0.014),(26.,14.,-0.014),(27.,14.,-0.011),(28.,14.,-0.006),(29.,14.,0.),(30.,14.,0.007),(31.,14.,0.014),(32.,14.,0.021),(-20.,15.,0.038),(-19.,15.,0.033),(-18.,15.,0.028),(-17.,15.,0.024),(-16.,15.,0.022),(-15.,15.,0.022),(-14.,15.,0.023),(-13.,15.,0.026),(-12.,15.,0.03),(-11.,15.,0.035),(-10.,15.,0.041),(-9.,15.,0.046),(-8.,15.,0.051),(-7.,15.,0.055),(-6.,15.,0.058),(-5.,15.,0.058),(-4.,15.,0.057),(-3.,15.,0.055),(-2.,15.,0.051),(-1.,15.,0.046),(0.,15.,0.04),(1.,15.,0.034),(2.,15.,0.029),(3.,15.,0.025),(4.,15.,0.023),(5.,15.,0.022),(6.,15.,0.022),(7.,15.,0.025),(8.,15.,0.029),(9.,15.,0.034),(10.,15.,0.039),(11.,15.,0.045),(12.,15.,0.05),(13.,15.,0.054),(14.,15.,0.057),(15.,15.,0.058),(16.,15.,0.058),(17.,15.,0.056),(18.,15.,0.052),(19.,15.,0.047),(20.,15.,0.042),(21.,15.,0.036),(22.,15.,0.031),(23.,15.,0.026),(24.,15.,0.023),(25.,15.,0.022),(26.,15.,0.022),(27.,15.,0.024),(28.,15.,0.027),(29.,15.,0.032),(30.,15.,0.038),(31.,15.,0.043),(32.,15.,0.049),(-20.,16.,0.069),(-19.,16.,0.066),(-18.,16.,0.063),(-17.,16.,0.06),(-16.,16.,0.059),(-15.,16.,0.059),(-14.,16.,0.059),(-13.,16.,0.061),(-12.,16.,0.064),(-11.,16.,0.067),(-10.,16.,0.07),(-9.,16.,0.074),(-8.,16.,0.077),(-7.,16.,0.079),(-6.,16.,0.081),(-5.,16.,0.081),(-4.,16.,0.081),(-3.,16.,0.079),(-2.,16.,0.077),(-1.,16.,0.073),(0.,16.,0.07),(1.,16.,0.067),(2.,16.,0.063),(3.,16.,0.061),(4.,16.,0.059),(5.,16.,0.059),(6.,16.,0.059),(7.,16.,0.061),(8.,16.,0.063),(9.,16.,0.066),(10.,16.,0.07),(11.,16.,0.073),(12.,16.,0.076),(13.,16.,0.079),(14.,16.,0.081),(15.,16.,0.081),(16.,16.,0.081),(17.,16.,0.08),(18.,16.,0.077),(19.,16.,0.074),(20.,16.,0.071),(21.,16.,0.067),(22.,16.,0.064),(23.,16.,0.061),(24.,16.,0.059),(25.,16.,0.059),(26.,16.,0.059),(27.,16.,0.06),(28.,16.,0.062),(29.,16.,0.065),(30.,16.,0.069),(31.,16.,0.072),(32.,16.,0.075),(-20.,17.,0.1),(-19.,17.,0.099),(-18.,17.,0.098),(-17.,17.,0.097),(-16.,17.,0.096),(-15.,17.,0.096),(-14.,17.,0.097),(-13.,17.,0.097),(-12.,17.,0.098),(-11.,17.,0.099),(-10.,17.,0.1),(-9.,17.,0.101),(-8.,17.,0.102),(-7.,17.,0.103),(-6.,17.,0.104),(-5.,17.,0.104),(-4.,17.,0.103),(-3.,17.,0.103),(-2.,17.,0.102),(-1.,17.,0.101),(0.,17.,0.1),(1.,17.,0.099),(2.,17.,0.098),(3.,17.,0.097),(4.,17.,0.097),(5.,17.,0.096),(6.,17.,0.096),(7.,17.,0.097),(8.,17.,0.098),(9.,17.,0.099),(10.,17.,0.1),(11.,17.,0.101),(12.,17.,0.102),(13.,17.,0.103),(14.,17.,0.103),(15.,17.,0.104),(16.,17.,0.104),(17.,17.,0.103),(18.,17.,0.102),(19.,17.,0.101),(20.,17.,0.1),(21.,17.,0.099),(22.,17.,0.098),(23.,17.,0.097),(24.,17.,0.097),(25.,17.,0.096),(26.,17.,0.096),(27.,17.,0.097),(28.,17.,0.098),(29.,17.,0.098),(30.,17.,0.1),(31.,17.,0.101),(32.,17.,0.102),(-20.,18.,0.13),(-19.,18.,0.132),(-18.,18.,0.133),(-17.,18.,0.134),(-16.,18.,0.134),(-15.,18.,0.134),(-14.,18.,0.134),(-13.,18.,0.133),(-12.,18.,0.132),(-11.,18.,0.131),(-10.,18.,0.13),(-9.,18.,0.128),(-8.,18.,0.127),(-7.,18.,0.126),(-6.,18.,0.126),(-5.,18.,0.126),(-4.,18.,0.126),(-3.,18.,0.126),(-2.,18.,0.127),(-1.,18.,0.129),(0.,18.,0.13),(1.,18.,0.131),(2.,18.,0.133),(3.,18.,0.134),(4.,18.,0.134),(5.,18.,0.134),(6.,18.,0.134),(7.,18.,0.134),(8.,18.,0.133),(9.,18.,0.132),(10.,18.,0.13),(11.,18.,0.129),(12.,18.,0.128),(13.,18.,0.127),(14.,18.,0.126),(15.,18.,0.126),(16.,18.,0.126),(17.,18.,0.126),(18.,18.,0.127),(19.,18.,0.128),(20.,18.,0.13),(21.,18.,0.131),(22.,18.,0.132),(23.,18.,0.133),(24.,18.,0.134),(25.,18.,0.134),(26.,18.,0.134),(27.,18.,0.134),(28.,18.,0.133),(29.,18.,0.132),(30.,18.,0.131),(31.,18.,0.129),(32.,18.,0.128),(-20.,19.,0.161),(-19.,19.,0.165),(-18.,19.,0.168),(-17.,19.,0.17),(-16.,19.,0.172),(-15.,19.,0.172),(-14.,19.,0.171),(-13.,19.,0.169),(-12.,19.,0.167),(-11.,19.,0.163),(-10.,19.,0.159),(-9.,19.,0.156),(-8.,19.,0.153),(-7.,19.,0.15),(-6.,19.,0.148),(-5.,19.,0.148),(-4.,19.,0.148),(-3.,19.,0.15),(-2.,19.,0.153),(-1.,19.,0.156),(0.,19.,0.16),(1.,19.,0.164),(2.,19.,0.167),(3.,19.,0.17),(4.,19.,0.172),(5.,19.,0.172),(6.,19.,0.172),(7.,19.,0.17),(8.,19.,0.167),(9.,19.,0.164),(10.,19.,0.161),(11.,19.,0.157),(12.,19.,0.153),(13.,19.,0.151),(14.,19.,0.149),(15.,19.,0.148),(16.,19.,0.148),(17.,19.,0.15),(18.,19.,0.152),(19.,19.,0.155),(20.,19.,0.159),(21.,19.,0.163),(22.,19.,0.166),(23.,19.,0.169),(24.,19.,0.171),(25.,19.,0.172),(26.,19.,0.172),(27.,19.,0.171),(28.,19.,0.168),(29.,19.,0.165),(30.,19.,0.162),(31.,19.,0.158),(32.,19.,0.154),(-20.,20.,0.192),(-19.,20.,0.197),(-18.,20.,0.202),(-17.,20.,0.206),(-16.,20.,0.208),(-15.,20.,0.209),(-14.,20.,0.208),(-13.,20.,0.205),(-12.,20.,0.2),(-11.,20.,0.195),(-10.,20.,0.189),(-9.,20.,0.183),(-8.,20.,0.178),(-7.,20.,0.174),(-6.,20.,0.172),(-5.,20.,0.171),(-4.,20.,0.172),(-3.,20.,0.175),(-2.,20.,0.179),(-1.,20.,0.184),(0.,20.,0.19),(1.,20.,0.196),(2.,20.,0.201),(3.,20.,0.205),(4.,20.,0.208),(5.,20.,0.209),(6.,20.,0.208),(7.,20.,0.206),(8.,20.,0.202),(9.,20.,0.197),(10.,20.,0.191),(11.,20.,0.185),(12.,20.,0.18),(13.,20.,0.175),(14.,20.,0.172),(15.,20.,0.171),(16.,20.,0.172),(17.,20.,0.174),(18.,20.,0.178),(19.,20.,0.183),(20.,20.,0.188),(21.,20.,0.194),(22.,20.,0.2),(23.,20.,0.204),(24.,20.,0.207),(25.,20.,0.209),(26.,20.,0.209),(27.,20.,0.207),(28.,20.,0.203),(29.,20.,0.198),(30.,20.,0.192),(31.,20.,0.186),(32.,20.,0.181)));
#42=IFCTRIANGULATEDFACESET(#41,$,$,((1,2,55),(1,55,54),(2,3,56),(2,56,55),(3,4,57),(3,57,56),(4,5,58),(4,58,57),(5,6,59),(5,59,58),(6,7,60),(6,60,59),(7,8,61),(7,61,60),(8,9,62),(8,62,61),(9,10,63),(9,63,62),(10,11,64),(10,64,63),(11,12,65),(11,65,64),(12,13,66),(12,66,65),(13,14,67),(13,67,66),(14,15,68),(14,68,67),(15,16,69),(15,69,68),(16,17,70),(16,70,69),(17,18,71),(17,71,70),(18,19,72),(18,72,71),(19,20,73),(19,73,72),(20,21,74),(20,74,73),(21,22,75),(21,75,74),(22,23,76),(22,76,75),(23,24,77),(23,77,76),(24,25,78),(24,78,77),(25,26,79),(25,79,78),(26,27,80),(26,80,79),(27,28,81),(27,81,80),(28,29,82),(28,82,81),(29,30,83),(29,83,82),(30,31,84),(30,84,83),(31,32,85),(31,85,84),(32,33,86),(32,86,85),(33,34,87),(33,87,86),(34,35,88),(34,88,87),(35,36,89),(35,89,88),(36,37,90),(36,90,89),(37,38,91),(37,91,90),(38,39,92),(38,92,91),(39,40,93),(39,93,92),(40,41,94),(40,94,93),(41,42,95),(41,95,94),(42,43,96),(42,96,95),(43,44,97),(43,97,96),(44,45,98),(44,98,97),(45,46,99),(45,99,98),(46,47,100),(46,100,99),(47,48,101),(47,101,100),(48,49,102),(48,102,101),(49,50,103),(49,103,102),(50,51,104),(50,104,103),(51,52,105),(51,105,104),(52,53,106),(52,106,105),(54,55,108),(54,108,107),(55,56,109),(55,109,108),(56,57,110),(56,110,109),(57,58,111),(57,111,110),(58,59,112),(58,112,111),(59,60,113),(59,113,112),(60,61,114),(60,114,113),(61,62,115),(61,115,114),(62,63,116),(62,116,115),(63,64,117),(63,117,116),(64,65,118),(64,118,117),(65,66,119),(65,119,118),(66,67,120),(66,120,119),(67,68,121),(67,121,120),(68,69,122),(68,122,121),(69,70,123),(69,123,122),(70,71,124),(70,124,123),(71,72,125),(71,125,124),(72,73,126),(72,126,125),(73,74,127),(73,127,126),(74,75,128),(74,128,127),(75,76,129),(75,129,128),(76,77,130),(76,130,129),(77,78,131),(77,131,130),(78,79,132),(78,132,131),(79,80,133),(79,133,132),(80,81,134),(80,134,133),(81,82,135),(81,135,134),(82,83,136),(82,136,135),(83,84,137),(83,137,136),(84,85,138),(84,138,137),(85,86,139),(85,139,138),(86,87,140),(86,140,139),(87,88,141),(87,141,140),(88,89,142),(88,142,141),(89,90,143),(89,143,142),(90,91,144),(90,144,143),(91,92,145),(91,145,144),(92,93,146),(92,146,145),(93,94,147),(93,147,146),(94,95,148),(94,148,147),(95,96,149),(95,149,148),(96,97,150),(96,150,149),(97,98,151),(97,151,150),(98,99,152),(98,152,151),(99,100,153),(99,153,152),(100,101,154),(100,154,153),(101,102,155),(101,155,154),(102,103,156),(102,156,155),(103,104,157),(103,157,156),(104,105,158),(104,158,157),(105,106,159),(105,159,158),(107,108,161),(107,161,160),(108,109,162),(108,162,161),(109,110,163),(109,163,162),(110,111,164),(110,164,163),(111,112,165),(111,165,164),(112,113,166),(112,166,165),(113,114,167),(113,167,166),(114,115,168),(114,168,167),(115,116,169),(115,169,168),(116,117,170),(116,170,169),(117,118,171),(117,171,170),(118,119,172),(118,172,171),(119,120,173),(119,173,172),(120,121,174),(120,174,173),(121,122,175),(121,175,174),(122,123,176),(122,176,175),(123,124,177),(123,177,176),(124,125,178),(124,178,177),(125,126,179),(125,179,178),(126,127,180),(126,180,179),(127,128,181),(127,181,180),(128,129,182),(128,182,181),(129,130,183),(129,183,182),(130,131,184),(130,184,183),(131,132,185),(131,185,184),(132,133,186),(132,186,185),(133,134,187),(133,187,186),(134,135,188),(134,188,187),(135,136,189),(135,189,188),(136,137,190),(136,190,189),(137,138,191),(137,191,190),(138,139,192),(138,192,191),(139,140,193),(139,193,192),(140,141,194),(140,194,193),(141,142,195),(141,195,194),(142,143,196),(142,196,195),(143,144,197),(143,197,196),(144,145,198),(144,198,197),(145,146,199),(145,199,198),(146,147,200),(146,200,199),(147,148,201),(147,201,200),(148,149,202),(148,202,201),(149,150,203),(149,203,202),(150,151,204),(150,204,203),(151,152,205),(151,205,204),(152,153,206),(152,206,205),(153,154,207),(153,207,206),(154,155,208),(154,208,207),(155,156,209),(155,209,208),(156,157,210),(156,210,209),(157,158,211),(157,211,210),(158,159,212),(158,212,211),(160,161,214),(160,214,213),(161,162,215),(161,215,214),(162,163,216),(162,216,215),(163,164,217),(163,217,216),(164,165,218),(164,218,217),(165,166,219),(165,219,218),(166,167,220),(166,220,219),(167,168,221),(167,221,220),(168,169,222),(168,222,221),(169,170,223),(169,223,222),(170,171,224),(170,224,223),(171,172,225),(171,225,224),(172,173,226),(172,226,225),(173,174,227),(173,227,226),(174,175,228),(174,228,227),(175,176,229),(175,229,228),(176,177,230),(176,230,229),(177,178,231),(177,231,230),(178,179,232),(178,232,231),(179,180,233),(179,233,232),(180,181,234),(180,234,233),(181,182,235),(181,235,234),(182,183,236),(182,236,235),(183,184,237),(183,237,236),(184,185,238),(184,238,237),(185,186,239),(185,239,238),(186,187,240),(186,240,239),(187,188,241),(187,241,240),(188,189,242),(188,242,241),(189,190,243),(189,243,242),(190,191,244),(190,244,243),(191,192,245),(191,245,244),(192,193,246),(192,246,245),(193,194,247),(193,247,246),(194,195,248),(194,248,247),(195,196,249),(195,249,248),(196,197,250),(196,250,249),(197,198,251),(197,251,250),(198,199,252),(198,252,251),(199,200,253),(199,253,252),(200,201,254),(200,254,253),(201,202,255),(201,255,254),(202,203,256),(202,256,255),(203,204,257),(203,257,256),(204,205,258),(204,258,257),(205,206,259),(205,259,258),(206,207,260),(206,260,259),(207,208,261),(207,261,260),(208,209,262),(208,262,261),(209,210,263),(209,263,262),(210,211,264),(210,264,263),(211,212,265),(211,265,264),(213,214,267),(213,267,266),(214,215,268),(214,268,267),(215,216,269),(215,269,268),(216,217,270),(216,270,269),(217,218,271),(217,271,270),(218,219,272),(218,272,271),(219,220,273),(219,273,272),(220,221,274),(220,274,273),(221,222,275),(221,275,274),(222,223,276),(222,276,275),(223,224,277),(223,277,276),(224,225,278),(224,278,277),(225,226,279),(225,279,278),(226,227,280),(226,280,279),(227,228,281),(227,281,280),(228,229,282),(228,282,281),(229,230,283),(229,283,282),(230,231,284),(230,284,283),(249,250,303),(249,303,302),(250,251,304),(250,304,303),(251,252,305),(251,305,304),(252,253,306),(252,306,305),(253,254,307),(253,307,306),(254,255,308),(254,308,307),(255,256,309),(255,309,308),(256,257,310),(256,310,309),(257,258,311),(257,311,310),(258,259,312),(258,312,311),(259,260,313),(259,313,312),(260,261,314),(260,314,313),(261,262,315),(261,315,314),(262,263,316),(262,316,315),(263,264,317),(263,317,316),(264,265,318),(264,318,317),(266,267,320),(266,320,319),(267,268,321),(267,321,320),(268,269,322),(268,322,321),(269,270,323),(269,323,322),(270,271,324),(270,324,323),(271,272,325),(271,325,324),(272,273,326),(272,326,325),(273,274,327),(273,327,326),(274,275,328),(274,328,327),(275,276,329),(275,329,328),(276,277,330),(276,330,329),(277,278,331),(277,331,330),(278,279,332),(278,332,331),(279,280,333),(279,333,332),(280,281,334),(280,334,333),(281,282,335),(281,335,334),(282,283,336),(282,336,335),(283,284,337),(283,337,336),(302,303,356),(302,356,355),(303,304,357),(303,357,356),(304,305,358),(304,358,357),(305,306,359),(305,359,358),(306,307,360),(306,360,359),(307,308,361),(307,361,360),(308,309,362),(308,362,361),(309,310,363),(309,363,362),(310,311,364),(310,364,363),(311,312,365),(311,365,364),(312,313,366),(312,366,365),(313,314,367),(313,367,366),(314,315,368),(314,368,367),(315,316,369),(315,369,368),(316,317,370),(316,370,369),(317,318,371),(317,371,370),(319,320,373),(319,373,372),(320,321,374),(320,374,373),(321,322,375),(321,375,374),(322,323,376),(322,376,375),(323,324,377),(323,377,376),(324,325,378),(324,378,377),(325,326,379),(325,379,378),(326,327,380),(326,380,379),(327,328,381),(327,381,380),(328,329,382),(328,382,381),(329,330,383),(329,383,382),(330,331,384),(330,384,383),(331,332,385),(331,385,384),(332,333,386),(332,386,385),(333,334,387),(333,387,386),(334,335,388),(334,388,387),(335,336,389),(335,389,388),(336,337,390),(336,390,389),(355,356,409),(355,409,408),(356,357,410),(356,410,409),(357,358,411),(357,411,410),(358,359,412),(358,412,411),(359,360,413),(359,413,412),(360,361,414),(360,414,413),(361,362,415),(361,415,414),(362,363,416),(362,416,415),(363,364,417),(363,417,416),(364,365,418),(364,418,417),(365,366,419),(365,419,418),(366,367,420),(366,420,419),(367,368,421),(367,421,420),(368,369,422),(368,422,421),(369,370,423),(369,423,422),(370,371,424),(370,424,423),(372,373,426),(372,426,425),(373,374,427),(373,427,426),(374,375,428),(374,428,427),(375,376,429),(375,429,428),(376,377,430),(376,430,429),(377,378,431),(377,431,430),(378,379,432),(378,432,431),(379,380,433),(379,433,432),(380,381,434),(380,434,433),(381,382,435),(381,435,434),(382,383,436),(382,436,435),(383,384,437),(383,437,436),(384,385,438),(384,438,437),(385,386,439),(385,439,438),(386,387,440),(386,440,439),(387,388,441),(387,441,440),(388,389,442),(388,442,441),(389,390,443),(389,443,442),(408,409,462),(408,462,461),(409,410,463),(409,463,462),(410,411,464),(410,464,463),(411,412,465),(411,465,464),(412,413,466),(412,466,465),(413,414,467),(413,467,466),(414,415,468),(414,468,467),(415,416,469),(415,469,468),(416,417,470),(416,470,469),(417,418,471),(417,471,470),(418,419,472),(418,472,471),(419,420,473),(419,473,472),(420,421,474),(420,474,473),(421,422,475),(421,475,474),(422,423,476),(422,476,475),(423,424,477),(423,477,476),(425,426,479),(425,479,478),(426,427,480),(426,480,479),(427,428,481),(427,481,480),(428,429,482),(428,482,481),(429,430,483),(429,483,482),(430,431,484),(430,484,483),(431,432,485),(431,485,484),(432,433,486),(432,486,485),(433,434,487),(433,487,486),(434,435,488),(434,488,487),(435,436,489),(435,489,488),(436,437,490),(436,490,489),(437,438,491),(437,491,490),(438,439,492),(438,492,491),(439,440,493),(439,493,492),(440,441,494),(440,494,493),(441,442,495),(441,495,494),(442,443,496),(442,496,495),(461,462,515),(461,515,514),(462,463,516),(462,516,515),(463,464,517),(463,517,516),(464,465,518),(464,518,517),(465,466,519),(465,519,518),(466,467,520),(466,520,519),(467,468,521),(467,521,520),(468,469,522),(468,522,521),(469,470,523),(469,523,522),(470,471,524),(470,524,523),(471,472,525),(471,525,524),(472,473,526),(472,526,525),(473,474,527),(473,527,526),(474,475,528),(474,528,527),(475,476,529),(475,529,528),(476,477,530),(476,530,529),(478,479,532),(478,532,531),(479,480,533),(479,533,532),(480,481,534),(480,534,533),(481,482,535),(481,535,534),(482,483,536),(482,536,535),(483,484,537),(483,537,536),(484,485,538),(484,538,537),(485,486,539),(485,539,538),(486,487,540),(486,540,539),(487,488,541),(487,541,540),(488,489,542),(488,542,541),(489,490,543),(489,543,542),(490,491,544),(490,544,543),(491,492,545),(491,545,544),(492,493,546),(492,546,545),(493,494,547),(493,547,546),(494,495,548),(494,548,547),(495,496,549),(495,549,548),(514,515,568),(514,568,567),(515,516,569),(515,569,568),(516,517,570),(516,570,569),(517,518,571),(517,571,570),(518,519,572),(518,572,571),(519,520,573),(519,573,572),(520,521,574),(520,574,573),(521,522,575),(521,575,574),(522,523,576),(522,576,575),(523,524,577),(523,577,576),(524,525,578),(524,578,577),(525,526,579),(525,579,578),(526,527,580),(526,580,579),(527,528,581),(527,581,580),(528,529,582),(528,582,581),(529,530,583),(529,583,582),(531,532,585),(531,585,584),(532,533,586),(532,586,585),(533,534,587),(533,587,586),(534,535,588),(534,588,587),(535,536,589),(535,589,588),(536,537,590),(536,590,589),(537,538,591),(537,591,590),(538,539,592),(538,592,591),(539,540,593),(539,593,592),(540,541,594),(540,594,593),(541,542,595),(541,595,594),(542,543,596),(542,596,595),(543,544,597),(543,597,596),(544,545,598),(544,598,597),(545,546,599),(545,599,598),(546,547,600),(546,600,599),(547,548,601),(547,601,600),(548,549,602),(548,602,601),(567,568,621),(567,621,620),(568,569,622),(568,622,621),(569,570,623),(569,623,622),(570,571,624),(570,624,623),(571,572,625),(571,625,624),(572,573,626),(572,626,625),(573,574,627),(573,627,626),(574,575,628),(574,628,627),(575,576,629),(575,629,628),(576,577,630),(576,630,629),(577,578,631),(577,631,630),(578,579,632),(578,632,631),(579,580,633),(579,633,632),(580,581,634),(580,634,633),(581,582,635),(581,635,634),(582,583,636),(582,636,635),(584,585,638),(584,638,637),(585,586,639),(585,639,638),(586,587,640),(586,640,639),(587,588,641),(587,641,640),(588,589,642),(588,642,641),(589,590,643),(589,643,642),(590,591,644),(590,644,643),(591,592,645),(591,645,644),(592,593,646),(592,646,645),(593,594,647),(593,647,646),(594,595,648),(594,648,647),(595,596,649),(595,649,648),(596,597,650),(596,650,649),(597,598,651),(597,651,650),(598,599,652),(598,652,651),(599,600,653),(599,653,652),(600,601,654),(600,654,653),(601,602,655),(601,655,654),(620,621,674),(620,674,673),(621,622,675),(621,675,674),(622,623,676),(622,676,675),(623,624,677),(623,677,676),(624,625,678),(624,678,677),(625,626,679),(625,679,678),(626,627,680),(626,680,679),(627,628,681),(627,681,680),(628,629,682),(628,682,681),(629,630,683),(629,683,682),(630,631,684),(630,684,683),(631,632,685),(631,685,684),(632,633,686),(632,686,685),(633,634,687),(633,687,686),(634,635,688),(634,688,687),(635,636,689),(635,689,688),(637,638,691),(637,691,690),(638,639,692),(638,692,691),(639,640,693),(639,693,692),(640,641,694),(640,694,693),(641,642,695),(641,695,694),(642,643,696),(642,696,695),(643,644,697),(643,697,696),(644,645,698),(644,698,697),(645,646,699),(645,699,698),(646,647,700),(646,700,699),(647,648,701),(647,701,700),(648,649,702),(648,702,701),(649,650,703),(649,703,702),(650,651,704),(650,704,703),(651,652,705),(651,705,704),(652,653,706),(652,706,705),(653,654,707),(653,707,706),(654,655,708),(654,708,707),(673,674,727),(673,727,726),(674,675,728),(674,728,727),(675,676,729),(675,729,728),(676,677,730),(676,730,729),(677,678,731),(677,731,730),(678,679,732),(678,732,731),(679,680,733),(679,733,732),(680,681,734),(680,734,733),(681,682,735),(681,735,734),(682,683,736),(682,736,735),(683,684,737),(683,737,736),(684,685,738),(684,738,737),(685,686,739),(685,739,738),(686,687,740),(686,740,739),(687,688,741),(687,741,740),(688,689,742),(688,742,741),(690,691,744),(690,744,743),(691,692,745),(691,745,744),(692,693,746),(692,746,745),(693,694,747),(693,747,746),(694,695,748),(694,748,747),(695,696,749),(695,749,748),(696,697,750),(696,750,749),(697,698,751),(697,751,750),(698,699,752),(698,752,751),(699,700,753),(699,753,752),(700,701,754),(700,754,753),(701,702,755),(701,755,754),(702,703,756),(702,756,755),(703,704,757),(703,757,756),(704,705,758),(704,758,757),(705,706,759),(705,759,758),(706,707,760),(706,760,759),(707,708,761),(707,761,760),(726,727,780),(726,780,779),(727,728,781),(727,781,780),(728,729,782),(728,782,781),(729,730,783),(729,783,782),(730,731,784),(730,784,783),(731,732,785),(731,785,784),(732,733,786),(732,786,785),(733,734,787),(733,787,786),(734,735,788),(734,788,787),(735,736,789),(735,789,788),(736,737,790),(736,790,789),(737,738,791),(737,791,790),(738,739,792),(738,792,791),(739,740,793),(739,793,792),(740,741,794),(740,794,793),(741,742,795),(741,795,794),(743,744,797),(743,797,796),(744,745,798),(744,798,797),(745,746,799),(745,799,798),(746,747,800),(746,800,799),(747,748,801),(747,801,800),(748,749,802),(748,802,801),(749,750,803),(749,803,802),(750,751,804),(750,804,803),(751,752,805),(751,805,804),(752,753,806),(752,806,805),(753,754,807),(753,807,806),(754,755,808),(754,808,807),(755,756,809),(755,809,808),(756,757,810),(756,810,809),(757,758,811),(757,811,810),(758,759,812),(758,812,811),(759,760,813),(759,813,812),(760,761,814),(760,814,813),(761,762,815),(761,815,814),(762,763,816),(762,816,815),(763,764,817),(763,817,816),(764,765,818),(764,818,817),(765,766,819),(765,819,818),(766,767,820),(766,820,819),(772,773,826),(772,826,825),(773,774,827),(773,827,826),(774,775,828),(774,828,827),(775,776,829),(775,829,828),(776,777,830),(776,830,829),(777,778,831),(777,831,830),(778,779,832),(778,832,831),(779,780,833),(779,833,832),(780,781,834),(780,834,833),(781,782,835),(781,835,834),(782,783,836),(782,836,835),(783,784,837),(783,837,836),(784,785,838),(784,838,837),(785,786,839),(785,839,838),(786,787,840),(786,840,839),(787,788,841),(787,841,840),(788,789,842),(788,842,841),(789,790,843),(789,843,842),(790,791,844),(790,844,843),(791,792,845),(791,845,844),(792,793,846),(792,846,845),(793,794,847),(793,847,846),(794,795,848),(794,848,847),(796,797,850),(796,850,849),(797,798,851),(797,851,850),(798,799,852),(798,852,851),(799,800,853),(799,853,852),(800,801,854),(800,854,853),(801,802,855),(801,855,854),(802,803,856),(802,856,855),(803,804,857),(803,857,856),(804,805,858),(804,858,857),(805,806,859),(805,859,858),(806,807,860),(806,860,859),(807,808,861),(807,861,860),(808,809,862),(808,862,861),(809,810,863),(809,863,862),(810,811,864),(810,864,863),(811,812,865),(811,865,864),(812,813,866),(812,866,865),(813,814,867),(813,867,866),(814,815,868),(814,868,867),(815,816,869),(815,869,868),(816,817,870),(816,870,869),(817,818,871),(817,871,870),(818,819,872),(818,872,871),(819,820,873),(819,873,872),(825,826,879),(825,879,878),(826,827,880),(826,880,879),(827,828,881),(827,881,880),(828,829,882),(828,882,881),(829,830,883),(829,883,882),(830,831,884),(830,884,883),(831,832,885),(831,885,884),(832,833,886),(832,886,885),(833,834,887),(833,887,886),(834,835,888),(834,888,887),(835,836,889),(835,889,888),(836,837,890),(836,890,889),(837,838,891),(837,891,890),(838,839,892),(838,892,891),(839,840,893),(839,893,892),(840,841,894),(840,894,893),(841,842,895),(841,895,894),(842,843,896),(842,896,895),(843,844,897),(843,897,896),(844,845,898),(844,898,897),(845,846,899),(845,899,898),(846,847,900),(846,900,899),(847,848,901),(847,901,900),(849,850,903),(849,903,902),(850,851,904),(850,904,903),(851,852,905),(851,905,904),(852,853,906),(852,906,905),(853,854,907),(853,907,906),(854,855,908),(854,908,907),(855,856,909),(855,909,908),(856,857,910),(856,910,909),(857,858,911),(857,911,910),(858,859,912),(858,912,911),(859,860,913),(859,913,912),(860,861,914),(860,914,913),(861,862,915),(861,915,914),(862,863,916),(862,916,915),(863,864,917),(863,917,916),(864,865,918),(864,918,917),(865,866,919),(865,919,918),(866,867,920),(866,920,919),(867,868,921),(867,921,920),(868,869,922),(868,922,921),(869,870,923),(869,923,922),(870,871,924),(870,924,923),(871,872,925),(871,925,924),(872,873,926),(872,926,925),(878,879,932),(878,932,931),(879,880,933),(879,933,932),(880,881,934),(880,934,933),(881,882,935),(881,935,934),(882,883,936),(882,936,935),(883,884,937),(883,937,936),(884,885,938),(884,938,937),(885,886,939),(885,939,938),(886,887,940),(886,940,939),(887,888,941),(887,941,940),(888,889,942),(888,942,941),(889,890,943),(889,943,942),(890,891,944),(890,944,943),(891,892,945),(891,945,944),(892,893,946),(892,946,945),(893,894,947),(893,947,946),(894,895,948),(894,948,947),(895,896,949),(895,949,948),(896,897,950),(896,950,949),(897,898,951),(897,951,950),(898,899,952),(898,952,951),(899,900,953),(899,953,952),(900,901,954),(900,954,953),(902,903,956),(902,956,955),(903,904,957),(903,957,956),(904,905,958),(904,958,957),(905,906,959),(905,959,958),(906,907,960),(906,960,959),(907,908,961),(907,961,960),(908,909,962),(908,962,961),(909,910,963),(909,963,962),(910,911,964),(910,964,963),(911,912,965),(911,965,964),(936,937,990),(936,990,989),(937,938,991),(937,991,990),(938,939,992),(938,992,991),(939,940,993),(939,993,992),(940,941,994),(940,994,993),(941,942,995),(941,995,994),(942,943,996),(942,996,995),(943,944,997),(943,997,996),(944,945,998),(944,998,997),(945,946,999),(945,999,998),(946,947,1000),(946,1000,999),(947,948,1001),(947,1001,1000),(948,949,1002),(948,1002,1001),(949,950,1003),(949,1003,1002),(950,951,1004),(950,1004,1003),(951,952,1005),(951,1005,1004),(952,953,1006),(952,1006,1005),(953,954,1007),(953,1007,1006),(955,956,1009),(955,1009,1008),(956,957,1010),(956,1010,1009),(957,958,1011),(957,1011,1010),(958,959,1012),(958,1012,1011),(959,960,1013),(959,1013,1012),(960,961,1014),(960,1014,1013),(961,962,1015),(961,1015,1014),(962,963,1016),(962,1016,1015),(963,964,1017),(963,1017,1016),(964,965,1018),(964,1018,1017),(989,990,1043),(989,1043,1042),(990,991,1044),(990,1044,1043),(991,992,1045),(991,1045,1044),(992,993,1046),(992,1046,1045),(993,994,1047),(993,1047,1046),(994,995,1048),(994,1048,1047),(995,996,1049),(995,1049,1048),(996,997,1050),(996,1050,1049),(997,998,1051),(997,1051,1050),(998,999,1052),(998,1052,1051),(999,1000,1053),(999,1053,1052),(1000,1001,1054),(1000,1054,1053),(1001,1002,1055),(1001,1055,1054),(1002,1003,1056),(1002,1056,1055),(1003,1004,1057),(1003,1057,1056),(1004,1005,1058),(1004,1058,1057),(1005,1006,1059),(1005,1059,1058),(1006,1007,1060),(1006,1060,1059),(1008,1009,1062),(1008,1062,1061),(1009,1010,1063),(1009,1063,1062),(1010,1011,1064),(1010,1064,1063),(1011,1012,1065),(1011,1065,1064),(1012,1013,1066),(1012,1066,1065),(1013,1014,1067),(1013,1067,1066),(1014,1015,1068),(1014,1068,1067),(1015,1016,1069),(1015,1069,1068),(1016,1017,1070),(1016,1070,1069),(1017,1018,1071),(1017,1071,1070),(1042,1043,1096),(1042,1096,1095),(1043,1044,1097),(1043,1097,1096),(1044,1045,1098),(1044,1098,1097),(1045,1046,1099),(1045,1099,1098),(1046,1047,1100),(1046,1100,1099),(1047,1048,1101),(1047,1101,1100),(1048,1049,1102),(1048,1102,1101),(1049,1050,1103),(1049,1103,1102),(1050,1051,1104),(1050,1104,1103),(1051,1052,1105),(1051,1105,1104),(1052,1053,1106),(1052,1106,1105),(1053,1054,1107),(1053,1107,1106),(1054,1055,1108),(1054,1108,1107),(1055,1056,1109),(1055,1109,1108),(1056,1057,1110),(1056,1110,1109),(1057,1058,1111),(1057,1111,1110),(1058,1059,1112),(1058,1112,1111),(1059,1060,1113),(1059,1113,1112),(1061,1062,1115),(1061,1115,1114),(1062,1063,1116),(1062,1116,1115),(1063,1064,1117),(1063,1117,1116),(1064,1065,1118),(1064,1118,1117),(1065,1066,1119),(1065,1119,1118),(1066,1067,1120),(1066,1120,1119),(1067,1068,1121),(1067,1121,1120),(1068,1069,1122),(1068,1122,1121),(1069,1070,1123),(1069,1123,1122),(1070,1071,1124),(1070,1124,1123),(1095,1096,1149),(1095,1149,1148),(1096,1097,1150),(1096,1150,1149),(1097,1098,1151),(1097,1151,1150),(1098,1099,1152),(1098,1152,1151),(1099,1100,1153),(1099,1153,1152),(1100,1101,1154),(1100,1154,1153),(1101,1102,1155),(1101,1155,1154),(1102,1103,1156),(1102,1156,1155),(1103,1104,1157),(1103,1157,1156),(1104,1105,1158),(1104,1158,1157),(1105,1106,1159),(1105,1159,1158),(1106,1107,1160),(1106,1160,1159),(1107,1108,1161),(1107,1161,1160),(1108,1109,1162),(1108,1162,1161),(1109,1110,1163),(1109,1163,1162),(1110,1111,1164),(1110,1164,1163),(1111,1112,1165),(1111,1165,1164),(1112,1113,1166),(1112,1166,1165),(1114,1115,1168),(1114,1168,1167),(1115,1116,1169),(1115,1169,1168),(1116,1117,1170),(1116,1170,1169),(1117,1118,1171),(1117,1171,1170),(1118,1119,1172),(1118,1172,1171),(1119,1120,1173),(1119,1173,1172),(1120,1121,1174),(1120,1174,1173),(1121,1122,1175),(1121,1175,1174),(1122,1123,1176),(1122,1176,1175),(1123,1124,1177),(1123,1177,1176),(1158,1159,1212),(1158,1212,1211),(1159,1160,1213),(1159,1213,1212),(1160,1161,1214),(1160,1214,1213),(1161,1162,1215),(1161,1215,1214),(1162,1163,1216),(1162,1216,1215),(1163,1164,1217),(1163,1217,1216),(1164,1165,1218),(1164,1218,1217),(1165,1166,1219),(1165,1219,1218),(1167,1168,1221),(1167,1221,1220),(1168,1169,1222),(1168,1222,1221),(1169,1170,1223),(1169,1223,1222),(1170,1171,1224),(1170,1224,1223),(1171,1172,1225),(1171,1225,1224),(1172,1173,1226),(1172,1226,1225),(1173,1174,1227),(1173,1227,1226),(1174,1175,1228),(1174,1228,1227),(1175,1176,1229),(1175,1229,1228),(1176,1177,1230),(1176,1230,1229),(1211,1212,1265),(1211,1265,1264),(1212,1213,1266),(1212,1266,1265),(1213,1214,1267),(1213,1267,1266),(1214,1215,1268),(1214,1268,1267),(1215,1216,1269),(1215,1269,1268),(1216,1217,1270),(1216,1270,1269),(1217,1218,1271),(1217,1271,1270),(1218,1219,1272),(1218,1272,1271),(1220,1221,1274),(1220,1274,1273),(1221,1222,1275),(1221,1275,1274),(1222,1223,1276),(1222,1276,1275),(1223,1224,1277),(1223,1277,1276),(1224,1225,1278),(1224,1278,1277),(1225,1226,1279),(1225,1279,1278),(1226,1227,1280),(1226,1280,1279),(1227,1228,1281),(1227,1281,1280),(1228,1229,1282),(1228,1282,1281),(1229,1230,1283),(1229,1283,1282),(1262,1263,1316),(1262,1316,1315),(1263,1264,1317),(1263,1317,1316),(1264,1265,1318),(1264,1318,1317),(1265,1266,1319),(1265,1319,1318),(1266,1267,1320),(1266,1320,1319),(1267,1268,1321),(1267,1321,1320),(1268,1269,1322),(1268,1322,1321),(1269,1270,1323),(1269,1323,1322),(1270,1271,1324),(1270,1324,1323),(1271,1272,1325),(1271,1325,1324),(1273,1274,1327),(1273,1327,1326),(1274,1275,1328),(1274,1328,1327),(1275,1276,1329),(1275,1329,1328),(1276,1277,1330),(1276,1330,1329),(1277,1278,1331),(1277,1331,1330),(1278,1279,1332),(1278,1332,1331),(1279,1280,1333),(1279,1333,1332),(1280,1281,1334),(1280,1334,1333),(1281,1282,1335),(1281,1335,1334),(1282,1283,1336),(1282,1336,1335),(1283,1284,1337),(1283,1337,1336),(1284,1285,1338),(1284,1338,1337),(1285,1286,1339),(1285,1339,1338),(1286,1287,1340),(1286,1340,1339),(1287,1288,1341),(1287,1341,1340),(1288,1289,1342),(1288,1342,1341),(1289,1290,1343),(1289,1343,1342),(1290,1291,1344),(1290,1344,1343),(1291,1292,1345),(1291,1345,1344),(1292,1293,1346),(1292,1346,1345),(1314,1315,1368),(1314,1368,1367),(1315,1316,1369),(1315,1369,1368),(1316,1317,1370),(1316,1370,1369),(1317,1318,1371),(1317,1371,1370),(1318,1319,1372),(1318,1372,1371),(1319,1320,1373),(1319,1373,1372),(1320,1321,1374),(1320,1374,1373),(1321,1322,1375),(1321,1375,1374),(1322,1323,1376),(1322,1376,1375),(1323,1324,1377),(1323,1377,1376),(1324,1325,1378),(1324,1378,1377),(1326,1327,1380),(1326,1380,1379),(1327,1328,1381),(1327,1381,1380),(1328,1329,1382),(1328,1382,1381),(1329,1330,1383),(1329,1383,1382),(1330,1331,1384),(1330,1384,1383),(1331,1332,1385),(1331,1385,1384),(1332,1333,1386),(1332,1386,1385),(1333,1334,1387),(1333,1387,1386),(1334,1335,1388),(1334,1388,1387),(1335,1336,1389),(1335,1389,1388),(1336,1337,1390),(1336,1390,1389),(1337,1338,1391),(1337,1391,1390),(1338,1339,1392),(1338,1392,1391),(1367,1368,1421),(1367,1421,1420),(1368,1369,1422),(1368,1422,1421),(1369,1370,1423),(1369,1423,1422),(1370,1371,1424),(1370,1424,1423),(1371,1372,1425),(1371,1425,1424),(1372,1373,1426),(1372,1426,1425),(1373,1374,1427),(1373,1427,1426),(1374,1375,1428),(1374,1428,1427),(1375,1376,1429),(1375,1429,1428),(1376,1377,1430),(1376,1430,1429),(1377,1378,1431),(1377,1431,1430),(1379,1380,1433),(1379,1433,1432),(1380,1381,1434),(1380,1434,1433),(1381,1382,1435),(1381,1435,1434),(1382,1383,1436),(1382,1436,1435),(1383,1384,1437),(1383,1437,1436),(1384,1385,1438),(1384,1438,1437),(1385,1386,1439),(1385,1439,1438),(1386,1387,1440),(1386,1440,1439),(1387,1388,1441),(1387,1441,1440),(1388,1389,1442),(1388,1442,1441),(1389,1390,1443),(1389,1443,1442),(1390,1391,1444),(1390,1444,1443),(1391,1392,1445),(1391,1445,1444),(1420,1421,1474),(1420,1474,1473),(1421,1422,1475),(1421,1475,1474),(1422,1423,1476),(1422,1476,1475),(1423,1424,1477),(1423,1477,1476),(1424,1425,1478),(1424,1478,1477),(1425,1426,1479),(1425,1479,1478),(1426,1427,1480),(1426,1480,1479),(1427,1428,1481),(1427,1481,1480),(1428,1429,1482),(1428,1482,1481),(1429,1430,1483),(1429,1483,1482),(1430,1431,1484),(1430,1484,1483),(1432,1433,1486),(1432,1486,1485),(1433,1434,1487),(1433,1487,1486),(1434,1435,1488),(1434,1488,1487),(1435,1436,1489),(1435,1489,1488),(1436,1437,1490),(1436,1490,1489),(1437,1438,1491),(1437,1491,1490),(1438,1439,1492),(1438,1492,1491),(1439,1440,1493),(1439,1493,1492),(1440,1441,1494),(1440,1494,1493),(1441,1442,1495),(1441,1495,1494),(1442,1443,1496),(1442,1496,1495),(1443,1444,1497),(1443,1497,1496),(1444,1445,1498),(1444,1498,1497),(1473,1474,1527),(1473,1527,1526),(1474,1475,1528),(1474,1528,1527),(1475,1476,1529),(1475,1529,1528),(1476,1477,1530),(1476,1530,1529),(1477,1478,1531),(1477,1531,1530),(1478,1479,1532),(1478,1532,1531),(1479,1480,1533),(1479,1533,1532),(1480,1481,1534),(1480,1534,1533),(1481,1482,1535),(1481,1535,1534),(1482,1483,1536),(1482,1536,1535),(1483,1484,1537),(1483,1537,1536),(1485,1486,1539),(1485,1539,1538),(1486,1487,1540),(1486,1540,1539),(1487,1488,1541),(1487,1541,1540),(1488,1489,1542),(1488,1542,1541),(1489,1490,1543),(1489,1543,1542),(1490,1491,1544),(1490,1544,1543),(1491,1492,1545),(1491,1545,1544),(1492,1493,1546),(1492,1546,1545),(1493,1494,1547),(1493,1547,1546),(1494,1495,1548),(1494,1548,1547),(1495,1496,1549),(1495,1549,1548),(1496,1497,1550),(1496,1550,1549),(1497,1498,1551),(1497,1551,1550),(1526,1527,1580),(1526,1580,1579),(1527,1528,1581),(1527,1581,1580),(1528,1529,1582),(1528,1582,1581),(1529,1530,1583),(1529,1583,1582),(1530,1531,1584),(1530,1584,1583),(1531,1532,1585),(1531,1585,1584),(1532,1533,1586),(1532,1586,1585),(1533,1534,1587),(1533,1587,1586),(1534,1535,1588),(1534,1588,1587),(1535,1536,1589),(1535,1589,1588),(1536,1537,1590),(1536,1590,1589),(1538,1539,1592),(1538,1592,1591),(1539,1540,1593),(1539,1593,1592),(1540,1541,1594),(1540,1594,1593),(1541,1542,1595),(1541,1595,1594),(1542,1543,1596),(1542,1596,1595),(1543,1544,1597),(1543,1597,1596),(1544,1545,1598),(1544,1598,1597),(1545,1546,1599),(1545,1599,1598),(1546,1547,1600),(1546,1600,1599),(1547,1548,1601),(1547,1601,1600),(1548,1549,1602),(1548,1602,1601),(1549,1550,1603),(1549,1603,1602),(1550,1551,1604),(1550,1604,1603),(1579,1580,1633),(1579,1633,1632),(1580,1581,1634),(1580,1634,1633),(1581,1582,1635),(1581,1635,1634),(1582,1583,1636),(1582,1636,1635),(1583,1584,1637),(1583,1637,1636),(1584,1585,1638),(1584,1638,1637),(1585,1586,1639),(1585,1639,1638),(1586,1587,1640),(1586,1640,1639),(1587,1588,1641),(1587,1641,1640),(1588,1589,1642),(1588,1642,1641),(1589,1590,1643),(1589,1643,1642),(1591,1592,1645),(1591,1645,1644),(1592,1593,1646),(1592,1646,1645),(1593,1594,1647),(1593,1647,1646),(1594,1595,1648),(1594,1648,1647),(1595,1596,1649),(1595,1649,1648),(1596,1597,1650),(1596,1650,1649),(1597,1598,1651),(1597,1651,1650),(1598,1599,1652),(1598,1652,1651),(1599,1600,1653),(1599,1653,1652),(1600,1601,1654),(1600,1654,1653),(1601,1602,1655),(1601,1655,1654),(1602,1603,1656),(1602,1656,1655),(1603,1604,1657),(1603,1657,1656),(1632,1633,1686),(1632,1686,1685),(1633,1634,1687),(1633,1687,1686),(1634,1635,1688),(1634,1688,1687),(1635,1636,1689),(1635,1689,1688),(1636,1637,1690),(1636,1690,1689),(1637,1638,1691),(1637,1691,1690),(1638,1639,1692),(1638,1692,1691),(1639,1640,1693),(1639,1693,1692),(1640,1641,1694),(1640,1694,1693),(1641,1642,1695),(1641,1695,1694),(1642,1643,1696),(1642,1696,1695),(1644,1645,1698),(1644,1698,1697),(1645,1646,1699),(1645,1699,1698),(1646,1647,1700),(1646,1700,1699),(1647,1648,1701),(1647,1701,1700),(1648,1649,1702),(1648,1702,1701),(1649,1650,1703),(1649,1703,1702),(1650,1651,1704),(1650,1704,1703),(1651,1652,1705),(1651,1705,1704),(1652,1653,1706),(1652,1706,1705),(1653,1654,1707),(1653,1707,1706),(1654,1655,1708),(1654,1708,1707),(1655,1656,1709),(1655,1709,1708),(1656,1657,1710),(1656,1710,1709),(1685,1686,1739),(1685,1739,1738),(1686,1687,1740),(1686,1740,1739),(1687,1688,1741),(1687,1741,1740),(1688,1689,1742),(1688,1742,1741),(1689,1690,1743),(1689,1743,1742),(1690,1691,1744),(1690,1744,1743),(1691,1692,1745),(1691,1745,1744),(1692,1693,1746),(1692,1746,1745),(1693,1694,1747),(1693,1747,1746),(1694,1695,1748),(1694,1748,1747),(1695,1696,1749),(1695,1749,1748),(1697,1698,1751),(1697,1751,1750),(1698,1699,1752),(1698,1752,1751),(1699,1700,1753),(1699,1753,1752),(1700,1701,1754),(1700,1754,1753),(1701,1702,1755),(1701,1755,1754),(1702,1703,1756),(1702,1756,1755),(1703,1704,1757),(1703,1757,1756),(1704,1705,1758),(1704,1758,1757),(1705,1706,1759),(1705,1759,1758),(1706,1707,1760),(1706,1760,1759),(1707,1708,1761),(1707,1761,1760),(1708,1709,1762),(1708,1762,1761),(1709,1710,1763),(1709,1763,1762),(1710,1711,1764),(1710,1764,1763),(1711,1712,1765),(1711,1765,1764),(1712,1713,1766),(1712,1766,1765),(1713,1714,1767),(1713,1767,1766),(1714,1715,1768),(1714,1768,1767),(1715,1716,1769),(1715,1769,1768),(1716,1717,1770),(1716,1770,1769),(1738,1739,1792),(1738,1792,1791),(1739,1740,1793),(1739,1793,1792),(1740,1741,1794),(1740,1794,1793),(1741,1742,1795),(1741,1795,1794),(1742,1743,1796),(1742,1796,1795),(1743,1744,1797),(1743,1797,1796),(1744,1745,1798),(1744,1798,1797),(1745,1746,1799),(1745,1799,1798),(1746,1747,1800),(1746,1800,1799),(1747,1748,1801),(1747,1801,1800),(1748,1749,1802),(1748,1802,1801),(1750,1751,1804),(1750,1804,1803),(1751,1752,1805),(1751,1805,1804),(1752,1753,1806),(1752,1806,1805),(1753,1754,1807),(1753,1807,1806),(1754,1755,1808),(1754,1808,1807),(1755,1756,1809),(1755,1809,1808),(1756,1757,1810),(1756,1810,1809),(1757,1758,1811),(1757,1811,1810),(1758,1759,1812),(1758,1812,1811),(1759,1760,1813),(1759,1813,1812),(1760,1761,1814),(1760,1814,1813),(1761,1762,1815),(1761,1815,1814),(1762,1763,1816),(1762,1816,1815),(1763,1764,1817),(1763,1817,1816),(1764,1765,1818),(1764,1818,1817),(1765,1766,1819),(1765,1819,1818),(1766,1767,1820),(1766,1820,1819),(1767,1768,1821),(1767,1821,1820),(1768,1769,1822),(1768,1822,1821),(1769,1770,1823),(1769,1823,1822),(1770,1771,1824),(1770,1824,1823),(1771,1772,1825),(1771,1825,1824),(1772,1773,1826),(1772,1826,1825),(1773,1774,1827),(1773,1827,1826),(1774,1775,1828),(1774,1828,1827),(1775,1776,1829),(1775,1829,1828),(1776,1777,1830),(1776,1830,1829),(1777,1778,1831),(1777,1831,1830),(1778,1779,1832),(1778,1832,1831),(1779,1780,1833),(1779,1833,1832),(1780,1781,1834),(1780,1834,1833),(1781,1782,1835),(1781,1835,1834),(1782,1783,1836),(1782,1836,1835),(1783,1784,1837),(1783,1837,1836),(1784,1785,1838),(1784,1838,1837),(1785,1786,1839),(1785,1839,1838),(1786,1787,1840),(1786,1840,1839),(1787,1788,1841),(1787,1841,1840),(1788,1789,1842),(1788,1842,1841),(1789,1790,1843),(1789,1843,1842),(1790,1791,1844),(1790,1844,1843),(1791,1792,1845),(1791,1845,1844),(1792,1793,1846),(1792,1846,1845),(1793,1794,1847),(1793,1847,1846),(1794,1795,1848),(1794,1848,1847),(1795,1796,1849),(1795,1849,1848),(1796,1797,1850),(1796,1850,1849),(1797,1798,1851),(1797,1851,1850),(1798,1799,1852),(1798,1852,1851),(1799,1800,1853),(1799,1853,1852),(1800,1801,1854),(1800,1854,1853),(1801,1802,1855),(1801,1855,1854),(1803,1804,1857),(1803,1857,1856),(1804,1805,1858),(1804,1858,1857),(1805,1806,1859),(1805,1859,1858),(1806,1807,1860),(1806,1860,1859),(1807,1808,1861),(1807,1861,1860),(1808,1809,1862),(1808,1862,1861),(1809,1810,1863),(1809,1863,1862),(1810,1811,1864),(1810,1864,1863),(1811,1812,1865),(1811,1865,1864),(1812,1813,1866),(1812,1866,1865),(1813,1814,1867),(1813,1867,1866),(1814,1815,1868),(1814,1868,1867),(1815,1816,1869),(1815,1869,1868),(1816,1817,1870),(1816,1870,1869),(1817,1818,1871),(1817,1871,1870),(1818,1819,1872),(1818,1872,1871),(1819,1820,1873),(1819,1873,1872),(1820,1821,1874),(1820,1874,1873),(1821,1822,1875),(1821,1875,1874),(1822,1823,1876),(1822,1876,1875),(1823,1824,1877),(1823,1877,1876),(1824,1825,1878),(1824,1878,1877),(1825,1826,1879),(1825,1879,1878),(1826,1827,1880),(1826,1880,1879),(1827,1828,1881),(1827,1881,1880),(1828,1829,1882),(1828,1882,1881),(1829,1830,1883),(1829,1883,1882),(1830,1831,1884),(1830,1884,1883),(1831,1832,1885),(1831,1885,1884),(1832,1833,1886),(1832,1886,1885),(1833,1834,1887),(1833,1887,1886),(1834,1835,1888),(1834,1888,1887),(1835,1836,1889),(1835,1889,1888),(1836,1837,1890),(1836,1890,1889),(1837,1838,1891),(1837,1891,1890),(1838,1839,1892),(1838,1892,1891),(1839,1840,1893),(1839,1893,1892),(1840,1841,1894),(1840,1894,1893),(1841,1842,1895),(1841,1895,1894),(1842,1843,1896),(1842,1896,1895),(1843,1844,1897),(1843,1897,1896),(1844,1845,1898),(1844,1898,1897),(1845,1846,1899),(1845,1899,1898),(1846,1847,1900),(1846,1900,1899),(1847,1848,1901),(1847,1901,1900),(1848,1849,1902),(1848,1902,1901),(1849,1850,1903),(1849,1903,1902),(1850,1851,1904),(1850,1904,1903),(1851,1852,1905),(1851,1905,1904),(1852,1853,1906),(1852,1906,1905),(1853,1854,1907),(1853,1907,1906),(1854,1855,1908),(1854,1908,1907),(1856,1857,1910),(1856,1910,1909),(1857,1858,1911),(1857,1911,1910),(1858,1859,1912),(1858,1912,1911),(1859,1860,1913),(1859,1913,1912),(1860,1861,1914),(1860,1914,1913),(1861,1862,1915),(1861,1915,1914),(1862,1863,1916),(1862,1916,1915),(1863,1864,1917),(1863,1917,1916),(1864,1865,1918),(1864,1918,1917),(1865,1866,1919),(1865,1919,1918),(1866,1867,1920),(1866,1920,1919),(1867,1868,1921),(1867,1921,1920),(1868,1869,1922),(1868,1922,1921),(1869,1870,1923),(1869,1923,1922),(1870,1871,1924),(1870,1924,1923),(1871,1872,1925),(1871,1925,1924),(1872,1873,1926),(1872,1926,1925),(1873,1874,1927),(1873,1927,1926),(1874,1875,1928),(1874,1928,1927),(1875,1876,1929),(1875,1929,1928),(1876,1877,1930),(1876,1930,1929),(1877,1878,1931),(1877,1931,1930),(1878,1879,1932),(1878,1932,1931),(1879,1880,1933),(1879,1933,1932),(1880,1881,1934),(1880,1934,1933),(1881,1882,1935),(1881,1935,1934),(1882,1883,1936),(1882,1936,1935),(1883,1884,1937),(1883,1937,1936),(1884,1885,1938),(1884,1938,1937),(1885,1886,1939),(1885,1939,1938),(1886,1887,1940),(1886,1940,1939),(1887,1888,1941),(1887,1941,1940),(1888,1889,1942),(1888,1942,1941),(1889,1890,1943),(1889,1943,1942),(1890,1891,1944),(1890,1944,1943),(1891,1892,1945),(1891,1945,1944),(1892,1893,1946),(1892,1946,1945),(1893,1894,1947),(1893,1947,1946),(1894,1895,1948),(1894,1948,1947),(1895,1896,1949),(1895,1949,1948),(1896,1897,1950),(1896,1950,1949),(1897,1898,1951),(1897,1951,1950),(1898,1899,1952),(1898,1952,1951),(1899,1900,1953),(1899,1953,1952),(1900,1901,1954),(1900,1954,1953),(1901,1902,1955),(1901,1955,1954),(1902,1903,1956),(1902,1956,1955),(1903,1904,1957),(1903,1957,1956),(1904,1905,1958),(1904,1958,1957),(1905,1906,1959),(1905,1959,1958),(1906,1907,1960),(1906,1960,1959),(1907,1908,1961),(1907,1961,1960),(1909,1910,1963),(1909,1963,1962),(1910,1911,1964),(1910,1964,1963),(1911,1912,1965),(1911,1965,1964),(1912,1913,1966),(1912,1966,1965),(1913,1914,1967),(1913,1967,1966),(1914,1915,1968),(1914,1968,1967),(1915,1916,1969),(1915,1969,1968),(1916,1917,1970),(1916,1970,1969),(1917,1918,1971),(1917,1971,1970),(1918,1919,1972),(1918,1972,1971),(1919,1920,1973),(1919,1973,1972),(1920,1921,1974),(1920,1974,1973),(1921,1922,1975),(1921,1975,1974),(1922,1923,1976),(1922,1976,1975),(1923,1924,1977),(1923,1977,1976),(1924,1925,1978),(1924,1978,1977),(1925,1926,1979),(1925,1979,1978),(1926,1927,1980),(1926,1980,1979),(1927,1928,1981),(1927,1981,1980),(1928,1929,1982),(1928,1982,1981),(1929,1930,1983),(1929,1983,1982),(1930,1931,1984),(1930,1984,1983),(1931,1932,1985),(1931,1985,1984),(1932,1933,1986),(1932,1986,1985),(1933,1934,1987),(1933,1987,1986),(1934,1935,1988),(1934,1988,1987),(1935,1936,1989),(1935,1989,1988),(1936,1937,1990),(1936,1990,1989),(1937,1938,1991),(1937,1991,1990),(1938,1939,1992),(1938,1992,1991),(1939,1940,1993),(1939,1993,1992),(1940,1941,1994),(1940,1994,1993),(1941,1942,1995),(1941,1995,1994),(1942,1943,1996),(1942,1996,1995),(1943,1944,1997),(1943,1997,1996),(1944,1945,1998),(1944,1998,1997),(1945,1946,1999),(1945,1999,1998),(1946,1947,2000),(1946,2000,1999),(1947,1948,2001),(1947,2001,2000),(1948,1949,2002),(1948,2002,2001),(1949,1950,2003),(1949,2003,2002),(1950,1951,2004),(1950,2004,2003),(1951,1952,2005),(1951,2005,2004),(1952,1953,2006),(1952,2006,2005),(1953,1954,2007),(1953,2007,2006),(1954,1955,2008),(1954,2008,2007),(1955,1956,2009),(1955,2009,2008),(1956,1957,2010),(1956,2010,2009),(1957,1958,2011),(1957,2011,2010),(1958,1959,2012),(1958,2012,2011),(1959,1960,2013),(1959,2013,2012),(1960,1961,2014),(1960,2014,2013),(1962,1963,2016),(1962,2016,2015),(1963,1964,2017),(1963,2017,2016),(1964,1965,2018),(1964,2018,2017),(1965,1966,2019),(1965,2019,2018),(1966,1967,2020),(1966,2020,2019),(1967,1968,2021),(1967,2021,2020),(1968,1969,2022),(1968,2022,2021),(1969,1970,2023),(1969,2023,2022),(1970,1971,2024),(1970,2024,2023),(1971,1972,2025),(1971,2025,2024),(1972,1973,2026),(1972,2026,2025),(1973,1974,2027),(1973,2027,2026),(1974,1975,2028),(1974,2028,2027),(1975,1976,2029),(1975,2029,2028),(1976,1977,2030),(1976,2030,2029),(1977,1978,2031),(1977,2031,2030),(1978,1979,2032),(1978,2032,2031),(1979,1980,2033),(1979,2033,2032),(1980,1981,2034),(1980,2034,2033),(1981,1982,2035),(1981,2035,2034),(1982,1983,2036),(1982,2036,2035),(1983,1984,2037),(1983,2037,2036),(1984,1985,2038),(1984,2038,2037),(1985,1986,2039),(1985,2039,2038),(1986,1987,2040),(1986,2040,2039),(1987,1988,2041),(1987,2041,2040),(1988,1989,2042),(1988,2042,2041),(1989,1990,2043),(1989,2043,2042),(1990,1991,2044),(1990,2044,2043),(1991,1992,2045),(1991,2045,2044),(1992,1993,2046),(1992,2046,2045),(1993,1994,2047),(1993,2047,2046),(1994,1995,2048),(1994,2048,2047),(1995,1996,2049),(1995,2049,2048),(1996,1997,2050),(1996,2050,2049),(1997,1998,2051),(1997,2051,2050),(1998,1999,2052),(1998,2052,2051),(1999,2000,2053),(1999,2053,2052),(2000,2001,2054),(2000,2054,2053),(2001,2002,2055),(2001,2055,2054),(2002,2003,2056),(2002,2056,2055),(2003,2004,2057),(2003,2057,2056),(2004,2005,2058),(2004,2058,2057),(2005,2006,2059),(2005,2059,2058),(2006,2007,2060),(2006,2060,2059),(2007,2008,2061),(2007,2061,2060),(2008,2009,2062),(2008,2062,2061),(2009,2010,2063),(2009,2063,2062),(2010,2011,2064),(2010,2064,2063),(2011,2012,2065),(2011,2065,2064),(2012,2013,2066),(2012,2066,2065),(2013,2014,2067),(2013,2067,2066),(2015,2016,2069),(2015,2069,2068),(2016,2017,2070),(2016,2070,2069),(2017,2018,2071),(2017,2071,2070),(2018,2019,2072),(2018,2072,2071),(2019,2020,2073),(2019,2073,2072),(2020,2021,2074),(2020,2074,2073),(2021,2022,2075),(2021,2075,2074),(2022,2023,2076),(2022,2076,2075),(2023,2024,2077),(2023,2077,2076),(2024,2025,2078),(2024,2078,2077),(2025,2026,2079),(2025,2079,2078),(2026,2027,2080),(2026,2080,2079),(2027,2028,2081),(2027,2081,2080),(2028,2029,2082),(2028,2082,2081),(2029,2030,2083),(2029,2083,2082),(2030,2031,2084),(2030,2084,2083),(2031,2032,2085),(2031,2085,2084),(2032,2033,2086),(2032,2086,2085),(2033,2034,2087),(2033,2087,2086),(2034,2035,2088),(2034,2088,2087),(2035,2036,2089),(2035,2089,2088),(2036,2037,2090),(2036,2090,2089),(2037,2038,2091),(2037,2091,2090),(2038,2039,2092),(2038,2092,2091),(2039,2040,2093),(2039,2093,2092),(2040,2041,2094),(2040,2094,2093),(2041,2042,2095),(2041,2095,2094),(2042,2043,2096),(2042,2096,2095),(2043,2044,2097),(2043,2097,2096),(2044,2045,2098),(2044,2098,2097),(2045,2046,2099),(2045,2099,2098),(2046,2047,2100),(2046,2100,2099),(2047,2048,2101),(2047,2101,2100),(2048,2049,2102),(2048,2102,2101),(2049,2050,2103),(2049,2103,2102),(2050,2051,2104),(2050,2104,2103),(2051,2052,2105),(2051,2105,2104),(2052,2053,2106),(2052,2106,2105),(2053,2054,2107),(2053,2107,2106),(2054,2055,2108),(2054,2108,2107),(2055,2056,2109),(2055,2109,2108),(2056,2057,2110),(2056,2110,2109),(2057,2058,2111),(2057,2111,2110),(2058,2059,2112),(2058,2112,2111),(2059,2060,2113),(2059,2113,2112),(2060,2061,2114),(2060,2114,2113),(2061,2062,2115),(2061,2115,2114),(2062,2063,2116),(2062,2116,2115),(2063,2064,2117),(2063,2117,2116),(2064,2065,2118),(2064,2118,2117),(2065,2066,2119),(2065,2119,2118),(2066,2067,2120),(2066,2120,2119),(2068,2069,2122),(2068,2122,2121),(2069,2070,2123),(2069,2123,2122),(2070,2071,2124),(2070,2124,2123),(2071,2072,2125),(2071,2125,2124),(2072,2073,2126),(2072,2126,2125),(2073,2074,2127),(2073,2127,2126),(2074,2075,2128),(2074,2128,2127),(2075,2076,2129),(2075,2129,2128),(2076,2077,2130),(2076,2130,2129),(2077,2078,2131),(2077,2131,2130),(2078,2079,2132),(2078,2132,2131),(2079,2080,2133),(2079,2133,2132),(2080,2081,2134),(2080,2134,2133),(2081,2082,2135),(2081,2135,2134),(2082,2083,2136),(2082,2136,2135),(2083,2084,2137),(2083,2137,2136),(2084,2085,2138),(2084,2138,2137),(2085,2086,2139),(2085,2139,2138),(2086,2087,2140),(2086,2140,2139),(2087,2088,2141),(2087,2141,2140),(2088,2089,2142),(2088,2142,2141),(2089,2090,2143),(2089,2143,2142),(2090,2091,2144),(2090,2144,2143),(2091,2092,2145),(2091,2145,2144),(2092,2093,2146),(2092,2146,2145),(2093,2094,2147),(2093,2147,2146),(2094,2095,2148),(2094,2148,2147),(2095,2096,2149),(2095,2149,2148),(2096,2097,2150),(2096,2150,2149),(2097,2098,2151),(2097,2151,2150),(2098,2099,2152),(2098,2152,2151),(2099,2100,2153),(2099,2153,2152),(2100,2101,2154),(2100,2154,2153),(2101,2102,2155),(2101,2155,2154),(2102,2103,2156),(2102,2156,2155),(2103,2104,2157),(2103,2157,2156),(2104,2105,2158),(2104,2158,2157),(2105,2106,2159),(2105,2159,2158),(2106,2107,2160),(2106,2160,2159),(2107,2108,2161),(2107,2161,2160),(2108,2109,2162),(2108,2162,2161),(2109,2110,2163),(2109,2163,2162),(2110,2111,2164),(2110,2164,2163),(2111,2112,2165),(2111,2165,2164),(2112,2113,2166),(2112,2166,2165),(2113,2114,2167),(2113,2167,2166),(2114,2115,2168),(2114,2168,2167),(2115,2116,2169),(2115,2169,2168),(2116,2117,2170),(2116,2170,2169),(2117,2118,2171),(2117,2171,2170),(2118,2119,2172),(2118,2172,2171),(2119,2120,2173),(2119,2173,2172),(2121,2122,2175),(2121,2175,2174),(2122,2123,2176),(2122,2176,2175),(2123,2124,2177),(2123,2177,2176),(2124,2125,2178),(2124,2178,2177),(2125,2126,2179),(2125,2179,2178),(2126,2127,2180),(2126,2180,2179),(2127,2128,2181),(2127,2181,2180),(2128,2129,2182),(2128,2182,2181),(2129,2130,2183),(2129,2183,2182),(2130,2131,2184),(2130,2184,2183),(2131,2132,2185),(2131,2185,2184),(2132,2133,2186),(2132,2186,2185),(2133,2134,2187),(2133,2187,2186),(2134,2135,2188),(2134,2188,2187),(2135,2136,2189),(2135,2189,2188),(2136,2137,2190),(2136,2190,2189),(2137,2138,2191),(2137,2191,2190),(2138,2139,2192),(2138,2192,2191),(2139,2140,2193),(2139,2193,2192),(2140,2141,2194),(2140,2194,2193),(2141,2142,2195),(2141,2195,2194),(2142,2143,2196),(2142,2196,2195),(2143,2144,2197),(2143,2197,2196),(2144,2145,2198),(2144,2198,2197),(2145,2146,2199),(2145,2199,2198),(2146,2147,2200),(2146,2200,2199),(2147,2148,2201),(2147,2201,2200),(2148,2149,2202),(2148,2202,2201),(2149,2150,2203),(2149,2203,2202),(2150,2151,2204),(2150,2204,2203),(2151,2152,2205),(2151,2205,2204),(2152,2153,2206),(2152,2206,2205),(2153,2154,2207),(2153,2207,2206),(2154,2155,2208),(2154,2208,2207),(2155,2156,2209),(2155,2209,2208),(2156,2157,2210),(2156,2210,2209),(2157,2158,2211),(2157,2211,2210),(2158,2159,2212),(2158,2212,2211),(2159,2160,2213),(2159,2213,2212),(2160,2161,2214),(2160,2214,2213),(2161,2162,2215),(2161,2215,2214),(2162,2163,2216),(2162,2216,2215),(2163,2164,2217),(2163,2217,2216),(2164,2165,2218),(2164,2218,2217),(2165,2166,2219),(2165,2219,2218),(2166,2167,2220),(2166,2220,2219),(2167,2168,2221),(2167,2221,2220),(2168,2169,2222),(2168,2222,2221),(2169,2170,2223),(2169,2223,2222),(2170,2171,2224),(2170,2224,2223),(2171,2172,2225),(2171,2225,2224),(2172,2173,2226),(2172,2226,2225),(2174,2175,2228),(2174,2228,2227),(2175,2176,2229),(2175,2229,2228),(2176,2177,2230),(2176,2230,2229),(2177,2178,2231),(2177,2231,2230),(2178,2179,2232),(2178,2232,2231),(2179,2180,2233),(2179,2233,2232),(2180,2181,2234),(2180,2234,2233),(2181,2182,2235),(2181,2235,2234),(2182,2183,2236),(2182,2236,2235),(2183,2184,2237),(2183,2237,2236),(2184,2185,2238),(2184,2238,2237),(2185,2186,2239),(2185,2239,2238),(2186,2187,2240),(2186,2240,2239),(2187,2188,2241),(2187,2241,2240),(2188,2189,2242),(2188,2242,2241),(2189,2190,2243),(2189,2243,2242),(2190,2191,2244),(2190,2244,2243),(2191,2192,2245),(2191,2245,2244),(2192,2193,2246),(2192,2246,2245),(2193,2194,2247),(2193,2247,2246),(2194,2195,2248),(2194,2248,2247),(2195,2196,2249),(2195,2249,2248),(2196,2197,2250),(2196,2250,2249),(2197,2198,2251),(2197,2251,2250),(2198,2199,2252),(2198,2252,2251),(2199,2200,2253),(2199,2253,2252),(2200,2201,2254),(2200,2254,2253),(2201,2202,2255),(2201,2255,2254),(2202,2203,2256),(2202,2256,2255),(2203,2204,2257),(2203,2257,2256),(2204,2205,2258),(2204,2258,2257),(2205,2206,2259),(2205,2259,2258),(2206,2207,2260),(2206,2260,2259),(2207,2208,2261),(2207,2261,2260),(2208,2209,2262),(2208,2262,2261),(2209,2210,2263),(2209,2263,2262),(2210,2211,2264),(2210,2264,2263),(2211,2212,2265),(2211,2265,2264),(2212,2213,2266),(2212,2266,2265),(2213,2214,2267),(2213,2267,2266),(2214,2215,2268),(2214,2268,2267),(2215,2216,2269),(2215,2269,2268),(2216,2217,2270),(2216,2270,2269),(2217,2218,2271),(2217,2271,2270),(2218,2219,2272),(2218,2272,2271),(2219,2220,2273),(2219,2273,2272),(2220,2221,2274),(2220,2274,2273),(2221,2222,2275),(2221,2275,2274),(2222,2223,2276),(2222,2276,2275),(2223,2224,2277),(2223,2277,2276),(2224,2225,2278),(2224,2278,2277),(2225,2226,2279),(2225,2279,2278),(2227,2228,2281),(2227,2281,2280),(2228,2229,2282),(2228,2282,2281),(2229,2230,2283),(2229,2283,2282),(2230,2231,2284),(2230,2284,2283),(2231,2232,2285),(2231,2285,2284),(2232,2233,2286),(2232,2286,2285),(2233,2234,2287),(2233,2287,2286),(2234,2235,2288),(2234,2288,2287),(2235,2236,2289),(2235,2289,2288),(2236,2237,2290),(2236,2290,2289),(2237,2238,2291),(2237,2291,2290),(2238,2239,2292),(2238,2292,2291),(2239,2240,2293),(2239,2293,2292),(2240,2241,2294),(2240,2294,2293),(2241,2242,2295),(2241,2295,2294),(2242,2243,2296),(2242,2296,2295),(2243,2244,2297),(2243,2297,2296),(2244,2245,2298),(2244,2298,2297),(2245,2246,2299),(2245,2299,2298),(2246,2247,2300),(2246,2300,2299),(2247,2248,2301),(2247,2301,2300),(2248,2249,2302),(2248,2302,2301),(2249,2250,2303),(2249,2303,2302),(2250,2251,2304),(2250,2304,2303),(2251,2252,2305),(2251,2305,2304),(2252,2253,2306),(2252,2306,2305),(2253,2254,2307),(2253,2307,2306),(2254,2255,2308),(2254,2308,2307),(2255,2256,2309),(2255,2309,2308),(2256,2257,2310),(2256,2310,2309),(2257,2258,2311),(2257,2311,2310),(2258,2259,2312),(2258,2312,2311),(2259,2260,2313),(2259,2313,2312),(2260,2261,2314),(2260,2314,2313),(2261,2262,2315),(2261,2315,2314),(2262,2263,2316),(2262,2316,2315),(2263,2264,2317),(2263,2317,2316),(2264,2265,2318),(2264,2318,2317),(2265,2266,2319),(2265,2319,2318),(2266,2267,2320),(2266,2320,2319),(2267,2268,2321),(2267,2321,2320),(2268,2269,2322),(2268,2322,2321),(2269,2270,2323),(2269,2323,2322),(2270,2271,2324),(2270,2324,2323),(2271,2272,2325),(2271,2325,2324),(2272,2273,2326),(2272,2326,2325),(2273,2274,2327),(2273,2327,2326),(2274,2275,2328),(2274,2328,2327),(2275,2276,2329),(2275,2329,2328),(2276,2277,2330),(2276,2330,2329),(2277,2278,2331),(2277,2331,2330),(2278,2279,2332),(2278,2332,2331),(2280,2281,2334),(2280,2334,2333),(2281,2282,2335),(2281,2335,2334),(2282,2283,2336),(2282,2336,2335),(2283,2284,2337),(2283,2337,2336),(2284,2285,2338),(2284,2338,2337),(2285,2286,2339),(2285,2339,2338),(2286,2287,2340),(2286,2340,2339),(2287,2288,2341),(2287,2341,2340),(2288,2289,2342),(2288,2342,2341),(2289,2290,2343),(2289,2343,2342),(2290,2291,2344),(2290,2344,2343),(2291,2292,2345),(2291,2345,2344),(2292,2293,2346),(2292,2346,2345),(2293,2294,2347),(2293,2347,2346),(2294,2295,2348),(2294,2348,2347),(2295,2296,2349),(2295,2349,2348),(2296,2297,2350),(2296,2350,2349),(2297,2298,2351),(2297,2351,2350),(2298,2299,2352),(2298,2352,2351),(2299,2300,2353),(2299,2353,2352),(2300,2301,2354),(2300,2354,2353),(2301,2302,2355),(2301,2355,2354),(2302,2303,2356),(2302,2356,2355),(2303,2304,2357),(2303,2357,2356),(2304,2305,2358),(2304,2358,2357),(2305,2306,2359),(2305,2359,2358),(2306,2307,2360),(2306,2360,2359),(2307,2308,2361),(2307,2361,2360),(2308,2309,2362),(2308,2362,2361),(2309,2310,2363),(2309,2363,2362),(2310,2311,2364),(2310,2364,2363),(2311,2312,2365),(2311,2365,2364),(2312,2313,2366),(2312,2366,2365),(2313,2314,2367),(2313,2367,2366),(2314,2315,2368),(2314,2368,2367),(2315,2316,2369),(2315,2369,2368),(2316,2317,2370),(2316,2370,2369),(2317,2318,2371),(2317,2371,2370),(2318,2319,2372),(2318,2372,2371),(2319,2320,2373),(2319,2373,2372),(2320,2321,2374),(2320,2374,2373),(2321,2322,2375),(2321,2375,2374),(2322,2323,2376),(2322,2376,2375),(2323,2324,2377),(2323,2377,2376),(2324,2325,2378),(2324,2378,2377),(2325,2326,2379),(2325,2379,2378),(2326,2327,2380),(2326,2380,2379),(2327,2328,2381),(2327,2381,2380),(2328,2329,2382),(2328,2382,2381),(2329,2330,2383),(2329,2383,2382),(2330,2331,2384),(2330,2384,2383),(2331,2332,2385),(2331,2385,2384)),$);
#43=IFCSHAPEREPRESENTATION(#11,'Body','Tessellation',(#42));
#44=IFCPRODUCTDEFINITIONSHAPE($,$,(#43));
#45=IFCCOLOURRGB($,0.36,0.55,0.2);
#46=IFCSURFACESTYLERENDERING(#45,0.,$,$,$,$,$,$,.NOTDEFINED.);
#47=IFCSURFACESTYLE('rgba 0.36 0.55 0.2 1',.BOTH.,(#46));
#48=IFCSTYLEDITEM(#42,(#47),$);
#49=IFCSLAB('1oCT60cqF5FqY1fJitW2Ft',$,'Terrace paving',$,$,#52,#66,$,.FLOOR.);
#50=IFCCARTESIANPOINT((0.,0.,-0.15));
#51=IFCAXIS2PLACEMENT3D(#50,$,$);
#52=IFCLOCALPLACEMENT(#16,#51);
#53=IFCCARTESIANPOINT((-10.,-7.));
#54=IFCCARTESIANPOINT((14.,-7.));
#55=IFCCARTESIANPOINT((14.,-3.));
#56=IFCCARTESIANPOINT((22.,-3.));
#57=IFCCARTESIANPOINT((22.,0.));
#58=IFCCARTESIANPOINT((-10.,0.));
#59=IFCPOLYLINE((#53,#54,#55,#56,#57,#58,#53));
#60=IFCARBITRARYCLOSEDPROFILEDEF(.AREA.,$,#59);
#61=IFCCARTESIANPOINT((0.,0.,0.));
#62=IFCAXIS2PLACEMENT3D(#61,$,$);
#63=IFCDIRECTION((0.,0.,1.));
#64=IFCEXTRUDEDAREASOLID(#60,#62,#63,0.15);
#65=IFCSHAPEREPRESENTATION(#11,'Body','SweptSolid',(#64));
#66=IFCPRODUCTDEFINITIONSHAPE($,$,(#65));
#67=IFCCOLOURRGB($,0.9,0.84,0.74);
#68=IFCSURFACESTYLERENDERING(#67,0.,$,$,$,$,$,$,.NOTDEFINED.);
#69=IFCSURFACESTYLE('rgba 0.9 0.84 0.74 1',.BOTH.,(#68));
#70=IFCSTYLEDITEM(#64,(#69),$);
#71=IFCSTAIRFLIGHT('2HH8OFHPjOlsOOtpvRnzml',$,'Garden steps',$,$,#74,#78,$,$,$,$,$,$);
#72=IFCCARTESIANPOINT((0.,0.,0.));
#73=IFCAXIS2PLACEMENT3D(#72,$,$);
#74=IFCLOCALPLACEMENT(#16,#73);
#75=IFCCARTESIANPOINTLIST3D(((4.,-7.3,-1.),(9.,-7.3,-1.),(9.,-7.,-1.),(4.,-7.,-1.),(4.,-7.3,-0.17),(9.,-7.3,-0.17),(9.,-7.,-0.17),(4.,-7.,-0.17),(4.,-7.6,-1.),(9.,-7.6,-1.),(9.,-7.3,-1.),(4.,-7.3,-1.),(4.,-7.6,-0.34),(9.,-7.6,-0.34),(9.,-7.3,-0.34),(4.,-7.3,-0.34),(4.,-7.9,-1.),(9.,-7.9,-1.),(9.,-7.6,-1.),(4.,-7.6,-1.),(4.,-7.9,-0.51),(9.,-7.9,-0.51),(9.,-7.6,-0.51),(4.,-7.6,-0.51),(4.,-8.2,-1.),(9.,-8.2,-1.),(9.,-7.9,-1.),(4.,-7.9,-1.),(4.,-8.2,-0.68),(9.,-8.2,-0.68),(9.,-7.9,-0.68),(4.,-7.9,-0.68)));
#76=IFCTRIANGULATEDFACESET(#75,$,$,((1,3,2),(1,4,3),(5,6,7),(5,7,8),(1,2,6),(1,6,5),(2,3,7),(2,7,6),(3,4,8),(3,8,7),(4,1,5),(4,5,8),(9,11,10),(9,12,11),(13,14,15),(13,15,16),(9,10,14),(9,14,13),(10,11,15),(10,15,14),(11,12,16),(11,16,15),(12,9,13),(12,13,16),(17,19,18),(17,20,19),(21,22,23),(21,23,24),(17,18,22),(17,22,21),(18,19,23),(18,23,22),(19,20,24),(19,24,23),(20,17,21),(20,21,24),(25,27,26),(25,28,27),(29,30,31),(29,31,32),(25,26,30),(25,30,29),(26,27,31),(26,31,30),(27,28,32),(27,32,31),(28,25,29),(28,29,32)),$);
#77=IFCSHAPEREPRESENTATION(#11,'Body','Tessellation',(#76));
#78=IFCPRODUCTDEFINITIONSHAPE($,$,(#77));
#79=IFCSTYLEDITEM(#76,(#69),$);
#80=IFCSTAIRFLIGHT('2A9E8tWjMFAUo3MrRsVXmx',$,'Side steps',$,$,#83,#87,$,$,$,$,$,$);
#81=IFCCARTESIANPOINT((0.,0.,0.));
#82=IFCAXIS2PLACEMENT3D(#81,$,$);
#83=IFCLOCALPLACEMENT(#16,#82);
#84=IFCCARTESIANPOINTLIST3D(((22.,-3.,-1.),(22.3,-3.,-1.),(22.3,-1.,-1.),(22.,-1.,-1.),(22.,-3.,-0.17),(22.3,-3.,-0.17),(22.3,-1.,-0.17),(22.,-1.,-0.17),(22.3,-3.,-1.),(22.6,-3.,-1.),(22.6,-1.,-1.),(22.3,-1.,-1.),(22.3,-3.,-0.34),(22.6,-3.,-0.34),(22.6,-1.,-0.34),(22.3,-1.,-0.34),(22.6,-3.,-1.),(22.9,-3.,-1.),(22.9,-1.,-1.),(22.6,-1.,-1.),(22.6,-3.,-0.51),(22.9,-3.,-0.51),(22.9,-1.,-0.51),(22.6,-1.,-0.51),(22.9,-3.,-1.),(23.2,-3.,-1.),(23.2,-1.,-1.),(22.9,-1.,-1.),(22.9,-3.,-0.68),(23.2,-3.,-0.68),(23.2,-1.,-0.68),(22.9,-1.,-0.68),(23.2,-3.,-1.),(24.,-3.,-1.),(24.,-1.,-1.),(23.2,-1.,-1.),(23.2,-3.,-0.85),(24.,-3.,-0.85),(24.,-1.,-0.85),(23.2,-1.,-0.85)));
#85=IFCTRIANGULATEDFACESET(#84,$,$,((1,3,2),(1,4,3),(5,6,7),(5,7,8),(1,2,6),(1,6,5),(2,3,7),(2,7,6),(3,4,8),(3,8,7),(4,1,5),(4,5,8),(9,11,10),(9,12,11),(13,14,15),(13,15,16),(9,10,14),(9,14,13),(10,11,15),(10,15,14),(11,12,16),(11,16,15),(12,9,13),(12,13,16),(17,19,18),(17,20,19),(21,22,23),(21,23,24),(17,18,22),(17,22,21),(18,19,23),(18,23,22),(19,20,24),(19,24,23),(20,17,21),(20,21,24),(25,27,26),(25,28,27),(29,30,31),(29,31,32),(25,26,30),(25,30,29),(26,27,31),(26,31,30),(27,28,32),(27,32,31),(28,25,29),(28,29,32),(33,35,34),(33,36,35),(37,38,39),(37,39,40),(33,34,38),(33,38,37),(34,35,39),(34,39,38),(35,36,40),(35,40,39),(36,33,37),(36,37,40)),$);
#86=IFCSHAPEREPRESENTATION(#11,'Body','Tessellation',(#85));
#87=IFCPRODUCTDEFINITIONSHAPE($,$,(#86));
#88=IFCSTYLEDITEM(#85,(#69),$);
#89=IFCSLAB('2iskKbsy8WWcu6lzexChfO',$,'Pool deck west',$,$,#92,#104,$,.FLOOR.);
#90=IFCCARTESIANPOINT((0.,0.,-1.));
#91=IFCAXIS2PLACEMENT3D(#90,$,$);
#92=IFCLOCALPLACEMENT(#16,#91);
#93=IFCCARTESIANPOINT((-2.,-20.));
#94=IFCCARTESIANPOINT((0.,-20.));
#95=IFCCARTESIANPOINT((0.,-10.));
#96=IFCCARTESIANPOINT((-2.,-10.));
#97=IFCPOLYLINE((#93,#94,#95,#96,#93));
#98=IFCARBITRARYCLOSEDPROFILEDEF(.AREA.,$,#97);
#99=IFCCARTESIANPOINT((0.,0.,0.));
#100=IFCAXIS2PLACEMENT3D(#99,$,$);
#101=IFCDIRECTION((0.,0.,1.));
#102=IFCEXTRUDEDAREASOLID(#98,#100,#101,0.15);
#103=IFCSHAPEREPRESENTATION(#11,'Body','SweptSolid',(#102));
#104=IFCPRODUCTDEFINITIONSHAPE($,$,(#103));
#105=IFCSTYLEDITEM(#102,(#69),$);
#106=IFCSLAB('0z4KoSAlPJpmsnyd0l1jGe',$,'Pool deck east',$,$,#109,#121,$,.FLOOR.);
#107=IFCCARTESIANPOINT((0.,0.,-1.));
#108=IFCAXIS2PLACEMENT3D(#107,$,$);
#109=IFCLOCALPLACEMENT(#16,#108);
#110=IFCCARTESIANPOINT((12.,-20.));
#111=IFCCARTESIANPOINT((16.,-20.));
#112=IFCCARTESIANPOINT((16.,-10.));
#113=IFCCARTESIANPOINT((12.,-10.));
#114=IFCPOLYLINE((#110,#111,#112,#113,#110));
#115=IFCARBITRARYCLOSEDPROFILEDEF(.AREA.,$,#114);
#116=IFCCARTESIANPOINT((0.,0.,0.));
#117=IFCAXIS2PLACEMENT3D(#116,$,$);
#118=IFCDIRECTION((0.,0.,1.));
#119=IFCEXTRUDEDAREASOLID(#115,#117,#118,0.15);
#120=IFCSHAPEREPRESENTATION(#11,'Body','SweptSolid',(#119));
#121=IFCPRODUCTDEFINITIONSHAPE($,$,(#120));
#122=IFCSTYLEDITEM(#119,(#69),$);
#123=IFCSLAB('29IyQWrcAbJ8OYsgXZY4XA',$,'Pool deck south',$,$,#126,#138,$,.FLOOR.);
#124=IFCCARTESIANPOINT((0.,0.,-1.));
#125=IFCAXIS2PLACEMENT3D(#124,$,$);
#126=IFCLOCALPLACEMENT(#16,#125);
#127=IFCCARTESIANPOINT((0.,-20.));
#128=IFCCARTESIANPOINT((12.,-20.));
#129=IFCCARTESIANPOINT((12.,-18.));
#130=IFCCARTESIANPOINT((0.,-18.));
#131=IFCPOLYLINE((#127,#128,#129,#130,#127));
#132=IFCARBITRARYCLOSEDPROFILEDEF(.AREA.,$,#131);
#133=IFCCARTESIANPOINT((0.,0.,0.));
#134=IFCAXIS2PLACEMENT3D(#133,$,$);
#135=IFCDIRECTION((0.,0.,1.));
#136=IFCEXTRUDEDAREASOLID(#132,#134,#135,0.15);
#137=IFCSHAPEREPRESENTATION(#11,'Body','SweptSolid',(#136));
#138=IFCPRODUCTDEFINITIONSHAPE($,$,(#137));
#139=IFCSTYLEDITEM(#136,(#69),$);
#140=IFCSLAB('0X_ndUn502G$kHM6WV00d4',$,'Pool deck north',$,$,#143,#155,$,.FLOOR.);
#141=IFCCARTESIANPOINT((0.,0.,-1.));
#142=IFCAXIS2PLACEMENT3D(#141,$,$);
#143=IFCLOCALPLACEMENT(#16,#142);
#144=IFCCARTESIANPOINT((0.,-12.));
#145=IFCCARTESIANPOINT((12.,-12.));
#146=IFCCARTESIANPOINT((12.,-10.));
#147=IFCCARTESIANPOINT((0.,-10.));
#148=IFCPOLYLINE((#144,#145,#146,#147,#144));
#149=IFCARBITRARYCLOSEDPROFILEDEF(.AREA.,$,#148);
#150=IFCCARTESIANPOINT((0.,0.,0.));
#151=IFCAXIS2PLACEMENT3D(#150,$,$);
#152=IFCDIRECTION((0.,0.,1.));
#153=IFCEXTRUDEDAREASOLID(#149,#151,#152,0.15);
#154=IFCSHAPEREPRESENTATION(#11,'Body','SweptSolid',(#153));
#155=IFCPRODUCTDEFINITIONSHAPE($,$,(#154));
#156=IFCSTYLEDITEM(#153,(#69),$);
#157=IFCSLAB('3b5Uv6hkEy2ngnWAWP_9II',$,'Deck link to the steps',$,$,#160,#172,$,.FLOOR.);
#158=IFCCARTESIANPOINT((0.,0.,-1.));
#159=IFCAXIS2PLACEMENT3D(#158,$,$);
#160=IFCLOCALPLACEMENT(#16,#159);
#161=IFCCARTESIANPOINT((4.,-10.));
#162=IFCCARTESIANPOINT((9.,-10.));
#163=IFCCARTESIANPOINT((9.,-8.2));
#164=IFCCARTESIANPOINT((4.,-8.2));
#165=IFCPOLYLINE((#161,#162,#163,#164,#161));
#166=IFCARBITRARYCLOSEDPROFILEDEF(.AREA.,$,#165);
#167=IFCCARTESIANPOINT((0.,0.,0.));
#168=IFCAXIS2PLACEMENT3D(#167,$,$);
#169=IFCDIRECTION((0.,0.,1.));
#170=IFCEXTRUDEDAREASOLID(#166,#168,#169,0.15);
#171=IFCSHAPEREPRESENTATION(#11,'Body','SweptSolid',(#170));
#172=IFCPRODUCTDEFINITIONSHAPE($,$,(#171));
#173=IFCSTYLEDITEM(#170,(#69),$);
#174=IFCBUILDINGELEMENTPROXY('1oxvjcVc5arn2NUTCBk8Ng',$,'Pool basin',$,'Swimming pool',#177,#186,$,$);
#175=IFCCARTESIANPOINT((0.,0.,0.));
#176=IFCAXIS2PLACEMENT3D(#175,$,$);
#177=IFCLOCALPLACEMENT(#16,#176);
#178=IFCCARTESIANPOINT((6.25,3.25));
#179=IFCAXIS2PLACEMENT2D(#178,$);
#180=IFCRECTANGLEPROFILEDEF(.AREA.,$,#179,12.5,6.5);
#181=IFCCARTESIANPOINT((-0.25,-18.25,-2.6));
#182=IFCAXIS2PLACEMENT3D(#181,$,$);
#183=IFCDIRECTION((0.,0.,1.));
#184=IFCEXTRUDEDAREASOLID(#180,#182,#183,0.25);
#185=IFCSHAPEREPRESENTATION(#11,'Body','SweptSolid',(#184,#200,#208,#216,#224,#232,#240,#248));
#186=IFCPRODUCTDEFINITIONSHAPE($,$,(#185));
#187=IFCCOLOURRGB($,0.96,0.95,0.92);
#188=IFCSURFACESTYLERENDERING(#187,0.,$,$,$,$,$,$,.NOTDEFINED.);
#189=IFCSURFACESTYLE('rgba 0.96 0.95 0.92 1',.BOTH.,(#188));
#190=IFCSTYLEDITEM(#184,(#189),$);
#191=IFCCOLOURRGB($,0.96,0.95,0.92);
#192=IFCSURFACESTYLERENDERING(#191,0.,$,$,$,$,$,$,.NOTDEFINED.);
#193=IFCSURFACESTYLE('colour 0.96 0.95 0.92',.BOTH.,(#192));
#194=IFCCARTESIANPOINT((0.125,3.25));
#195=IFCAXIS2PLACEMENT2D(#194,$);
#196=IFCRECTANGLEPROFILEDEF(.AREA.,$,#195,0.25,6.5);
#197=IFCCARTESIANPOINT((-0.25,-18.25,-2.35));
#198=IFCAXIS2PLACEMENT3D(#197,$,$);
#199=IFCDIRECTION((0.,0.,1.));
#200=IFCEXTRUDEDAREASOLID(#196,#198,#199,1.35);
#201=IFCSTYLEDITEM(#200,(#193),$);
#202=IFCCARTESIANPOINT((0.125,3.25));
#203=IFCAXIS2PLACEMENT2D(#202,$);
#204=IFCRECTANGLEPROFILEDEF(.AREA.,$,#203,0.25,6.5);
#205=IFCCARTESIANPOINT((12.,-18.25,-2.35));
#206=IFCAXIS2PLACEMENT3D(#205,$,$);
#207=IFCDIRECTION((0.,0.,1.));
#208=IFCEXTRUDEDAREASOLID(#204,#206,#207,1.35);
#209=IFCSTYLEDITEM(#208,(#193),$);
#210=IFCCARTESIANPOINT((6.,0.125));
#211=IFCAXIS2PLACEMENT2D(#210,$);
#212=IFCRECTANGLEPROFILEDEF(.AREA.,$,#211,12.,0.25);
#213=IFCCARTESIANPOINT((0.,-18.25,-2.35));
#214=IFCAXIS2PLACEMENT3D(#213,$,$);
#215=IFCDIRECTION((0.,0.,1.));
#216=IFCEXTRUDEDAREASOLID(#212,#214,#215,1.35);
#217=IFCSTYLEDITEM(#216,(#193),$);
#218=IFCCARTESIANPOINT((6.,0.125));
#219=IFCAXIS2PLACEMENT2D(#218,$);
#220=IFCRECTANGLEPROFILEDEF(.AREA.,$,#219,12.,0.25);
#221=IFCCARTESIANPOINT((0.,-12.,-2.35));
#222=IFCAXIS2PLACEMENT3D(#221,$,$);
#223=IFCDIRECTION((0.,0.,1.));
#224=IFCEXTRUDEDAREASOLID(#220,#222,#223,1.35);
#225=IFCSTYLEDITEM(#224,(#193),$);
#226=IFCCARTESIANPOINT((1.2000000000000002,0.20000000000000015));
#227=IFCAXIS2PLACEMENT2D(#226,$);
#228=IFCRECTANGLEPROFILEDEF(.AREA.,$,#227,2.4000000000000004,0.4000000000000003);
#229=IFCCARTESIANPOINT((9.6,-12.4,-2.35));
#230=IFCAXIS2PLACEMENT3D(#229,$,$);
#231=IFCDIRECTION((0.,0.,1.));
#232=IFCEXTRUDEDAREASOLID(#228,#230,#231,1.15);
#233=IFCSTYLEDITEM(#232,(#193),$);
#234=IFCCARTESIANPOINT((1.2000000000000002,0.20000000000000015));
#235=IFCAXIS2PLACEMENT2D(#234,$);
#236=IFCRECTANGLEPROFILEDEF(.AREA.,$,#235,2.4000000000000004,0.4000000000000003);
#237=IFCCARTESIANPOINT((9.6,-12.8,-2.35));
#238=IFCAXIS2PLACEMENT3D(#237,$,$);
#239=IFCDIRECTION((0.,0.,1.));
#240=IFCEXTRUDEDAREASOLID(#236,#238,#239,0.8500000000000001);
#241=IFCSTYLEDITEM(#240,(#193),$);
#242=IFCCARTESIANPOINT((1.2000000000000002,0.1999999999999993));
#243=IFCAXIS2PLACEMENT2D(#242,$);
#244=IFCRECTANGLEPROFILEDEF(.AREA.,$,#243,2.4000000000000004,0.3999999999999986);
#245=IFCCARTESIANPOINT((9.6,-13.2,-2.35));
#246=IFCAXIS2PLACEMENT3D(#245,$,$);
#247=IFCDIRECTION((0.,0.,1.));
#248=IFCEXTRUDEDAREASOLID(#244,#246,#247,0.5500000000000003);
#249=IFCSTYLEDITEM(#248,(#193),$);
#250=IFCBUILDINGELEMENTPROXY('34cWLom8uv1L6zmt57vhq$',$,'Pool water',$,'Water',#253,#262,$,$);
#251=IFCCARTESIANPOINT((0.,0.,0.));
#252=IFCAXIS2PLACEMENT3D(#251,$,$);
#253=IFCLOCALPLACEMENT(#16,#252);
#254=IFCCARTESIANPOINT((6.,3.));
#255=IFCAXIS2PLACEMENT2D(#254,$);
#256=IFCRECTANGLEPROFILEDEF(.AREA.,$,#255,12.,6.);
#257=IFCCARTESIANPOINT((0.,-18.,-2.35));
#258=IFCAXIS2PLACEMENT3D(#257,$,$);
#259=IFCDIRECTION((0.,0.,1.));
#260=IFCEXTRUDEDAREASOLID(#256,#258,#259,1.4);
#261=IFCSHAPEREPRESENTATION(#11,'Body','SweptSolid',(#260));
#262=IFCPRODUCTDEFINITIONSHAPE($,$,(#261));
#263=IFCCOLOURRGB($,0.2,0.68,0.86);
#264=IFCSURFACESTYLERENDERING(#263,0.19999999999999996,$,$,$,$,$,$,.NOTDEFINED.);
#265=IFCSURFACESTYLE('rgba 0.2 0.68 0.86 0.8',.BOTH.,(#264));
#266=IFCSTYLEDITEM(#260,(#265),$);
#267=IFCWALL('0Xz2XeyE8z1v9yzeRItIZE',$,'Planter wall west of the steps',$,'Garden wall',#270,#279,$,.USERDEFINED.);
#268=IFCCARTESIANPOINT((0.,0.,0.));
#269=IFCAXIS2PLACEMENT3D(#268,$,$);
#270=IFCLOCALPLACEMENT(#16,#269);
#271=IFCCARTESIANPOINT((4.25,0.20000000000000015));
#272=IFCAXIS2PLACEMENT2D(#271,$);
#273=IFCRECTANGLEPROFILEDEF(.AREA.,$,#272,8.5,0.4000000000000003);
#274=IFCCARTESIANPOINT((-4.5,-8.4,-1.1));
#275=IFCAXIS2PLACEMENT3D(#274,$,$);
#276=IFCDIRECTION((0.,0.,1.));
#277=IFCEXTRUDEDAREASOLID(#273,#275,#276,1.05);
#278=IFCSHAPEREPRESENTATION(#11,'Body','SweptSolid',(#277));
#279=IFCPRODUCTDEFINITIONSHAPE($,$,(#278));
#280=IFCCOLOURRGB($,0.76,0.68,0.55);
#281=IFCSURFACESTYLERENDERING(#280,0.,$,$,$,$,$,$,.NOTDEFINED.);
#282=IFCSURFACESTYLE('rgba 0.76 0.68 0.55 1',.BOTH.,(#281));
#283=IFCSTYLEDITEM(#277,(#282),$);
#284=IFCWALL('1Qy9c9gJoPAkqQqhrMlDT1',$,'Planter wall return',$,'Garden wall',#287,#296,$,.USERDEFINED.);
#285=IFCCARTESIANPOINT((0.,0.,0.));
#286=IFCAXIS2PLACEMENT3D(#285,$,$);
#287=IFCLOCALPLACEMENT(#16,#286);
#288=IFCCARTESIANPOINT((0.20000000000000015,2.75));
#289=IFCAXIS2PLACEMENT2D(#288,$);
#290=IFCRECTANGLEPROFILEDEF(.AREA.,$,#289,0.4000000000000003,5.5);
#291=IFCCARTESIANPOINT((-4.9,-13.5,-1.1));
#292=IFCAXIS2PLACEMENT3D(#291,$,$);
#293=IFCDIRECTION((0.,0.,1.));
#294=IFCEXTRUDEDAREASOLID(#290,#292,#293,0.9000000000000001);
#295=IFCSHAPEREPRESENTATION(#11,'Body','SweptSolid',(#294));
#296=IFCPRODUCTDEFINITIONSHAPE($,$,(#295));
#297=IFCSTYLEDITEM(#294,(#282),$);
#298=IFCWALL('3Smo9xDxCYCy4xQHb3cjEu',$,'Planter wall east of the steps',$,'Garden wall',#301,#310,$,.USERDEFINED.);
#299=IFCCARTESIANPOINT((0.,0.,0.));
#300=IFCAXIS2PLACEMENT3D(#299,$,$);
#301=IFCLOCALPLACEMENT(#16,#300);
#302=IFCCARTESIANPOINT((2.5,0.20000000000000015));
#303=IFCAXIS2PLACEMENT2D(#302,$);
#304=IFCRECTANGLEPROFILEDEF(.AREA.,$,#303,5.,0.4000000000000003);
#305=IFCCARTESIANPOINT((9.,-8.4,-1.1));
#306=IFCAXIS2PLACEMENT3D(#305,$,$);
#307=IFCDIRECTION((0.,0.,1.));
#308=IFCEXTRUDEDAREASOLID(#304,#306,#307,1.05);
#309=IFCSHAPEREPRESENTATION(#11,'Body','SweptSolid',(#308));
#310=IFCPRODUCTDEFINITIONSHAPE($,$,(#309));
#311=IFCSTYLEDITEM(#308,(#282),$);
#312=IFCWALL('2_KoLGFpM6P$cT_zavSGUH',$,'Lawn wall stub',$,'Garden wall',#315,#324,$,.USERDEFINED.);
#313=IFCCARTESIANPOINT((0.,0.,0.));
#314=IFCAXIS2PLACEMENT3D(#313,$,$);
#315=IFCLOCALPLACEMENT(#16,#314);
#316=IFCCARTESIANPOINT((2.,0.20000000000000015));
#317=IFCAXIS2PLACEMENT2D(#316,$);
#318=IFCRECTANGLEPROFILEDEF(.AREA.,$,#317,4.,0.4000000000000003);
#319=IFCCARTESIANPOINT((-14.,-13.4,-1.1));
#320=IFCAXIS2PLACEMENT3D(#319,$,$);
#321=IFCDIRECTION((0.,0.,1.));
#322=IFCEXTRUDEDAREASOLID(#318,#320,#321,1.2000000000000002);
#323=IFCSHAPEREPRESENTATION(#11,'Body','SweptSolid',(#322));
#324=IFCPRODUCTDEFINITIONSHAPE($,$,(#323));
#325=IFCSTYLEDITEM(#322,(#282),$);
#326=IFCWALL('2JozFzRc4nBlRo1PTO8o8A',$,'Side steps cheek south',$,'Garden wall',#329,#338,$,.USERDEFINED.);
#327=IFCCARTESIANPOINT((0.,0.,0.));
#328=IFCAXIS2PLACEMENT3D(#327,$,$);
#329=IFCLOCALPLACEMENT(#16,#328);
#330=IFCCARTESIANPOINT((1.75,0.19999999999999996));
#331=IFCAXIS2PLACEMENT2D(#330,$);
#332=IFCRECTANGLEPROFILEDEF(.AREA.,$,#331,3.5,0.3999999999999999);
#333=IFCCARTESIANPOINT((22.,-3.4,-1.1));
#334=IFCAXIS2PLACEMENT3D(#333,$,$);
#335=IFCDIRECTION((0.,0.,1.));
#336=IFCEXTRUDEDAREASOLID(#332,#334,#335,1.35);
#337=IFCSHAPEREPRESENTATION(#11,'Body','SweptSolid',(#336));
#338=IFCPRODUCTDEFINITIONSHAPE($,$,(#337));
#339=IFCSTYLEDITEM(#336,(#282),$);
#340=IFCWALL('1YMFxQv5n8wh5D2HCeQxnw',$,'Side steps cheek north',$,'Garden wall',#343,#352,$,.USERDEFINED.);
#341=IFCCARTESIANPOINT((0.,0.,0.));
#342=IFCAXIS2PLACEMENT3D(#341,$,$);
#343=IFCLOCALPLACEMENT(#16,#342);
#344=IFCCARTESIANPOINT((1.25,0.2));
#345=IFCAXIS2PLACEMENT2D(#344,$);
#346=IFCRECTANGLEPROFILEDEF(.AREA.,$,#345,2.5,0.4);
#347=IFCCARTESIANPOINT((22.,-1.,-1.1));
#348=IFCAXIS2PLACEMENT3D(#347,$,$);
#349=IFCDIRECTION((0.,0.,1.));
#350=IFCEXTRUDEDAREASOLID(#346,#348,#349,1.2000000000000002);
#351=IFCSHAPEREPRESENTATION(#11,'Body','SweptSolid',(#350));
#352=IFCPRODUCTDEFINITIONSHAPE($,$,(#351));
#353=IFCSTYLEDITEM(#350,(#282),$);
#354=IFCWALL('2W$N6MhiJBLfHb4Z9GVv1F',$,'Boundary wall north-west',$,'Garden wall',#357,#366,$,.USERDEFINED.);
#355=IFCCARTESIANPOINT((0.,0.,0.));
#356=IFCAXIS2PLACEMENT3D(#355,$,$);
#357=IFCLOCALPLACEMENT(#16,#356);
#358=IFCCARTESIANPOINT((22.,0.1999999999999993));
#359=IFCAXIS2PLACEMENT2D(#358,$);
#360=IFCRECTANGLEPROFILEDEF(.AREA.,$,#359,44.,0.3999999999999986);
#361=IFCCARTESIANPOINT((-20.,19.6,-0.4));
#362=IFCAXIS2PLACEMENT3D(#361,$,$);
#363=IFCDIRECTION((0.,0.,1.));
#364=IFCEXTRUDEDAREASOLID(#360,#362,#363,2.);
#365=IFCSHAPEREPRESENTATION(#11,'Body','SweptSolid',(#364));
#366=IFCPRODUCTDEFINITIONSHAPE($,$,(#365));
#367=IFCSTYLEDITEM(#364,(#282),$);
#368=IFCWALL('0qnXn1SRtQWB1lZUKQz4Q1',$,'Boundary wall north-east',$,'Garden wall',#371,#380,$,.USERDEFINED.);
#369=IFCCARTESIANPOINT((0.,0.,0.));
#370=IFCAXIS2PLACEMENT3D(#369,$,$);
#371=IFCLOCALPLACEMENT(#16,#370);
#372=IFCCARTESIANPOINT((2.5,0.1999999999999993));
#373=IFCAXIS2PLACEMENT2D(#372,$);
#374=IFCRECTANGLEPROFILEDEF(.AREA.,$,#373,5.,0.3999999999999986);
#375=IFCCARTESIANPOINT((27.,19.6,-0.4));
#376=IFCAXIS2PLACEMENT3D(#375,$,$);
#377=IFCDIRECTION((0.,0.,1.));
#378=IFCEXTRUDEDAREASOLID(#374,#376,#377,2.);
#379=IFCSHAPEREPRESENTATION(#11,'Body','SweptSolid',(#378));
#380=IFCPRODUCTDEFINITIONSHAPE($,$,(#379));
#381=IFCSTYLEDITEM(#378,(#282),$);
#382=IFCWALL('38y3j7Xp0TcVCJvO6t18xv',$,'Boundary wall east',$,'Garden wall',#385,#394,$,.USERDEFINED.);
#383=IFCCARTESIANPOINT((0.,0.,0.));
#384=IFCAXIS2PLACEMENT3D(#383,$,$);
#385=IFCLOCALPLACEMENT(#16,#384);
#386=IFCCARTESIANPOINT((0.1999999999999993,6.));
#387=IFCAXIS2PLACEMENT2D(#386,$);
#388=IFCRECTANGLEPROFILEDEF(.AREA.,$,#387,0.3999999999999986,12.);
#389=IFCCARTESIANPOINT((31.6,8.,-0.6));
#390=IFCAXIS2PLACEMENT3D(#389,$,$);
#391=IFCDIRECTION((0.,0.,1.));
#392=IFCEXTRUDEDAREASOLID(#388,#390,#391,2.1);
#393=IFCSHAPEREPRESENTATION(#11,'Body','SweptSolid',(#392));
#394=IFCPRODUCTDEFINITIONSHAPE($,$,(#393));
#395=IFCSTYLEDITEM(#392,(#282),$);
#396=IFCWALL('2BrIVhf4RzBZdw2H_KAEGt',$,'Boundary wall east, lower garden',$,'Garden wall',#399,#408,$,.USERDEFINED.);
#397=IFCCARTESIANPOINT((0.,0.,0.));
#398=IFCAXIS2PLACEMENT3D(#397,$,$);
#399=IFCLOCALPLACEMENT(#16,#398);
#400=IFCCARTESIANPOINT((0.1999999999999993,16.));
#401=IFCAXIS2PLACEMENT2D(#400,$);
#402=IFCRECTANGLEPROFILEDEF(.AREA.,$,#401,0.3999999999999986,32.);
#403=IFCCARTESIANPOINT((31.6,-24.,-1.3));
#404=IFCAXIS2PLACEMENT3D(#403,$,$);
#405=IFCDIRECTION((0.,0.,1.));
#406=IFCEXTRUDEDAREASOLID(#402,#404,#405,1.7000000000000002);
#407=IFCSHAPEREPRESENTATION(#11,'Body','SweptSolid',(#406));
#408=IFCPRODUCTDEFINITIONSHAPE($,$,(#407));
#409=IFCSTYLEDITEM(#406,(#282),$);
#410=IFCWALL('1mji12yik2HMB1MIU5fgIr',$,'Boundary wall west',$,'Garden wall',#413,#422,$,.USERDEFINED.);
#411=IFCCARTESIANPOINT((0.,0.,0.));
#412=IFCAXIS2PLACEMENT3D(#411,$,$);
#413=IFCLOCALPLACEMENT(#16,#412);
#414=IFCCARTESIANPOINT((0.1999999999999993,15.));
#415=IFCAXIS2PLACEMENT2D(#414,$);
#416=IFCRECTANGLEPROFILEDEF(.AREA.,$,#415,0.3999999999999986,30.);
#417=IFCCARTESIANPOINT((-20.,-10.,-0.4));
#418=IFCAXIS2PLACEMENT3D(#417,$,$);
#419=IFCDIRECTION((0.,0.,1.));
#420=IFCEXTRUDEDAREASOLID(#416,#418,#419,1.7999999999999998);
#421=IFCSHAPEREPRESENTATION(#11,'Body','SweptSolid',(#420));
#422=IFCPRODUCTDEFINITIONSHAPE($,$,(#421));
#423=IFCSTYLEDITEM(#420,(#282),$);
#424=IFCDOOR('1jClXOiXXdAAJqwDpYJ_lr',$,'Garden gate',$,$,#427,#436,$,$,$,.GATE.,$,$);
#425=IFCCARTESIANPOINT((0.,0.,0.));
#426=IFCAXIS2PLACEMENT3D(#425,$,$);
#427=IFCLOCALPLACEMENT(#16,#426);
#428=IFCCARTESIANPOINT((1.4499999999999993,0.03999999999999915));
#429=IFCAXIS2PLACEMENT2D(#428,$);
#430=IFCRECTANGLEPROFILEDEF(.AREA.,$,#429,2.8999999999999986,0.0799999999999983);
#431=IFCCARTESIANPOINT((24.05,19.75,0.35));
#432=IFCAXIS2PLACEMENT3D(#431,$,$);
#433=IFCDIRECTION((0.,0.,1.));
#434=IFCEXTRUDEDAREASOLID(#430,#432,#433,1.75);
#435=IFCSHAPEREPRESENTATION(#11,'Body','SweptSolid',(#434,#450,#458));
#436=IFCPRODUCTDEFINITIONSHAPE($,$,(#435));
#437=IFCCOLOURRGB($,0.62,0.44,0.27);
#438=IFCSURFACESTYLERENDERING(#437,0.,$,$,$,$,$,$,.NOTDEFINED.);
#439=IFCSURFACESTYLE('rgba 0.62 0.44 0.27 1',.BOTH.,(#438));
#440=IFCSTYLEDITEM(#434,(#439),$);
#441=IFCCOLOURRGB($,0.76,0.68,0.55);
#442=IFCSURFACESTYLERENDERING(#441,0.,$,$,$,$,$,$,.NOTDEFINED.);
#443=IFCSURFACESTYLE('colour 0.76 0.68 0.55',.BOTH.,(#442));
#444=IFCCARTESIANPOINT((0.22499999999999964,0.3000000000000007));
#445=IFCAXIS2PLACEMENT2D(#444,$);
#446=IFCRECTANGLEPROFILEDEF(.AREA.,$,#445,0.4499999999999993,0.6000000000000014);
#447=IFCCARTESIANPOINT((23.6,19.5,-0.4));
#448=IFCAXIS2PLACEMENT3D(#447,$,$);
#449=IFCDIRECTION((0.,0.,1.));
#450=IFCEXTRUDEDAREASOLID(#446,#448,#449,2.6999999999999997);
#451=IFCSTYLEDITEM(#450,(#443),$);
#452=IFCCARTESIANPOINT((0.22499999999999964,0.3000000000000007));
#453=IFCAXIS2PLACEMENT2D(#452,$);
#454=IFCRECTANGLEPROFILEDEF(.AREA.,$,#453,0.4499999999999993,0.6000000000000014);
#455=IFCCARTESIANPOINT((26.95,19.5,-0.4));
#456=IFCAXIS2PLACEMENT3D(#455,$,$);
#457=IFCDIRECTION((0.,0.,1.));
#458=IFCEXTRUDEDAREASOLID(#454,#456,#457,2.6999999999999997);
#459=IFCSTYLEDITEM(#458,(#443),$);
#460=IFCGEOGRAPHICELEMENT('1LhB1qc4W8HW6RT3s1OY79',$,'Hedge north',$,'VEGETATION',#463,#472,$,.USERDEFINED.);
#461=IFCCARTESIANPOINT((0.,0.,0.));
#462=IFCAXIS2PLACEMENT3D(#461,$,$);
#463=IFCLOCALPLACEMENT(#16,#462);
#464=IFCCARTESIANPOINT((21.25,0.5));
#465=IFCAXIS2PLACEMENT2D(#464,$);
#466=IFCRECTANGLEPROFILEDEF(.AREA.,$,#465,42.5,1.);
#467=IFCCARTESIANPOINT((-19.5,18.5,0.));
#468=IFCAXIS2PLACEMENT3D(#467,$,$);
#469=IFCDIRECTION((0.,0.,1.));
#470=IFCEXTRUDEDAREASOLID(#466,#468,#469,2.1);
#471=IFCSHAPEREPRESENTATION(#11,'Body','SweptSolid',(#470));
#472=IFCPRODUCTDEFINITIONSHAPE($,$,(#471));
#473=IFCCOLOURRGB($,0.22,0.42,0.16);
#474=IFCSURFACESTYLERENDERING(#473,0.,$,$,$,$,$,$,.NOTDEFINED.);
#475=IFCSURFACESTYLE('rgba 0.22 0.42 0.16 1',.BOTH.,(#474));
#476=IFCSTYLEDITEM(#470,(#475),$);
#477=IFCGEOGRAPHICELEMENT('36wuQMJQv0j31ZzQsY6rDr',$,'Hedge east',$,'VEGETATION',#480,#489,$,.USERDEFINED.);
#478=IFCCARTESIANPOINT((0.,0.,0.));
#479=IFCAXIS2PLACEMENT3D(#478,$,$);
#480=IFCLOCALPLACEMENT(#16,#479);
#481=IFCCARTESIANPOINT((0.5,5.25));
#482=IFCAXIS2PLACEMENT2D(#481,$);
#483=IFCRECTANGLEPROFILEDEF(.AREA.,$,#482,1.,10.5);
#484=IFCCARTESIANPOINT((30.5,9.,0.));
#485=IFCAXIS2PLACEMENT3D(#484,$,$);
#486=IFCDIRECTION((0.,0.,1.));
#487=IFCEXTRUDEDAREASOLID(#483,#485,#486,2.);
#488=IFCSHAPEREPRESENTATION(#11,'Body','SweptSolid',(#487));
#489=IFCPRODUCTDEFINITIONSHAPE($,$,(#488));
#490=IFCSTYLEDITEM(#487,(#475),$);
#491=IFCGEOGRAPHICELEMENT('1A7icJRJOZWLiDKJuBYENr',$,'Cypress 1',$,'VEGETATION',#494,#498,$,.USERDEFINED.);
#492=IFCCARTESIANPOINT((-16.,4.,-0.03629140463783419));
#493=IFCAXIS2PLACEMENT3D(#492,$,$);
#494=IFCLOCALPLACEMENT(#16,#493);
#495=IFCCARTESIANPOINTLIST3D(((0.25,0.,0.5),(0.192,0.161,0.5),(0.043,0.246,0.5),(-0.125,0.217,0.5),(-0.235,0.086,0.5),(-0.235,-0.086,0.5),(-0.125,-0.217,0.5),(0.043,-0.246,0.5),(0.192,-0.161,0.5),(0.62,0.,1.21),(0.475,0.399,1.21),(0.108,0.611,1.21),(-0.31,0.537,1.21),(-0.583,0.212,1.21),(-0.583,-0.212,1.21),(-0.31,-0.537,1.21),(0.108,-0.611,1.21),(0.475,-0.399,1.21),(0.66,0.,2.475),(0.506,0.424,2.475),(0.115,0.65,2.475),(-0.33,0.572,2.475),(-0.62,0.226,2.475),(-0.62,-0.226,2.475),(-0.33,-0.572,2.475),(0.115,-0.65,2.475),(0.506,-0.424,2.475),(0.45,0.,4.125),(0.345,0.289,4.125),(0.078,0.443,4.125),(-0.225,0.39,4.125),(-0.423,0.154,4.125),(-0.423,-0.154,4.125),(-0.225,-0.39,4.125),(0.078,-0.443,4.125),(0.345,-0.289,4.125),(0.2,0.,5.115),(0.153,0.129,5.115),(0.035,0.197,5.115),(-0.1,0.173,5.115),(-0.188,0.068,5.115),(-0.188,-0.068,5.115),(-0.1,-0.173,5.115),(0.035,-0.197,5.115),(0.153,-0.129,5.115),(0.03,0.,5.5),(0.023,0.019,5.5),(0.005,0.03,5.5),(-0.015,0.026,5.5),(-0.028,0.01,5.5),(-0.028,-0.01,5.5),(-0.015,-0.026,5.5),(0.005,-0.03,5.5),(0.023,-0.019,5.5),(0.,0.,0.5),(0.,0.,5.5)));
#496=IFCTRIANGULATEDFACESET(#495,$,$,((1,2,11),(1,11,10),(2,3,12),(2,12,11),(3,4,13),(3,13,12),(4,5,14),(4,14,13),(5,6,15),(5,15,14),(6,7,16),(6,16,15),(7,8,17),(7,17,16),(8,9,18),(8,18,17),(9,1,10),(9,10,18),(10,11,20),(10,20,19),(11,12,21),(11,21,20),(12,13,22),(12,22,21),(13,14,23),(13,23,22),(14,15,24),(14,24,23),(15,16,25),(15,25,24),(16,17,26),(16,26,25),(17,18,27),(17,27,26),(18,10,19),(18,19,27),(19,20,29),(19,29,28),(20,21,30),(20,30,29),(21,22,31),(21,31,30),(22,23,32),(22,32,31),(23,24,33),(23,33,32),(24,25,34),(24,34,33),(25,26,35),(25,35,34),(26,27,36),(26,36,35),(27,19,28),(27,28,36),(28,29,38),(28,38,37),(29,30,39),(29,39,38),(30,31,40),(30,40,39),(31,32,41),(31,41,40),(32,33,42),(32,42,41),(33,34,43),(33,43,42),(34,35,44),(34,44,43),(35,36,45),(35,45,44),(36,28,37),(36,37,45),(37,38,47),(37,47,46),(38,39,48),(38,48,47),(39,40,49),(39,49,48),(40,41,50),(40,50,49),(41,42,51),(41,51,50),(42,43,52),(42,52,51),(43,44,53),(43,53,52),(44,45,54),(44,54,53),(45,37,46),(45,46,54),(55,2,1),(56,46,47),(55,3,2),(56,47,48),(55,4,3),(56,48,49),(55,5,4),(56,49,50),(55,6,5),(56,50,51),(55,7,6),(56,51,52),(55,8,7),(56,52,53),(55,9,8),(56,53,54),(55,1,9),(56,54,46)),$);
#497=IFCSHAPEREPRESENTATION(#11,'Body','Tessellation',(#496,#507));
#498=IFCPRODUCTDEFINITIONSHAPE($,$,(#497));
#499=IFCCOLOURRGB($,0.13,0.3,0.13);
#500=IFCSURFACESTYLERENDERING(#499,0.,$,$,$,$,$,$,.NOTDEFINED.);
#501=IFCSURFACESTYLE('rgba 0.13 0.3 0.13 1',.BOTH.,(#500));
#502=IFCSTYLEDITEM(#496,(#501),$);
#503=IFCCOLOURRGB($,0.62,0.44,0.27);
#504=IFCSURFACESTYLERENDERING(#503,0.,$,$,$,$,$,$,.NOTDEFINED.);
#505=IFCSURFACESTYLE('colour 0.62 0.44 0.27',.BOTH.,(#504));
#506=IFCCARTESIANPOINTLIST3D(((0.12,0.,-0.3),(0.06,0.104,-0.3),(-0.06,0.104,-0.3),(-0.12,0.,-0.3),(-0.06,-0.104,-0.3),(0.06,-0.104,-0.3),(0.1,0.,0.6),(0.05,0.087,0.6),(-0.05,0.087,0.6),(-0.1,0.,0.6),(-0.05,-0.087,0.6),(0.05,-0.087,0.6),(0.,0.,-0.3),(0.,0.,0.6)));
#507=IFCTRIANGULATEDFACESET(#506,$,$,((1,2,8),(1,8,7),(2,3,9),(2,9,8),(3,4,10),(3,10,9),(4,5,11),(4,11,10),(5,6,12),(5,12,11),(6,1,7),(6,7,12),(13,2,1),(14,7,8),(13,3,2),(14,8,9),(13,4,3),(14,9,10),(13,5,4),(14,10,11),(13,6,5),(14,11,12),(13,1,6),(14,12,7)),$);
#508=IFCSTYLEDITEM(#507,(#505),$);
#509=IFCGEOGRAPHICELEMENT('1HYb92ATnnE5zTtt9ZViB_',$,'Cypress 2',$,'VEGETATION',#512,#516,$,.USERDEFINED.);
#510=IFCCARTESIANPOINT((-17.,-21.,-0.8791818826649953));
#511=IFCAXIS2PLACEMENT3D(#510,$,$);
#512=IFCLOCALPLACEMENT(#16,#511);
#513=IFCCARTESIANPOINTLIST3D(((0.25,0.,0.5),(0.192,0.161,0.5),(0.043,0.246,0.5),(-0.125,0.217,0.5),(-0.235,0.086,0.5),(-0.235,-0.086,0.5),(-0.125,-0.217,0.5),(0.043,-0.246,0.5),(0.192,-0.161,0.5),(0.62,0.,1.43),(0.475,0.399,1.43),(0.108,0.611,1.43),(-0.31,0.537,1.43),(-0.583,0.212,1.43),(-0.583,-0.212,1.43),(-0.31,-0.537,1.43),(0.108,-0.611,1.43),(0.475,-0.399,1.43),(0.66,0.,2.925),(0.506,0.424,2.925),(0.115,0.65,2.925),(-0.33,0.572,2.925),(-0.62,0.226,2.925),(-0.62,-0.226,2.925),(-0.33,-0.572,2.925),(0.115,-0.65,2.925),(0.506,-0.424,2.925),(0.45,0.,4.875),(0.345,0.289,4.875),(0.078,0.443,4.875),(-0.225,0.39,4.875),(-0.423,0.154,4.875),(-0.423,-0.154,4.875),(-0.225,-0.39,4.875),(0.078,-0.443,4.875),(0.345,-0.289,4.875),(0.2,0.,6.045),(0.153,0.129,6.045),(0.035,0.197,6.045),(-0.1,0.173,6.045),(-0.188,0.068,6.045),(-0.188,-0.068,6.045),(-0.1,-0.173,6.045),(0.035,-0.197,6.045),(0.153,-0.129,6.045),(0.03,0.,6.5),(0.023,0.019,6.5),(0.005,0.03,6.5),(-0.015,0.026,6.5),(-0.028,0.01,6.5),(-0.028,-0.01,6.5),(-0.015,-0.026,6.5),(0.005,-0.03,6.5),(0.023,-0.019,6.5),(0.,0.,0.5),(0.,0.,6.5)));
#514=IFCTRIANGULATEDFACESET(#513,$,$,((1,2,11),(1,11,10),(2,3,12),(2,12,11),(3,4,13),(3,13,12),(4,5,14),(4,14,13),(5,6,15),(5,15,14),(6,7,16),(6,16,15),(7,8,17),(7,17,16),(8,9,18),(8,18,17),(9,1,10),(9,10,18),(10,11,20),(10,20,19),(11,12,21),(11,21,20),(12,13,22),(12,22,21),(13,14,23),(13,23,22),(14,15,24),(14,24,23),(15,16,25),(15,25,24),(16,17,26),(16,26,25),(17,18,27),(17,27,26),(18,10,19),(18,19,27),(19,20,29),(19,29,28),(20,21,30),(20,30,29),(21,22,31),(21,31,30),(22,23,32),(22,32,31),(23,24,33),(23,33,32),(24,25,34),(24,34,33),(25,26,35),(25,35,34),(26,27,36),(26,36,35),(27,19,28),(27,28,36),(28,29,38),(28,38,37),(29,30,39),(29,39,38),(30,31,40),(30,40,39),(31,32,41),(31,41,40),(32,33,42),(32,42,41),(33,34,43),(33,43,42),(34,35,44),(34,44,43),(35,36,45),(35,45,44),(36,28,37),(36,37,45),(37,38,47),(37,47,46),(38,39,48),(38,48,47),(39,40,49),(39,49,48),(40,41,50),(40,50,49),(41,42,51),(41,51,50),(42,43,52),(42,52,51),(43,44,53),(43,53,52),(44,45,54),(44,54,53),(45,37,46),(45,46,54),(55,2,1),(56,46,47),(55,3,2),(56,47,48),(55,4,3),(56,48,49),(55,5,4),(56,49,50),(55,6,5),(56,50,51),(55,7,6),(56,51,52),(55,8,7),(56,52,53),(55,9,8),(56,53,54),(55,1,9),(56,54,46)),$);
#515=IFCSHAPEREPRESENTATION(#11,'Body','Tessellation',(#514,#519));
#516=IFCPRODUCTDEFINITIONSHAPE($,$,(#515));
#517=IFCSTYLEDITEM(#514,(#501),$);
#518=IFCCARTESIANPOINTLIST3D(((0.12,0.,-0.3),(0.06,0.104,-0.3),(-0.06,0.104,-0.3),(-0.12,0.,-0.3),(-0.06,-0.104,-0.3),(0.06,-0.104,-0.3),(0.1,0.,0.6),(0.05,0.087,0.6),(-0.05,0.087,0.6),(-0.1,0.,0.6),(-0.05,-0.087,0.6),(0.05,-0.087,0.6),(0.,0.,-0.3),(0.,0.,0.6)));
#519=IFCTRIANGULATEDFACESET(#518,$,$,((1,2,8),(1,8,7),(2,3,9),(2,9,8),(3,4,10),(3,10,9),(4,5,11),(4,11,10),(5,6,12),(5,12,11),(6,1,7),(6,7,12),(13,2,1),(14,7,8),(13,3,2),(14,8,9),(13,4,3),(14,9,10),(13,5,4),(14,10,11),(13,6,5),(14,11,12),(13,1,6),(14,12,7)),$);
#520=IFCSTYLEDITEM(#519,(#505),$);
#521=IFCGEOGRAPHICELEMENT('0$P_3SF394JMSlP3V7B0gV',$,'Cypress 3',$,'VEGETATION',#524,#528,$,.USERDEFINED.);
#522=IFCCARTESIANPOINT((-18.,-12.,-0.06930566341364294));
#523=IFCAXIS2PLACEMENT3D(#522,$,$);
#524=IFCLOCALPLACEMENT(#16,#523);
#525=IFCCARTESIANPOINTLIST3D(((0.25,0.,0.5),(0.192,0.161,0.5),(0.043,0.246,0.5),(-0.125,0.217,0.5),(-0.235,0.086,0.5),(-0.235,-0.086,0.5),(-0.125,-0.217,0.5),(0.043,-0.246,0.5),(0.192,-0.161,0.5),(0.62,0.,1.1),(0.475,0.399,1.1),(0.108,0.611,1.1),(-0.31,0.537,1.1),(-0.583,0.212,1.1),(-0.583,-0.212,1.1),(-0.31,-0.537,1.1),(0.108,-0.611,1.1),(0.475,-0.399,1.1),(0.66,0.,2.25),(0.506,0.424,2.25),(0.115,0.65,2.25),(-0.33,0.572,2.25),(-0.62,0.226,2.25),(-0.62,-0.226,2.25),(-0.33,-0.572,2.25),(0.115,-0.65,2.25),(0.506,-0.424,2.25),(0.45,0.,3.75),(0.345,0.289,3.75),(0.078,0.443,3.75),(-0.225,0.39,3.75),(-0.423,0.154,3.75),(-0.423,-0.154,3.75),(-0.225,-0.39,3.75),(0.078,-0.443,3.75),(0.345,-0.289,3.75),(0.2,0.,4.65),(0.153,0.129,4.65),(0.035,0.197,4.65),(-0.1,0.173,4.65),(-0.188,0.068,4.65),(-0.188,-0.068,4.65),(-0.1,-0.173,4.65),(0.035,-0.197,4.65),(0.153,-0.129,4.65),(0.03,0.,5.),(0.023,0.019,5.),(0.005,0.03,5.),(-0.015,0.026,5.),(-0.028,0.01,5.),(-0.028,-0.01,5.),(-0.015,-0.026,5.),(0.005,-0.03,5.),(0.023,-0.019,5.),(0.,0.,0.5),(0.,0.,5.)));
#526=IFCTRIANGULATEDFACESET(#525,$,$,((1,2,11),(1,11,10),(2,3,12),(2,12,11),(3,4,13),(3,13,12),(4,5,14),(4,14,13),(5,6,15),(5,15,14),(6,7,16),(6,16,15),(7,8,17),(7,17,16),(8,9,18),(8,18,17),(9,1,10),(9,10,18),(10,11,20),(10,20,19),(11,12,21),(11,21,20),(12,13,22),(12,22,21),(13,14,23),(13,23,22),(14,15,24),(14,24,23),(15,16,25),(15,25,24),(16,17,26),(16,26,25),(17,18,27),(17,27,26),(18,10,19),(18,19,27),(19,20,29),(19,29,28),(20,21,30),(20,30,29),(21,22,31),(21,31,30),(22,23,32),(22,32,31),(23,24,33),(23,33,32),(24,25,34),(24,34,33),(25,26,35),(25,35,34),(26,27,36),(26,36,35),(27,19,28),(27,28,36),(28,29,38),(28,38,37),(29,30,39),(29,39,38),(30,31,40),(30,40,39),(31,32,41),(31,41,40),(32,33,42),(32,42,41),(33,34,43),(33,43,42),(34,35,44),(34,44,43),(35,36,45),(35,45,44),(36,28,37),(36,37,45),(37,38,47),(37,47,46),(38,39,48),(38,48,47),(39,40,49),(39,49,48),(40,41,50),(40,50,49),(41,42,51),(41,51,50),(42,43,52),(42,52,51),(43,44,53),(43,53,52),(44,45,54),(44,54,53),(45,37,46),(45,46,54),(55,2,1),(56,46,47),(55,3,2),(56,47,48),(55,4,3),(56,48,49),(55,5,4),(56,49,50),(55,6,5),(56,50,51),(55,7,6),(56,51,52),(55,8,7),(56,52,53),(55,9,8),(56,53,54),(55,1,9),(56,54,46)),$);
#527=IFCSHAPEREPRESENTATION(#11,'Body','Tessellation',(#526,#531));
#528=IFCPRODUCTDEFINITIONSHAPE($,$,(#527));
#529=IFCSTYLEDITEM(#526,(#501),$);
#530=IFCCARTESIANPOINTLIST3D(((0.12,0.,-0.3),(0.06,0.104,-0.3),(-0.06,0.104,-0.3),(-0.12,0.,-0.3),(-0.06,-0.104,-0.3),(0.06,-0.104,-0.3),(0.1,0.,0.6),(0.05,0.087,0.6),(-0.05,0.087,0.6),(-0.1,0.,0.6),(-0.05,-0.087,0.6),(0.05,-0.087,0.6),(0.,0.,-0.3),(0.,0.,0.6)));
#531=IFCTRIANGULATEDFACESET(#530,$,$,((1,2,8),(1,8,7),(2,3,9),(2,9,8),(3,4,10),(3,10,9),(4,5,11),(4,11,10),(5,6,12),(5,12,11),(6,1,7),(6,7,12),(13,2,1),(14,7,8),(13,3,2),(14,8,9),(13,4,3),(14,9,10),(13,5,4),(14,10,11),(13,6,5),(14,11,12),(13,1,6),(14,12,7)),$);
#532=IFCSTYLEDITEM(#531,(#505),$);
#533=IFCGEOGRAPHICELEMENT('0xdTP1BbFt143_LL7fWgN3',$,'Cypress 4',$,'VEGETATION',#536,#540,$,.USERDEFINED.);
#534=IFCCARTESIANPOINT((3.,17.,0.09706405901979576));
#535=IFCAXIS2PLACEMENT3D(#534,$,$);
#536=IFCLOCALPLACEMENT(#16,#535);
#537=IFCCARTESIANPOINTLIST3D(((0.25,0.,0.5),(0.192,0.161,0.5),(0.043,0.246,0.5),(-0.125,0.217,0.5),(-0.235,0.086,0.5),(-0.235,-0.086,0.5),(-0.125,-0.217,0.5),(0.043,-0.246,0.5),(0.192,-0.161,0.5),(0.62,0.,1.1),(0.475,0.399,1.1),(0.108,0.611,1.1),(-0.31,0.537,1.1),(-0.583,0.212,1.1),(-0.583,-0.212,1.1),(-0.31,-0.537,1.1),(0.108,-0.611,1.1),(0.475,-0.399,1.1),(0.66,0.,2.25),(0.506,0.424,2.25),(0.115,0.65,2.25),(-0.33,0.572,2.25),(-0.62,0.226,2.25),(-0.62,-0.226,2.25),(-0.33,-0.572,2.25),(0.115,-0.65,2.25),(0.506,-0.424,2.25),(0.45,0.,3.75),(0.345,0.289,3.75),(0.078,0.443,3.75),(-0.225,0.39,3.75),(-0.423,0.154,3.75),(-0.423,-0.154,3.75),(-0.225,-0.39,3.75),(0.078,-0.443,3.75),(0.345,-0.289,3.75),(0.2,0.,4.65),(0.153,0.129,4.65),(0.035,0.197,4.65),(-0.1,0.173,4.65),(-0.188,0.068,4.65),(-0.188,-0.068,4.65),(-0.1,-0.173,4.65),(0.035,-0.197,4.65),(0.153,-0.129,4.65),(0.03,0.,5.),(0.023,0.019,5.),(0.005,0.03,5.),(-0.015,0.026,5.),(-0.028,0.01,5.),(-0.028,-0.01,5.),(-0.015,-0.026,5.),(0.005,-0.03,5.),(0.023,-0.019,5.),(0.,0.,0.5),(0.,0.,5.)));
#538=IFCTRIANGULATEDFACESET(#537,$,$,((1,2,11),(1,11,10),(2,3,12),(2,12,11),(3,4,13),(3,13,12),(4,5,14),(4,14,13),(5,6,15),(5,15,14),(6,7,16),(6,16,15),(7,8,17),(7,17,16),(8,9,18),(8,18,17),(9,1,10),(9,10,18),(10,11,20),(10,20,19),(11,12,21),(11,21,20),(12,13,22),(12,22,21),(13,14,23),(13,23,22),(14,15,24),(14,24,23),(15,16,25),(15,25,24),(16,17,26),(16,26,25),(17,18,27),(17,27,26),(18,10,19),(18,19,27),(19,20,29),(19,29,28),(20,21,30),(20,30,29),(21,22,31),(21,31,30),(22,23,32),(22,32,31),(23,24,33),(23,33,32),(24,25,34),(24,34,33),(25,26,35),(25,35,34),(26,27,36),(26,36,35),(27,19,28),(27,28,36),(28,29,38),(28,38,37),(29,30,39),(29,39,38),(30,31,40),(30,40,39),(31,32,41),(31,41,40),(32,33,42),(32,42,41),(33,34,43),(33,43,42),(34,35,44),(34,44,43),(35,36,45),(35,45,44),(36,28,37),(36,37,45),(37,38,47),(37,47,46),(38,39,48),(38,48,47),(39,40,49),(39,49,48),(40,41,50),(40,50,49),(41,42,51),(41,51,50),(42,43,52),(42,52,51),(43,44,53),(43,53,52),(44,45,54),(44,54,53),(45,37,46),(45,46,54),(55,2,1),(56,46,47),(55,3,2),(56,47,48),(55,4,3),(56,48,49),(55,5,4),(56,49,50),(55,6,5),(56,50,51),(55,7,6),(56,51,52),(55,8,7),(56,52,53),(55,9,8),(56,53,54),(55,1,9),(56,54,46)),$);
#539=IFCSHAPEREPRESENTATION(#11,'Body','Tessellation',(#538,#543));
#540=IFCPRODUCTDEFINITIONSHAPE($,$,(#539));
#541=IFCSTYLEDITEM(#538,(#501),$);
#542=IFCCARTESIANPOINTLIST3D(((0.12,0.,-0.3),(0.06,0.104,-0.3),(-0.06,0.104,-0.3),(-0.12,0.,-0.3),(-0.06,-0.104,-0.3),(0.06,-0.104,-0.3),(0.1,0.,0.6),(0.05,0.087,0.6),(-0.05,0.087,0.6),(-0.1,0.,0.6),(-0.05,-0.087,0.6),(0.05,-0.087,0.6),(0.,0.,-0.3),(0.,0.,0.6)));
#543=IFCTRIANGULATEDFACESET(#542,$,$,((1,2,8),(1,8,7),(2,3,9),(2,9,8),(3,4,10),(3,10,9),(4,5,11),(4,11,10),(5,6,12),(5,12,11),(6,1,7),(6,7,12),(13,2,1),(14,7,8),(13,3,2),(14,8,9),(13,4,3),(14,9,10),(13,5,4),(14,10,11),(13,6,5),(14,11,12),(13,1,6),(14,12,7)),$);
#544=IFCSTYLEDITEM(#543,(#505),$);
#545=IFCGEOGRAPHICELEMENT('2WzhLRH6AJBXQGqodjU7uZ',$,'Cypress 5',$,'VEGETATION',#548,#552,$,.USERDEFINED.);
#546=IFCCARTESIANPOINT((9.,17.5,0.1151302911295292));
#547=IFCAXIS2PLACEMENT3D(#546,$,$);
#548=IFCLOCALPLACEMENT(#16,#547);
#549=IFCCARTESIANPOINTLIST3D(((0.25,0.,0.5),(0.192,0.161,0.5),(0.043,0.246,0.5),(-0.125,0.217,0.5),(-0.235,0.086,0.5),(-0.235,-0.086,0.5),(-0.125,-0.217,0.5),(0.043,-0.246,0.5),(0.192,-0.161,0.5),(0.62,0.,1.32),(0.475,0.399,1.32),(0.108,0.611,1.32),(-0.31,0.537,1.32),(-0.583,0.212,1.32),(-0.583,-0.212,1.32),(-0.31,-0.537,1.32),(0.108,-0.611,1.32),(0.475,-0.399,1.32),(0.66,0.,2.7),(0.506,0.424,2.7),(0.115,0.65,2.7),(-0.33,0.572,2.7),(-0.62,0.226,2.7),(-0.62,-0.226,2.7),(-0.33,-0.572,2.7),(0.115,-0.65,2.7),(0.506,-0.424,2.7),(0.45,0.,4.5),(0.345,0.289,4.5),(0.078,0.443,4.5),(-0.225,0.39,4.5),(-0.423,0.154,4.5),(-0.423,-0.154,4.5),(-0.225,-0.39,4.5),(0.078,-0.443,4.5),(0.345,-0.289,4.5),(0.2,0.,5.58),(0.153,0.129,5.58),(0.035,0.197,5.58),(-0.1,0.173,5.58),(-0.188,0.068,5.58),(-0.188,-0.068,5.58),(-0.1,-0.173,5.58),(0.035,-0.197,5.58),(0.153,-0.129,5.58),(0.03,0.,6.),(0.023,0.019,6.),(0.005,0.03,6.),(-0.015,0.026,6.),(-0.028,0.01,6.),(-0.028,-0.01,6.),(-0.015,-0.026,6.),(0.005,-0.03,6.),(0.023,-0.019,6.),(0.,0.,0.5),(0.,0.,6.)));
#550=IFCTRIANGULATEDFACESET(#549,$,$,((1,2,11),(1,11,10),(2,3,12),(2,12,11),(3,4,13),(3,13,12),(4,5,14),(4,14,13),(5,6,15),(5,15,14),(6,7,16),(6,16,15),(7,8,17),(7,17,16),(8,9,18),(8,18,17),(9,1,10),(9,10,18),(10,11,20),(10,20,19),(11,12,21),(11,21,20),(12,13,22),(12,22,21),(13,14,23),(13,23,22),(14,15,24),(14,24,23),(15,16,25),(15,25,24),(16,17,26),(16,26,25),(17,18,27),(17,27,26),(18,10,19),(18,19,27),(19,20,29),(19,29,28),(20,21,30),(20,30,29),(21,22,31),(21,31,30),(22,23,32),(22,32,31),(23,24,33),(23,33,32),(24,25,34),(24,34,33),(25,26,35),(25,35,34),(26,27,36),(26,36,35),(27,19,28),(27,28,36),(28,29,38),(28,38,37),(29,30,39),(29,39,38),(30,31,40),(30,40,39),(31,32,41),(31,41,40),(32,33,42),(32,42,41),(33,34,43),(33,43,42),(34,35,44),(34,44,43),(35,36,45),(35,45,44),(36,28,37),(36,37,45),(37,38,47),(37,47,46),(38,39,48),(38,48,47),(39,40,49),(39,49,48),(40,41,50),(40,50,49),(41,42,51),(41,51,50),(42,43,52),(42,52,51),(43,44,53),(43,53,52),(44,45,54),(44,54,53),(45,37,46),(45,46,54),(55,2,1),(56,46,47),(55,3,2),(56,47,48),(55,4,3),(56,48,49),(55,5,4),(56,49,50),(55,6,5),(56,50,51),(55,7,6),(56,51,52),(55,8,7),(56,52,53),(55,9,8),(56,53,54),(55,1,9),(56,54,46)),$);
#551=IFCSHAPEREPRESENTATION(#11,'Body','Tessellation',(#550,#555));
#552=IFCPRODUCTDEFINITIONSHAPE($,$,(#551));
#553=IFCSTYLEDITEM(#550,(#501),$);
#554=IFCCARTESIANPOINTLIST3D(((0.12,0.,-0.3),(0.06,0.104,-0.3),(-0.06,0.104,-0.3),(-0.12,0.,-0.3),(-0.06,-0.104,-0.3),(0.06,-0.104,-0.3),(0.1,0.,0.6),(0.05,0.087,0.6),(-0.05,0.087,0.6),(-0.1,0.,0.6),(-0.05,-0.087,0.6),(0.05,-0.087,0.6),(0.,0.,-0.3),(0.,0.,0.6)));
#555=IFCTRIANGULATEDFACESET(#554,$,$,((1,2,8),(1,8,7),(2,3,9),(2,9,8),(3,4,10),(3,10,9),(4,5,11),(4,11,10),(5,6,12),(5,12,11),(6,1,7),(6,7,12),(13,2,1),(14,7,8),(13,3,2),(14,8,9),(13,4,3),(14,9,10),(13,5,4),(14,10,11),(13,6,5),(14,11,12),(13,1,6),(14,12,7)),$);
#556=IFCSTYLEDITEM(#555,(#505),$);
#557=IFCGEOGRAPHICELEMENT('2GtgihLNMP7eNpMRqR_sdy',$,'Cypress 6',$,'VEGETATION',#560,#564,$,.USERDEFINED.);
#558=IFCCARTESIANPOINT((13.,17.,0.102842357941377));
#559=IFCAXIS2PLACEMENT3D(#558,$,$);
#560=IFCLOCALPLACEMENT(#16,#559);
#561=IFCCARTESIANPOINTLIST3D(((0.25,0.,0.5),(0.192,0.161,0.5),(0.043,0.246,0.5),(-0.125,0.217,0.5),(-0.235,0.086,0.5),(-0.235,-0.086,0.5),(-0.125,-0.217,0.5),(0.043,-0.246,0.5),(0.192,-0.161,0.5),(0.62,0.,1.21),(0.475,0.399,1.21),(0.108,0.611,1.21),(-0.31,0.537,1.21),(-0.583,0.212,1.21),(-0.583,-0.212,1.21),(-0.31,-0.537,1.21),(0.108,-0.611,1.21),(0.475,-0.399,1.21),(0.66,0.,2.475),(0.506,0.424,2.475),(0.115,0.65,2.475),(-0.33,0.572,2.475),(-0.62,0.226,2.475),(-0.62,-0.226,2.475),(-0.33,-0.572,2.475),(0.115,-0.65,2.475),(0.506,-0.424,2.475),(0.45,0.,4.125),(0.345,0.289,4.125),(0.078,0.443,4.125),(-0.225,0.39,4.125),(-0.423,0.154,4.125),(-0.423,-0.154,4.125),(-0.225,-0.39,4.125),(0.078,-0.443,4.125),(0.345,-0.289,4.125),(0.2,0.,5.115),(0.153,0.129,5.115),(0.035,0.197,5.115),(-0.1,0.173,5.115),(-0.188,0.068,5.115),(-0.188,-0.068,5.115),(-0.1,-0.173,5.115),(0.035,-0.197,5.115),(0.153,-0.129,5.115),(0.03,0.,5.5),(0.023,0.019,5.5),(0.005,0.03,5.5),(-0.015,0.026,5.5),(-0.028,0.01,5.5),(-0.028,-0.01,5.5),(-0.015,-0.026,5.5),(0.005,-0.03,5.5),(0.023,-0.019,5.5),(0.,0.,0.5),(0.,0.,5.5)));
#562=IFCTRIANGULATEDFACESET(#561,$,$,((1,2,11),(1,11,10),(2,3,12),(2,12,11),(3,4,13),(3,13,12),(4,5,14),(4,14,13),(5,6,15),(5,15,14),(6,7,16),(6,16,15),(7,8,17),(7,17,16),(8,9,18),(8,18,17),(9,1,10),(9,10,18),(10,11,20),(10,20,19),(11,12,21),(11,21,20),(12,13,22),(12,22,21),(13,14,23),(13,23,22),(14,15,24),(14,24,23),(15,16,25),(15,25,24),(16,17,26),(16,26,25),(17,18,27),(17,27,26),(18,10,19),(18,19,27),(19,20,29),(19,29,28),(20,21,30),(20,30,29),(21,22,31),(21,31,30),(22,23,32),(22,32,31),(23,24,33),(23,33,32),(24,25,34),(24,34,33),(25,26,35),(25,35,34),(26,27,36),(26,36,35),(27,19,28),(27,28,36),(28,29,38),(28,38,37),(29,30,39),(29,39,38),(30,31,40),(30,40,39),(31,32,41),(31,41,40),(32,33,42),(32,42,41),(33,34,43),(33,43,42),(34,35,44),(34,44,43),(35,36,45),(35,45,44),(36,28,37),(36,37,45),(37,38,47),(37,47,46),(38,39,48),(38,48,47),(39,40,49),(39,49,48),(40,41,50),(40,50,49),(41,42,51),(41,51,50),(42,43,52),(42,52,51),(43,44,53),(43,53,52),(44,45,54),(44,54,53),(45,37,46),(45,46,54),(55,2,1),(56,46,47),(55,3,2),(56,47,48),(55,4,3),(56,48,49),(55,5,4),(56,49,50),(55,6,5),(56,50,51),(55,7,6),(56,51,52),(55,8,7),(56,52,53),(55,9,8),(56,53,54),(55,1,9),(56,54,46)),$);
#563=IFCSHAPEREPRESENTATION(#11,'Body','Tessellation',(#562,#567));
#564=IFCPRODUCTDEFINITIONSHAPE($,$,(#563));
#565=IFCSTYLEDITEM(#562,(#501),$);
#566=IFCCARTESIANPOINTLIST3D(((0.12,0.,-0.3),(0.06,0.104,-0.3),(-0.06,0.104,-0.3),(-0.12,0.,-0.3),(-0.06,-0.104,-0.3),(0.06,-0.104,-0.3),(0.1,0.,0.6),(0.05,0.087,0.6),(-0.05,0.087,0.6),(-0.1,0.,0.6),(-0.05,-0.087,0.6),(0.05,-0.087,0.6),(0.,0.,-0.3),(0.,0.,0.6)));
#567=IFCTRIANGULATEDFACESET(#566,$,$,((1,2,8),(1,8,7),(2,3,9),(2,9,8),(3,4,10),(3,10,9),(4,5,11),(4,11,10),(5,6,12),(5,12,11),(6,1,7),(6,7,12),(13,2,1),(14,7,8),(13,3,2),(14,8,9),(13,4,3),(14,9,10),(13,5,4),(14,10,11),(13,6,5),(14,11,12),(13,1,6),(14,12,7)),$);
#568=IFCSTYLEDITEM(#567,(#505),$);
#569=IFCGEOGRAPHICELEMENT('05E44IyJjAYppTnRWjouyU',$,'Cypress 7',$,'VEGETATION',#572,#576,$,.USERDEFINED.);
#570=IFCCARTESIANPOINT((16.,16.5,0.09240377867927044));
#571=IFCAXIS2PLACEMENT3D(#570,$,$);
#572=IFCLOCALPLACEMENT(#16,#571);
#573=IFCCARTESIANPOINTLIST3D(((0.25,0.,0.5),(0.192,0.161,0.5),(0.043,0.246,0.5),(-0.125,0.217,0.5),(-0.235,0.086,0.5),(-0.235,-0.086,0.5),(-0.125,-0.217,0.5),(0.043,-0.246,0.5),(0.192,-0.161,0.5),(0.62,0.,1.43),(0.475,0.399,1.43),(0.108,0.611,1.43),(-0.31,0.537,1.43),(-0.583,0.212,1.43),(-0.583,-0.212,1.43),(-0.31,-0.537,1.43),(0.108,-0.611,1.43),(0.475,-0.399,1.43),(0.66,0.,2.925),(0.506,0.424,2.925),(0.115,0.65,2.925),(-0.33,0.572,2.925),(-0.62,0.226,2.925),(-0.62,-0.226,2.925),(-0.33,-0.572,2.925),(0.115,-0.65,2.925),(0.506,-0.424,2.925),(0.45,0.,4.875),(0.345,0.289,4.875),(0.078,0.443,4.875),(-0.225,0.39,4.875),(-0.423,0.154,4.875),(-0.423,-0.154,4.875),(-0.225,-0.39,4.875),(0.078,-0.443,4.875),(0.345,-0.289,4.875),(0.2,0.,6.045),(0.153,0.129,6.045),(0.035,0.197,6.045),(-0.1,0.173,6.045),(-0.188,0.068,6.045),(-0.188,-0.068,6.045),(-0.1,-0.173,6.045),(0.035,-0.197,6.045),(0.153,-0.129,6.045),(0.03,0.,6.5),(0.023,0.019,6.5),(0.005,0.03,6.5),(-0.015,0.026,6.5),(-0.028,0.01,6.5),(-0.028,-0.01,6.5),(-0.015,-0.026,6.5),(0.005,-0.03,6.5),(0.023,-0.019,6.5),(0.,0.,0.5),(0.,0.,6.5)));
#574=IFCTRIANGULATEDFACESET(#573,$,$,((1,2,11),(1,11,10),(2,3,12),(2,12,11),(3,4,13),(3,13,12),(4,5,14),(4,14,13),(5,6,15),(5,15,14),(6,7,16),(6,16,15),(7,8,17),(7,17,16),(8,9,18),(8,18,17),(9,1,10),(9,10,18),(10,11,20),(10,20,19),(11,12,21),(11,21,20),(12,13,22),(12,22,21),(13,14,23),(13,23,22),(14,15,24),(14,24,23),(15,16,25),(15,25,24),(16,17,26),(16,26,25),(17,18,27),(17,27,26),(18,10,19),(18,19,27),(19,20,29),(19,29,28),(20,21,30),(20,30,29),(21,22,31),(21,31,30),(22,23,32),(22,32,31),(23,24,33),(23,33,32),(24,25,34),(24,34,33),(25,26,35),(25,35,34),(26,27,36),(26,36,35),(27,19,28),(27,28,36),(28,29,38),(28,38,37),(29,30,39),(29,39,38),(30,31,40),(30,40,39),(31,32,41),(31,41,40),(32,33,42),(32,42,41),(33,34,43),(33,43,42),(34,35,44),(34,44,43),(35,36,45),(35,45,44),(36,28,37),(36,37,45),(37,38,47),(37,47,46),(38,39,48),(38,48,47),(39,40,49),(39,49,48),(40,41,50),(40,50,49),(41,42,51),(41,51,50),(42,43,52),(42,52,51),(43,44,53),(43,53,52),(44,45,54),(44,54,53),(45,37,46),(45,46,54),(55,2,1),(56,46,47),(55,3,2),(56,47,48),(55,4,3),(56,48,49),(55,5,4),(56,49,50),(55,6,5),(56,50,51),(55,7,6),(56,51,52),(55,8,7),(56,52,53),(55,9,8),(56,53,54),(55,1,9),(56,54,46)),$);
#575=IFCSHAPEREPRESENTATION(#11,'Body','Tessellation',(#574,#579));
#576=IFCPRODUCTDEFINITIONSHAPE($,$,(#575));
#577=IFCSTYLEDITEM(#574,(#501),$);
#578=IFCCARTESIANPOINTLIST3D(((0.12,0.,-0.3),(0.06,0.104,-0.3),(-0.06,0.104,-0.3),(-0.12,0.,-0.3),(-0.06,-0.104,-0.3),(0.06,-0.104,-0.3),(0.1,0.,0.6),(0.05,0.087,0.6),(-0.05,0.087,0.6),(-0.1,0.,0.6),(-0.05,-0.087,0.6),(0.05,-0.087,0.6),(0.,0.,-0.3),(0.,0.,0.6)));
#579=IFCTRIANGULATEDFACESET(#578,$,$,((1,2,8),(1,8,7),(2,3,9),(2,9,8),(3,4,10),(3,10,9),(4,5,11),(4,11,10),(5,6,12),(5,12,11),(6,1,7),(6,7,12),(13,2,1),(14,7,8),(13,3,2),(14,8,9),(13,4,3),(14,9,10),(13,5,4),(14,10,11),(13,6,5),(14,11,12),(13,1,6),(14,12,7)),$);
#580=IFCSTYLEDITEM(#579,(#505),$);
#581=IFCGEOGRAPHICELEMENT('1hDwmN23E8orXN8mchZc6L',$,'Cypress 8',$,'VEGETATION',#584,#588,$,.USERDEFINED.);
#582=IFCCARTESIANPOINT((19.,17.,0.1014032269488448));
#583=IFCAXIS2PLACEMENT3D(#582,$,$);
#584=IFCLOCALPLACEMENT(#16,#583);
#585=IFCCARTESIANPOINTLIST3D(((0.25,0.,0.5),(0.192,0.161,0.5),(0.043,0.246,0.5),(-0.125,0.217,0.5),(-0.235,0.086,0.5),(-0.235,-0.086,0.5),(-0.125,-0.217,0.5),(0.043,-0.246,0.5),(0.192,-0.161,0.5),(0.62,0.,1.1),(0.475,0.399,1.1),(0.108,0.611,1.1),(-0.31,0.537,1.1),(-0.583,0.212,1.1),(-0.583,-0.212,1.1),(-0.31,-0.537,1.1),(0.108,-0.611,1.1),(0.475,-0.399,1.1),(0.66,0.,2.25),(0.506,0.424,2.25),(0.115,0.65,2.25),(-0.33,0.572,2.25),(-0.62,0.226,2.25),(-0.62,-0.226,2.25),(-0.33,-0.572,2.25),(0.115,-0.65,2.25),(0.506,-0.424,2.25),(0.45,0.,3.75),(0.345,0.289,3.75),(0.078,0.443,3.75),(-0.225,0.39,3.75),(-0.423,0.154,3.75),(-0.423,-0.154,3.75),(-0.225,-0.39,3.75),(0.078,-0.443,3.75),(0.345,-0.289,3.75),(0.2,0.,4.65),(0.153,0.129,4.65),(0.035,0.197,4.65),(-0.1,0.173,4.65),(-0.188,0.068,4.65),(-0.188,-0.068,4.65),(-0.1,-0.173,4.65),(0.035,-0.197,4.65),(0.153,-0.129,4.65),(0.03,0.,5.),(0.023,0.019,5.),(0.005,0.03,5.),(-0.015,0.026,5.),(-0.028,0.01,5.),(-0.028,-0.01,5.),(-0.015,-0.026,5.),(0.005,-0.03,5.),(0.023,-0.019,5.),(0.,0.,0.5),(0.,0.,5.)));
#586=IFCTRIANGULATEDFACESET(#585,$,$,((1,2,11),(1,11,10),(2,3,12),(2,12,11),(3,4,13),(3,13,12),(4,5,14),(4,14,13),(5,6,15),(5,15,14),(6,7,16),(6,16,15),(7,8,17),(7,17,16),(8,9,18),(8,18,17),(9,1,10),(9,10,18),(10,11,20),(10,20,19),(11,12,21),(11,21,20),(12,13,22),(12,22,21),(13,14,23),(13,23,22),(14,15,24),(14,24,23),(15,16,25),(15,25,24),(16,17,26),(16,26,25),(17,18,27),(17,27,26),(18,10,19),(18,19,27),(19,20,29),(19,29,28),(20,21,30),(20,30,29),(21,22,31),(21,31,30),(22,23,32),(22,32,31),(23,24,33),(23,33,32),(24,25,34),(24,34,33),(25,26,35),(25,35,34),(26,27,36),(26,36,35),(27,19,28),(27,28,36),(28,29,38),(28,38,37),(29,30,39),(29,39,38),(30,31,40),(30,40,39),(31,32,41),(31,41,40),(32,33,42),(32,42,41),(33,34,43),(33,43,42),(34,35,44),(34,44,43),(35,36,45),(35,45,44),(36,28,37),(36,37,45),(37,38,47),(37,47,46),(38,39,48),(38,48,47),(39,40,49),(39,49,48),(40,41,50),(40,50,49),(41,42,51),(41,51,50),(42,43,52),(42,52,51),(43,44,53),(43,53,52),(44,45,54),(44,54,53),(45,37,46),(45,46,54),(55,2,1),(56,46,47),(55,3,2),(56,47,48),(55,4,3),(56,48,49),(55,5,4),(56,49,50),(55,6,5),(56,50,51),(55,7,6),(56,51,52),(55,8,7),(56,52,53),(55,9,8),(56,53,54),(55,1,9),(56,54,46)),$);
#587=IFCSHAPEREPRESENTATION(#11,'Body','Tessellation',(#586,#591));
#588=IFCPRODUCTDEFINITIONSHAPE($,$,(#587));
#589=IFCSTYLEDITEM(#586,(#501),$);
#590=IFCCARTESIANPOINTLIST3D(((0.12,0.,-0.3),(0.06,0.104,-0.3),(-0.06,0.104,-0.3),(-0.12,0.,-0.3),(-0.06,-0.104,-0.3),(0.06,-0.104,-0.3),(0.1,0.,0.6),(0.05,0.087,0.6),(-0.05,0.087,0.6),(-0.1,0.,0.6),(-0.05,-0.087,0.6),(0.05,-0.087,0.6),(0.,0.,-0.3),(0.,0.,0.6)));
#591=IFCTRIANGULATEDFACESET(#590,$,$,((1,2,8),(1,8,7),(2,3,9),(2,9,8),(3,4,10),(3,10,9),(4,5,11),(4,11,10),(5,6,12),(5,12,11),(6,1,7),(6,7,12),(13,2,1),(14,7,8),(13,3,2),(14,8,9),(13,4,3),(14,9,10),(13,5,4),(14,10,11),(13,6,5),(14,11,12),(13,1,6),(14,12,7)),$);
#592=IFCSTYLEDITEM(#591,(#505),$);
#593=IFCGEOGRAPHICELEMENT('2LhWNcwUyNjJ0QPOhQ17UJ',$,'Cypress 9',$,'VEGETATION',#596,#600,$,.USERDEFINED.);
#594=IFCCARTESIANPOINT((24.5,8.,-0.6169150187152455));
#595=IFCAXIS2PLACEMENT3D(#594,$,$);
#596=IFCLOCALPLACEMENT(#16,#595);
#597=IFCCARTESIANPOINTLIST3D(((0.25,0.,0.5),(0.192,0.161,0.5),(0.043,0.246,0.5),(-0.125,0.217,0.5),(-0.235,0.086,0.5),(-0.235,-0.086,0.5),(-0.125,-0.217,0.5),(0.043,-0.246,0.5),(0.192,-0.161,0.5),(0.62,0.,1.21),(0.475,0.399,1.21),(0.108,0.611,1.21),(-0.31,0.537,1.21),(-0.583,0.212,1.21),(-0.583,-0.212,1.21),(-0.31,-0.537,1.21),(0.108,-0.611,1.21),(0.475,-0.399,1.21),(0.66,0.,2.475),(0.506,0.424,2.475),(0.115,0.65,2.475),(-0.33,0.572,2.475),(-0.62,0.226,2.475),(-0.62,-0.226,2.475),(-0.33,-0.572,2.475),(0.115,-0.65,2.475),(0.506,-0.424,2.475),(0.45,0.,4.125),(0.345,0.289,4.125),(0.078,0.443,4.125),(-0.225,0.39,4.125),(-0.423,0.154,4.125),(-0.423,-0.154,4.125),(-0.225,-0.39,4.125),(0.078,-0.443,4.125),(0.345,-0.289,4.125),(0.2,0.,5.115),(0.153,0.129,5.115),(0.035,0.197,5.115),(-0.1,0.173,5.115),(-0.188,0.068,5.115),(-0.188,-0.068,5.115),(-0.1,-0.173,5.115),(0.035,-0.197,5.115),(0.153,-0.129,5.115),(0.03,0.,5.5),(0.023,0.019,5.5),(0.005,0.03,5.5),(-0.015,0.026,5.5),(-0.028,0.01,5.5),(-0.028,-0.01,5.5),(-0.015,-0.026,5.5),(0.005,-0.03,5.5),(0.023,-0.019,5.5),(0.,0.,0.5),(0.,0.,5.5)));
#598=IFCTRIANGULATEDFACESET(#597,$,$,((1,2,11),(1,11,10),(2,3,12),(2,12,11),(3,4,13),(3,13,12),(4,5,14),(4,14,13),(5,6,15),(5,15,14),(6,7,16),(6,16,15),(7,8,17),(7,17,16),(8,9,18),(8,18,17),(9,1,10),(9,10,18),(10,11,20),(10,20,19),(11,12,21),(11,21,20),(12,13,22),(12,22,21),(13,14,23),(13,23,22),(14,15,24),(14,24,23),(15,16,25),(15,25,24),(16,17,26),(16,26,25),(17,18,27),(17,27,26),(18,10,19),(18,19,27),(19,20,29),(19,29,28),(20,21,30),(20,30,29),(21,22,31),(21,31,30),(22,23,32),(22,32,31),(23,24,33),(23,33,32),(24,25,34),(24,34,33),(25,26,35),(25,35,34),(26,27,36),(26,36,35),(27,19,28),(27,28,36),(28,29,38),(28,38,37),(29,30,39),(29,39,38),(30,31,40),(30,40,39),(31,32,41),(31,41,40),(32,33,42),(32,42,41),(33,34,43),(33,43,42),(34,35,44),(34,44,43),(35,36,45),(35,45,44),(36,28,37),(36,37,45),(37,38,47),(37,47,46),(38,39,48),(38,48,47),(39,40,49),(39,49,48),(40,41,50),(40,50,49),(41,42,51),(41,51,50),(42,43,52),(42,52,51),(43,44,53),(43,53,52),(44,45,54),(44,54,53),(45,37,46),(45,46,54),(55,2,1),(56,46,47),(55,3,2),(56,47,48),(55,4,3),(56,48,49),(55,5,4),(56,49,50),(55,6,5),(56,50,51),(55,7,6),(56,51,52),(55,8,7),(56,52,53),(55,9,8),(56,53,54),(55,1,9),(56,54,46)),$);
#599=IFCSHAPEREPRESENTATION(#11,'Body','Tessellation',(#598,#603));
#600=IFCPRODUCTDEFINITIONSHAPE($,$,(#599));
#601=IFCSTYLEDITEM(#598,(#501),$);
#602=IFCCARTESIANPOINTLIST3D(((0.12,0.,-0.3),(0.06,0.104,-0.3),(-0.06,0.104,-0.3),(-0.12,0.,-0.3),(-0.06,-0.104,-0.3),(0.06,-0.104,-0.3),(0.1,0.,0.6),(0.05,0.087,0.6),(-0.05,0.087,0.6),(-0.1,0.,0.6),(-0.05,-0.087,0.6),(0.05,-0.087,0.6),(0.,0.,-0.3),(0.,0.,0.6)));
#603=IFCTRIANGULATEDFACESET(#602,$,$,((1,2,8),(1,8,7),(2,3,9),(2,9,8),(3,4,10),(3,10,9),(4,5,11),(4,11,10),(5,6,12),(5,12,11),(6,1,7),(6,7,12),(13,2,1),(14,7,8),(13,3,2),(14,8,9),(13,4,3),(14,9,10),(13,5,4),(14,10,11),(13,6,5),(14,11,12),(13,1,6),(14,12,7)),$);
#604=IFCSTYLEDITEM(#603,(#505),$);
#605=IFCGEOGRAPHICELEMENT('3cTiCLIdunzs0SFNAYn$1Y',$,'Cypress 10',$,'VEGETATION',#608,#612,$,.USERDEFINED.);
#606=IFCCARTESIANPOINT((27.,3.,-0.8820084204602049));
#607=IFCAXIS2PLACEMENT3D(#606,$,$);
#608=IFCLOCALPLACEMENT(#16,#607);
#609=IFCCARTESIANPOINTLIST3D(((0.25,0.,0.5),(0.192,0.161,0.5),(0.043,0.246,0.5),(-0.125,0.217,0.5),(-0.235,0.086,0.5),(-0.235,-0.086,0.5),(-0.125,-0.217,0.5),(0.043,-0.246,0.5),(0.192,-0.161,0.5),(0.62,0.,1.43),(0.475,0.399,1.43),(0.108,0.611,1.43),(-0.31,0.537,1.43),(-0.583,0.212,1.43),(-0.583,-0.212,1.43),(-0.31,-0.537,1.43),(0.108,-0.611,1.43),(0.475,-0.399,1.43),(0.66,0.,2.925),(0.506,0.424,2.925),(0.115,0.65,2.925),(-0.33,0.572,2.925),(-0.62,0.226,2.925),(-0.62,-0.226,2.925),(-0.33,-0.572,2.925),(0.115,-0.65,2.925),(0.506,-0.424,2.925),(0.45,0.,4.875),(0.345,0.289,4.875),(0.078,0.443,4.875),(-0.225,0.39,4.875),(-0.423,0.154,4.875),(-0.423,-0.154,4.875),(-0.225,-0.39,4.875),(0.078,-0.443,4.875),(0.345,-0.289,4.875),(0.2,0.,6.045),(0.153,0.129,6.045),(0.035,0.197,6.045),(-0.1,0.173,6.045),(-0.188,0.068,6.045),(-0.188,-0.068,6.045),(-0.1,-0.173,6.045),(0.035,-0.197,6.045),(0.153,-0.129,6.045),(0.03,0.,6.5),(0.023,0.019,6.5),(0.005,0.03,6.5),(-0.015,0.026,6.5),(-0.028,0.01,6.5),(-0.028,-0.01,6.5),(-0.015,-0.026,6.5),(0.005,-0.03,6.5),(0.023,-0.019,6.5),(0.,0.,0.5),(0.,0.,6.5)));
#610=IFCTRIANGULATEDFACESET(#609,$,$,((1,2,11),(1,11,10),(2,3,12),(2,12,11),(3,4,13),(3,13,12),(4,5,14),(4,14,13),(5,6,15),(5,15,14),(6,7,16),(6,16,15),(7,8,17),(7,17,16),(8,9,18),(8,18,17),(9,1,10),(9,10,18),(10,11,20),(10,20,19),(11,12,21),(11,21,20),(12,13,22),(12,22,21),(13,14,23),(13,23,22),(14,15,24),(14,24,23),(15,16,25),(15,25,24),(16,17,26),(16,26,25),(17,18,27),(17,27,26),(18,10,19),(18,19,27),(19,20,29),(19,29,28),(20,21,30),(20,30,29),(21,22,31),(21,31,30),(22,23,32),(22,32,31),(23,24,33),(23,33,32),(24,25,34),(24,34,33),(25,26,35),(25,35,34),(26,27,36),(26,36,35),(27,19,28),(27,28,36),(28,29,38),(28,38,37),(29,30,39),(29,39,38),(30,31,40),(30,40,39),(31,32,41),(31,41,40),(32,33,42),(32,42,41),(33,34,43),(33,43,42),(34,35,44),(34,44,43),(35,36,45),(35,45,44),(36,28,37),(36,37,45),(37,38,47),(37,47,46),(38,39,48),(38,48,47),(39,40,49),(39,49,48),(40,41,50),(40,50,49),(41,42,51),(41,51,50),(42,43,52),(42,52,51),(43,44,53),(43,53,52),(44,45,54),(44,54,53),(45,37,46),(45,46,54),(55,2,1),(56,46,47),(55,3,2),(56,47,48),(55,4,3),(56,48,49),(55,5,4),(56,49,50),(55,6,5),(56,50,51),(55,7,6),(56,51,52),(55,8,7),(56,52,53),(55,9,8),(56,53,54),(55,1,9),(56,54,46)),$);
#611=IFCSHAPEREPRESENTATION(#11,'Body','Tessellation',(#610,#615));
#612=IFCPRODUCTDEFINITIONSHAPE($,$,(#611));
#613=IFCSTYLEDITEM(#610,(#501),$);
#614=IFCCARTESIANPOINTLIST3D(((0.12,0.,-0.3),(0.06,0.104,-0.3),(-0.06,0.104,-0.3),(-0.12,0.,-0.3),(-0.06,-0.104,-0.3),(0.06,-0.104,-0.3),(0.1,0.,0.6),(0.05,0.087,0.6),(-0.05,0.087,0.6),(-0.1,0.,0.6),(-0.05,-0.087,0.6),(0.05,-0.087,0.6),(0.,0.,-0.3),(0.,0.,0.6)));
#615=IFCTRIANGULATEDFACESET(#614,$,$,((1,2,8),(1,8,7),(2,3,9),(2,9,8),(3,4,10),(3,10,9),(4,5,11),(4,11,10),(5,6,12),(5,12,11),(6,1,7),(6,7,12),(13,2,1),(14,7,8),(13,3,2),(14,8,9),(13,4,3),(14,9,10),(13,5,4),(14,10,11),(13,6,5),(14,11,12),(13,1,6),(14,12,7)),$);
#616=IFCSTYLEDITEM(#615,(#505),$);
#617=IFCGEOGRAPHICELEMENT('0LiOcJE1OfBundIWQRAn1J',$,'Cypress 11',$,'VEGETATION',#620,#624,$,.USERDEFINED.);
#618=IFCCARTESIANPOINT((28.5,-2.,-0.8856888774274382));
#619=IFCAXIS2PLACEMENT3D(#618,$,$);
#620=IFCLOCALPLACEMENT(#16,#619);
#621=IFCCARTESIANPOINTLIST3D(((0.25,0.,0.5),(0.192,0.161,0.5),(0.043,0.246,0.5),(-0.125,0.217,0.5),(-0.235,0.086,0.5),(-0.235,-0.086,0.5),(-0.125,-0.217,0.5),(0.043,-0.246,0.5),(0.192,-0.161,0.5),(0.62,0.,1.54),(0.475,0.399,1.54),(0.108,0.611,1.54),(-0.31,0.537,1.54),(-0.583,0.212,1.54),(-0.583,-0.212,1.54),(-0.31,-0.537,1.54),(0.108,-0.611,1.54),(0.475,-0.399,1.54),(0.66,0.,3.15),(0.506,0.424,3.15),(0.115,0.65,3.15),(-0.33,0.572,3.15),(-0.62,0.226,3.15),(-0.62,-0.226,3.15),(-0.33,-0.572,3.15),(0.115,-0.65,3.15),(0.506,-0.424,3.15),(0.45,0.,5.25),(0.345,0.289,5.25),(0.078,0.443,5.25),(-0.225,0.39,5.25),(-0.423,0.154,5.25),(-0.423,-0.154,5.25),(-0.225,-0.39,5.25),(0.078,-0.443,5.25),(0.345,-0.289,5.25),(0.2,0.,6.51),(0.153,0.129,6.51),(0.035,0.197,6.51),(-0.1,0.173,6.51),(-0.188,0.068,6.51),(-0.188,-0.068,6.51),(-0.1,-0.173,6.51),(0.035,-0.197,6.51),(0.153,-0.129,6.51),(0.03,0.,7.),(0.023,0.019,7.),(0.005,0.03,7.),(-0.015,0.026,7.),(-0.028,0.01,7.),(-0.028,-0.01,7.),(-0.015,-0.026,7.),(0.005,-0.03,7.),(0.023,-0.019,7.),(0.,0.,0.5),(0.,0.,7.)));
#622=IFCTRIANGULATEDFACESET(#621,$,$,((1,2,11),(1,11,10),(2,3,12),(2,12,11),(3,4,13),(3,13,12),(4,5,14),(4,14,13),(5,6,15),(5,15,14),(6,7,16),(6,16,15),(7,8,17),(7,17,16),(8,9,18),(8,18,17),(9,1,10),(9,10,18),(10,11,20),(10,20,19),(11,12,21),(11,21,20),(12,13,22),(12,22,21),(13,14,23),(13,23,22),(14,15,24),(14,24,23),(15,16,25),(15,25,24),(16,17,26),(16,26,25),(17,18,27),(17,27,26),(18,10,19),(18,19,27),(19,20,29),(19,29,28),(20,21,30),(20,30,29),(21,22,31),(21,31,30),(22,23,32),(22,32,31),(23,24,33),(23,33,32),(24,25,34),(24,34,33),(25,26,35),(25,35,34),(26,27,36),(26,36,35),(27,19,28),(27,28,36),(28,29,38),(28,38,37),(29,30,39),(29,39,38),(30,31,40),(30,40,39),(31,32,41),(31,41,40),(32,33,42),(32,42,41),(33,34,43),(33,43,42),(34,35,44),(34,44,43),(35,36,45),(35,45,44),(36,28,37),(36,37,45),(37,38,47),(37,47,46),(38,39,48),(38,48,47),(39,40,49),(39,49,48),(40,41,50),(40,50,49),(41,42,51),(41,51,50),(42,43,52),(42,52,51),(43,44,53),(43,53,52),(44,45,54),(44,54,53),(45,37,46),(45,46,54),(55,2,1),(56,46,47),(55,3,2),(56,47,48),(55,4,3),(56,48,49),(55,5,4),(56,49,50),(55,6,5),(56,50,51),(55,7,6),(56,51,52),(55,8,7),(56,52,53),(55,9,8),(56,53,54),(55,1,9),(56,54,46)),$);
#623=IFCSHAPEREPRESENTATION(#11,'Body','Tessellation',(#622,#627));
#624=IFCPRODUCTDEFINITIONSHAPE($,$,(#623));
#625=IFCSTYLEDITEM(#622,(#501),$);
#626=IFCCARTESIANPOINTLIST3D(((0.12,0.,-0.3),(0.06,0.104,-0.3),(-0.06,0.104,-0.3),(-0.12,0.,-0.3),(-0.06,-0.104,-0.3),(0.06,-0.104,-0.3),(0.1,0.,0.6),(0.05,0.087,0.6),(-0.05,0.087,0.6),(-0.1,0.,0.6),(-0.05,-0.087,0.6),(0.05,-0.087,0.6),(0.,0.,-0.3),(0.,0.,0.6)));
#627=IFCTRIANGULATEDFACESET(#626,$,$,((1,2,8),(1,8,7),(2,3,9),(2,9,8),(3,4,10),(3,10,9),(4,5,11),(4,11,10),(5,6,12),(5,12,11),(6,1,7),(6,7,12),(13,2,1),(14,7,8),(13,3,2),(14,8,9),(13,4,3),(14,9,10),(13,5,4),(14,10,11),(13,6,5),(14,11,12),(13,1,6),(14,12,7)),$);
#628=IFCSTYLEDITEM(#627,(#505),$);
#629=IFCGEOGRAPHICELEMENT('3zitvAEyGfi4sPjEksN42i',$,'Cypress 12',$,'VEGETATION',#632,#636,$,.USERDEFINED.);
#630=IFCCARTESIANPOINT((29.,-8.,-0.907021964955152));
#631=IFCAXIS2PLACEMENT3D(#630,$,$);
#632=IFCLOCALPLACEMENT(#16,#631);
#633=IFCCARTESIANPOINTLIST3D(((0.25,0.,0.5),(0.192,0.161,0.5),(0.043,0.246,0.5),(-0.125,0.217,0.5),(-0.235,0.086,0.5),(-0.235,-0.086,0.5),(-0.125,-0.217,0.5),(0.043,-0.246,0.5),(0.192,-0.161,0.5),(0.62,0.,1.65),(0.475,0.399,1.65),(0.108,0.611,1.65),(-0.31,0.537,1.65),(-0.583,0.212,1.65),(-0.583,-0.212,1.65),(-0.31,-0.537,1.65),(0.108,-0.611,1.65),(0.475,-0.399,1.65),(0.66,0.,3.375),(0.506,0.424,3.375),(0.115,0.65,3.375),(-0.33,0.572,3.375),(-0.62,0.226,3.375),(-0.62,-0.226,3.375),(-0.33,-0.572,3.375),(0.115,-0.65,3.375),(0.506,-0.424,3.375),(0.45,0.,5.625),(0.345,0.289,5.625),(0.078,0.443,5.625),(-0.225,0.39,5.625),(-0.423,0.154,5.625),(-0.423,-0.154,5.625),(-0.225,-0.39,5.625),(0.078,-0.443,5.625),(0.345,-0.289,5.625),(0.2,0.,6.975),(0.153,0.129,6.975),(0.035,0.197,6.975),(-0.1,0.173,6.975),(-0.188,0.068,6.975),(-0.188,-0.068,6.975),(-0.1,-0.173,6.975),(0.035,-0.197,6.975),(0.153,-0.129,6.975),(0.03,0.,7.5),(0.023,0.019,7.5),(0.005,0.03,7.5),(-0.015,0.026,7.5),(-0.028,0.01,7.5),(-0.028,-0.01,7.5),(-0.015,-0.026,7.5),(0.005,-0.03,7.5),(0.023,-0.019,7.5),(0.,0.,0.5),(0.,0.,7.5)));
#634=IFCTRIANGULATEDFACESET(#633,$,$,((1,2,11),(1,11,10),(2,3,12),(2,12,11),(3,4,13),(3,13,12),(4,5,14),(4,14,13),(5,6,15),(5,15,14),(6,7,16),(6,16,15),(7,8,17),(7,17,16),(8,9,18),(8,18,17),(9,1,10),(9,10,18),(10,11,20),(10,20,19),(11,12,21),(11,21,20),(12,13,22),(12,22,21),(13,14,23),(13,23,22),(14,15,24),(14,24,23),(15,16,25),(15,25,24),(16,17,26),(16,26,25),(17,18,27),(17,27,26),(18,10,19),(18,19,27),(19,20,29),(19,29,28),(20,21,30),(20,30,29),(21,22,31),(21,31,30),(22,23,32),(22,32,31),(23,24,33),(23,33,32),(24,25,34),(24,34,33),(25,26,35),(25,35,34),(26,27,36),(26,36,35),(27,19,28),(27,28,36),(28,29,38),(28,38,37),(29,30,39),(29,39,38),(30,31,40),(30,40,39),(31,32,41),(31,41,40),(32,33,42),(32,42,41),(33,34,43),(33,43,42),(34,35,44),(34,44,43),(35,36,45),(35,45,44),(36,28,37),(36,37,45),(37,38,47),(37,47,46),(38,39,48),(38,48,47),(39,40,49),(39,49,48),(40,41,50),(40,50,49),(41,42,51),(41,51,50),(42,43,52),(42,52,51),(43,44,53),(43,53,52),(44,45,54),(44,54,53),(45,37,46),(45,46,54),(55,2,1),(56,46,47),(55,3,2),(56,47,48),(55,4,3),(56,48,49),(55,5,4),(56,49,50),(55,6,5),(56,50,51),(55,7,6),(56,51,52),(55,8,7),(56,52,53),(55,9,8),(56,53,54),(55,1,9),(56,54,46)),$);
#635=IFCSHAPEREPRESENTATION(#11,'Body','Tessellation',(#634,#639));
#636=IFCPRODUCTDEFINITIONSHAPE($,$,(#635));
#637=IFCSTYLEDITEM(#634,(#501),$);
#638=IFCCARTESIANPOINTLIST3D(((0.12,0.,-0.3),(0.06,0.104,-0.3),(-0.06,0.104,-0.3),(-0.12,0.,-0.3),(-0.06,-0.104,-0.3),(0.06,-0.104,-0.3),(0.1,0.,0.6),(0.05,0.087,0.6),(-0.05,0.087,0.6),(-0.1,0.,0.6),(-0.05,-0.087,0.6),(0.05,-0.087,0.6),(0.,0.,-0.3),(0.,0.,0.6)));
#639=IFCTRIANGULATEDFACESET(#638,$,$,((1,2,8),(1,8,7),(2,3,9),(2,9,8),(3,4,10),(3,10,9),(4,5,11),(4,11,10),(5,6,12),(5,12,11),(6,1,7),(6,7,12),(13,2,1),(14,7,8),(13,3,2),(14,8,9),(13,4,3),(14,9,10),(13,5,4),(14,10,11),(13,6,5),(14,11,12),(13,1,6),(14,12,7)),$);
#640=IFCSTYLEDITEM(#639,(#505),$);
#641=IFCGEOGRAPHICELEMENT('2oSs3rqFPr5NpmrcvFk9hE',$,'Cypress 13',$,'VEGETATION',#644,#648,$,.USERDEFINED.);
#642=IFCCARTESIANPOINT((27.,12.5,-0.06038616197015187));
#643=IFCAXIS2PLACEMENT3D(#642,$,$);
#644=IFCLOCALPLACEMENT(#16,#643);
#645=IFCCARTESIANPOINTLIST3D(((0.25,0.,0.5),(0.192,0.161,0.5),(0.043,0.246,0.5),(-0.125,0.217,0.5),(-0.235,0.086,0.5),(-0.235,-0.086,0.5),(-0.125,-0.217,0.5),(0.043,-0.246,0.5),(0.192,-0.161,0.5),(0.62,0.,1.1),(0.475,0.399,1.1),(0.108,0.611,1.1),(-0.31,0.537,1.1),(-0.583,0.212,1.1),(-0.583,-0.212,1.1),(-0.31,-0.537,1.1),(0.108,-0.611,1.1),(0.475,-0.399,1.1),(0.66,0.,2.25),(0.506,0.424,2.25),(0.115,0.65,2.25),(-0.33,0.572,2.25),(-0.62,0.226,2.25),(-0.62,-0.226,2.25),(-0.33,-0.572,2.25),(0.115,-0.65,2.25),(0.506,-0.424,2.25),(0.45,0.,3.75),(0.345,0.289,3.75),(0.078,0.443,3.75),(-0.225,0.39,3.75),(-0.423,0.154,3.75),(-0.423,-0.154,3.75),(-0.225,-0.39,3.75),(0.078,-0.443,3.75),(0.345,-0.289,3.75),(0.2,0.,4.65),(0.153,0.129,4.65),(0.035,0.197,4.65),(-0.1,0.173,4.65),(-0.188,0.068,4.65),(-0.188,-0.068,4.65),(-0.1,-0.173,4.65),(0.035,-0.197,4.65),(0.153,-0.129,4.65),(0.03,0.,5.),(0.023,0.019,5.),(0.005,0.03,5.),(-0.015,0.026,5.),(-0.028,0.01,5.),(-0.028,-0.01,5.),(-0.015,-0.026,5.),(0.005,-0.03,5.),(0.023,-0.019,5.),(0.,0.,0.5),(0.,0.,5.)));
#646=IFCTRIANGULATEDFACESET(#645,$,$,((1,2,11),(1,11,10),(2,3,12),(2,12,11),(3,4,13),(3,13,12),(4,5,14),(4,14,13),(5,6,15),(5,15,14),(6,7,16),(6,16,15),(7,8,17),(7,17,16),(8,9,18),(8,18,17),(9,1,10),(9,10,18),(10,11,20),(10,20,19),(11,12,21),(11,21,20),(12,13,22),(12,22,21),(13,14,23),(13,23,22),(14,15,24),(14,24,23),(15,16,25),(15,25,24),(16,17,26),(16,26,25),(17,18,27),(17,27,26),(18,10,19),(18,19,27),(19,20,29),(19,29,28),(20,21,30),(20,30,29),(21,22,31),(21,31,30),(22,23,32),(22,32,31),(23,24,33),(23,33,32),(24,25,34),(24,34,33),(25,26,35),(25,35,34),(26,27,36),(26,36,35),(27,19,28),(27,28,36),(28,29,38),(28,38,37),(29,30,39),(29,39,38),(30,31,40),(30,40,39),(31,32,41),(31,41,40),(32,33,42),(32,42,41),(33,34,43),(33,43,42),(34,35,44),(34,44,43),(35,36,45),(35,45,44),(36,28,37),(36,37,45),(37,38,47),(37,47,46),(38,39,48),(38,48,47),(39,40,49),(39,49,48),(40,41,50),(40,50,49),(41,42,51),(41,51,50),(42,43,52),(42,52,51),(43,44,53),(43,53,52),(44,45,54),(44,54,53),(45,37,46),(45,46,54),(55,2,1),(56,46,47),(55,3,2),(56,47,48),(55,4,3),(56,48,49),(55,5,4),(56,49,50),(55,6,5),(56,50,51),(55,7,6),(56,51,52),(55,8,7),(56,52,53),(55,9,8),(56,53,54),(55,1,9),(56,54,46)),$);
#647=IFCSHAPEREPRESENTATION(#11,'Body','Tessellation',(#646,#651));
#648=IFCPRODUCTDEFINITIONSHAPE($,$,(#647));
#649=IFCSTYLEDITEM(#646,(#501),$);
#650=IFCCARTESIANPOINTLIST3D(((0.12,0.,-0.3),(0.06,0.104,-0.3),(-0.06,0.104,-0.3),(-0.12,0.,-0.3),(-0.06,-0.104,-0.3),(0.06,-0.104,-0.3),(0.1,0.,0.6),(0.05,0.087,0.6),(-0.05,0.087,0.6),(-0.1,0.,0.6),(-0.05,-0.087,0.6),(0.05,-0.087,0.6),(0.,0.,-0.3),(0.,0.,0.6)));
#651=IFCTRIANGULATEDFACESET(#650,$,$,((1,2,8),(1,8,7),(2,3,9),(2,9,8),(3,4,10),(3,10,9),(4,5,11),(4,11,10),(5,6,12),(5,12,11),(6,1,7),(6,7,12),(13,2,1),(14,7,8),(13,3,2),(14,8,9),(13,4,3),(14,9,10),(13,5,4),(14,10,11),(13,6,5),(14,11,12),(13,1,6),(14,12,7)),$);
#652=IFCSTYLEDITEM(#651,(#505),$);
#653=IFCGEOGRAPHICELEMENT('3Vc1LcWrbNbRsZmjVhS99p',$,'Cypress 14',$,'VEGETATION',#656,#660,$,.USERDEFINED.);
#654=IFCCARTESIANPOINT((29.,15.5,0.048640432559649525));
#655=IFCAXIS2PLACEMENT3D(#654,$,$);
#656=IFCLOCALPLACEMENT(#16,#655);
#657=IFCCARTESIANPOINTLIST3D(((0.25,0.,0.5),(0.192,0.161,0.5),(0.043,0.246,0.5),(-0.125,0.217,0.5),(-0.235,0.086,0.5),(-0.235,-0.086,0.5),(-0.125,-0.217,0.5),(0.043,-0.246,0.5),(0.192,-0.161,0.5),(0.62,0.,1.32),(0.475,0.399,1.32),(0.108,0.611,1.32),(-0.31,0.537,1.32),(-0.583,0.212,1.32),(-0.583,-0.212,1.32),(-0.31,-0.537,1.32),(0.108,-0.611,1.32),(0.475,-0.399,1.32),(0.66,0.,2.7),(0.506,0.424,2.7),(0.115,0.65,2.7),(-0.33,0.572,2.7),(-0.62,0.226,2.7),(-0.62,-0.226,2.7),(-0.33,-0.572,2.7),(0.115,-0.65,2.7),(0.506,-0.424,2.7),(0.45,0.,4.5),(0.345,0.289,4.5),(0.078,0.443,4.5),(-0.225,0.39,4.5),(-0.423,0.154,4.5),(-0.423,-0.154,4.5),(-0.225,-0.39,4.5),(0.078,-0.443,4.5),(0.345,-0.289,4.5),(0.2,0.,5.58),(0.153,0.129,5.58),(0.035,0.197,5.58),(-0.1,0.173,5.58),(-0.188,0.068,5.58),(-0.188,-0.068,5.58),(-0.1,-0.173,5.58),(0.035,-0.197,5.58),(0.153,-0.129,5.58),(0.03,0.,6.),(0.023,0.019,6.),(0.005,0.03,6.),(-0.015,0.026,6.),(-0.028,0.01,6.),(-0.028,-0.01,6.),(-0.015,-0.026,6.),(0.005,-0.03,6.),(0.023,-0.019,6.),(0.,0.,0.5),(0.,0.,6.)));
#658=IFCTRIANGULATEDFACESET(#657,$,$,((1,2,11),(1,11,10),(2,3,12),(2,12,11),(3,4,13),(3,13,12),(4,5,14),(4,14,13),(5,6,15),(5,15,14),(6,7,16),(6,16,15),(7,8,17),(7,17,16),(8,9,18),(8,18,17),(9,1,10),(9,10,18),(10,11,20),(10,20,19),(11,12,21),(11,21,20),(12,13,22),(12,22,21),(13,14,23),(13,23,22),(14,15,24),(14,24,23),(15,16,25),(15,25,24),(16,17,26),(16,26,25),(17,18,27),(17,27,26),(18,10,19),(18,19,27),(19,20,29),(19,29,28),(20,21,30),(20,30,29),(21,22,31),(21,31,30),(22,23,32),(22,32,31),(23,24,33),(23,33,32),(24,25,34),(24,34,33),(25,26,35),(25,35,34),(26,27,36),(26,36,35),(27,19,28),(27,28,36),(28,29,38),(28,38,37),(29,30,39),(29,39,38),(30,31,40),(30,40,39),(31,32,41),(31,41,40),(32,33,42),(32,42,41),(33,34,43),(33,43,42),(34,35,44),(34,44,43),(35,36,45),(35,45,44),(36,28,37),(36,37,45),(37,38,47),(37,47,46),(38,39,48),(38,48,47),(39,40,49),(39,49,48),(40,41,50),(40,50,49),(41,42,51),(41,51,50),(42,43,52),(42,52,51),(43,44,53),(43,53,52),(44,45,54),(44,54,53),(45,37,46),(45,46,54),(55,2,1),(56,46,47),(55,3,2),(56,47,48),(55,4,3),(56,48,49),(55,5,4),(56,49,50),(55,6,5),(56,50,51),(55,7,6),(56,51,52),(55,8,7),(56,52,53),(55,9,8),(56,53,54),(55,1,9),(56,54,46)),$);
#659=IFCSHAPEREPRESENTATION(#11,'Body','Tessellation',(#658,#663));
#660=IFCPRODUCTDEFINITIONSHAPE($,$,(#659));
#661=IFCSTYLEDITEM(#658,(#501),$);
#662=IFCCARTESIANPOINTLIST3D(((0.12,0.,-0.3),(0.06,0.104,-0.3),(-0.06,0.104,-0.3),(-0.12,0.,-0.3),(-0.06,-0.104,-0.3),(0.06,-0.104,-0.3),(0.1,0.,0.6),(0.05,0.087,0.6),(-0.05,0.087,0.6),(-0.1,0.,0.6),(-0.05,-0.087,0.6),(0.05,-0.087,0.6),(0.,0.,-0.3),(0.,0.,0.6)));
#663=IFCTRIANGULATEDFACESET(#662,$,$,((1,2,8),(1,8,7),(2,3,9),(2,9,8),(3,4,10),(3,10,9),(4,5,11),(4,11,10),(5,6,12),(5,12,11),(6,1,7),(6,7,12),(13,2,1),(14,7,8),(13,3,2),(14,8,9),(13,4,3),(14,9,10),(13,5,4),(14,10,11),(13,6,5),(14,11,12),(13,1,6),(14,12,7)),$);
#664=IFCSTYLEDITEM(#663,(#505),$);
#665=IFCGEOGRAPHICELEMENT('1eThFHIqTtxnI6pfMe41$9',$,'Cypress 15',$,'VEGETATION',#668,#672,$,.USERDEFINED.);
#666=IFCCARTESIANPOINT((-5.,16.5,0.09263504113133296));
#667=IFCAXIS2PLACEMENT3D(#666,$,$);
#668=IFCLOCALPLACEMENT(#16,#667);
#669=IFCCARTESIANPOINTLIST3D(((0.25,0.,0.5),(0.192,0.161,0.5),(0.043,0.246,0.5),(-0.125,0.217,0.5),(-0.235,0.086,0.5),(-0.235,-0.086,0.5),(-0.125,-0.217,0.5),(0.043,-0.246,0.5),(0.192,-0.161,0.5),(0.62,0.,0.99),(0.475,0.399,0.99),(0.108,0.611,0.99),(-0.31,0.537,0.99),(-0.583,0.212,0.99),(-0.583,-0.212,0.99),(-0.31,-0.537,0.99),(0.108,-0.611,0.99),(0.475,-0.399,0.99),(0.66,0.,2.025),(0.506,0.424,2.025),(0.115,0.65,2.025),(-0.33,0.572,2.025),(-0.62,0.226,2.025),(-0.62,-0.226,2.025),(-0.33,-0.572,2.025),(0.115,-0.65,2.025),(0.506,-0.424,2.025),(0.45,0.,3.375),(0.345,0.289,3.375),(0.078,0.443,3.375),(-0.225,0.39,3.375),(-0.423,0.154,3.375),(-0.423,-0.154,3.375),(-0.225,-0.39,3.375),(0.078,-0.443,3.375),(0.345,-0.289,3.375),(0.2,0.,4.185),(0.153,0.129,4.185),(0.035,0.197,4.185),(-0.1,0.173,4.185),(-0.188,0.068,4.185),(-0.188,-0.068,4.185),(-0.1,-0.173,4.185),(0.035,-0.197,4.185),(0.153,-0.129,4.185),(0.03,0.,4.5),(0.023,0.019,4.5),(0.005,0.03,4.5),(-0.015,0.026,4.5),(-0.028,0.01,4.5),(-0.028,-0.01,4.5),(-0.015,-0.026,4.5),(0.005,-0.03,4.5),(0.023,-0.019,4.5),(0.,0.,0.5),(0.,0.,4.5)));
#670=IFCTRIANGULATEDFACESET(#669,$,$,((1,2,11),(1,11,10),(2,3,12),(2,12,11),(3,4,13),(3,13,12),(4,5,14),(4,14,13),(5,6,15),(5,15,14),(6,7,16),(6,16,15),(7,8,17),(7,17,16),(8,9,18),(8,18,17),(9,1,10),(9,10,18),(10,11,20),(10,20,19),(11,12,21),(11,21,20),(12,13,22),(12,22,21),(13,14,23),(13,23,22),(14,15,24),(14,24,23),(15,16,25),(15,25,24),(16,17,26),(16,26,25),(17,18,27),(17,27,26),(18,10,19),(18,19,27),(19,20,29),(19,29,28),(20,21,30),(20,30,29),(21,22,31),(21,31,30),(22,23,32),(22,32,31),(23,24,33),(23,33,32),(24,25,34),(24,34,33),(25,26,35),(25,35,34),(26,27,36),(26,36,35),(27,19,28),(27,28,36),(28,29,38),(28,38,37),(29,30,39),(29,39,38),(30,31,40),(30,40,39),(31,32,41),(31,41,40),(32,33,42),(32,42,41),(33,34,43),(33,43,42),(34,35,44),(34,44,43),(35,36,45),(35,45,44),(36,28,37),(36,37,45),(37,38,47),(37,47,46),(38,39,48),(38,48,47),(39,40,49),(39,49,48),(40,41,50),(40,50,49),(41,42,51),(41,51,50),(42,43,52),(42,52,51),(43,44,53),(43,53,52),(44,45,54),(44,54,53),(45,37,46),(45,46,54),(55,2,1),(56,46,47),(55,3,2),(56,47,48),(55,4,3),(56,48,49),(55,5,4),(56,49,50),(55,6,5),(56,50,51),(55,7,6),(56,51,52),(55,8,7),(56,52,53),(55,9,8),(56,53,54),(55,1,9),(56,54,46)),$);
#671=IFCSHAPEREPRESENTATION(#11,'Body','Tessellation',(#670,#675));
#672=IFCPRODUCTDEFINITIONSHAPE($,$,(#671));
#673=IFCSTYLEDITEM(#670,(#501),$);
#674=IFCCARTESIANPOINTLIST3D(((0.12,0.,-0.3),(0.06,0.104,-0.3),(-0.06,0.104,-0.3),(-0.12,0.,-0.3),(-0.06,-0.104,-0.3),(0.06,-0.104,-0.3),(0.1,0.,0.6),(0.05,0.087,0.6),(-0.05,0.087,0.6),(-0.1,0.,0.6),(-0.05,-0.087,0.6),(0.05,-0.087,0.6),(0.,0.,-0.3),(0.,0.,0.6)));
#675=IFCTRIANGULATEDFACESET(#674,$,$,((1,2,8),(1,8,7),(2,3,9),(2,9,8),(3,4,10),(3,10,9),(4,5,11),(4,11,10),(5,6,12),(5,12,11),(6,1,7),(6,7,12),(13,2,1),(14,7,8),(13,3,2),(14,8,9),(13,4,3),(14,9,10),(13,5,4),(14,10,11),(13,6,5),(14,11,12),(13,1,6),(14,12,7)),$);
#676=IFCSTYLEDITEM(#675,(#505),$);
#677=IFCGEOGRAPHICELEMENT('23H8NLAkZLBeMwhg8Gpj3K',$,'Shrub 1',$,'VEGETATION',#680,#684,$,.USERDEFINED.);
#678=IFCCARTESIANPOINT((-3.5,-7.6,-0.16110029798208267));
#679=IFCAXIS2PLACEMENT3D(#678,$,$);
#680=IFCLOCALPLACEMENT(#16,#679);
#681=IFCCARTESIANPOINTLIST3D(((0.02,0.,-0.05),(0.014,0.014,-0.05),(0.,0.02,-0.05),(-0.014,0.014,-0.05),(-0.02,0.,-0.05),(-0.014,-0.014,-0.05),(0.,-0.02,-0.05),(0.014,-0.014,-0.05),(0.275,0.,0.005),(0.194,0.194,0.005),(0.,0.275,0.005),(-0.194,0.194,0.005),(-0.275,0.,0.005),(-0.194,-0.194,0.005),(0.,-0.275,0.005),(0.194,-0.194,0.005),(0.476,0.,0.156),(0.337,0.337,0.156),(0.,0.476,0.156),(-0.337,0.337,0.156),(-0.476,0.,0.156),(-0.337,-0.337,0.156),(0.,-0.476,0.156),(0.337,-0.337,0.156),(0.55,0.,0.363),(0.389,0.389,0.363),(0.,0.55,0.363),(-0.389,0.389,0.363),(-0.55,0.,0.363),(-0.389,-0.389,0.363),(0.,-0.55,0.363),(0.389,-0.389,0.363),(0.476,0.,0.569),(0.337,0.337,0.569),(0.,0.476,0.569),(-0.337,0.337,0.569),(-0.476,0.,0.569),(-0.337,-0.337,0.569),(0.,-0.476,0.569),(0.337,-0.337,0.569),(0.275,0.,0.72),(0.194,0.194,0.72),(0.,0.275,0.72),(-0.194,0.194,0.72),(-0.275,0.,0.72),(-0.194,-0.194,0.72),(0.,-0.275,0.72),(0.194,-0.194,0.72),(0.02,0.,0.775),(0.014,0.014,0.775),(0.,0.02,0.775),(-0.014,0.014,0.775),(-0.02,0.,0.775),(-0.014,-0.014,0.775),(0.,-0.02,0.775),(0.014,-0.014,0.775),(0.,0.,-0.05),(0.,0.,0.775),(0.405,0.165,-0.05),(0.399,0.179,-0.05),(0.385,0.185,-0.05),(0.371,0.179,-0.05),(0.365,0.165,-0.05),(0.371,0.151,-0.05),(0.385,0.145,-0.05),(0.399,0.151,-0.05),(0.578,0.165,-0.013),(0.521,0.301,-0.013),(0.385,0.358,-0.013),(0.249,0.301,-0.013),(0.193,0.165,-0.013),(0.249,0.029,-0.013),(0.385,-0.027,-0.013),(0.521,0.029,-0.013),(0.718,0.165,0.087),(0.621,0.401,0.087),(0.385,0.498,0.087),(0.149,0.401,0.087),(0.052,0.165,0.087),(0.149,-0.071,0.087),(0.385,-0.168,0.087),(0.621,-0.071,0.087),(0.77,0.165,0.225),(0.657,0.437,0.225),(0.385,0.55,0.225),(0.113,0.437,0.225),(0.,0.165,0.225),(0.113,-0.107,0.225),(0.385,-0.22,0.225),(0.657,-0.107,0.225),(0.718,0.165,0.363),(0.621,0.401,0.363),(0.385,0.498,0.363),(0.149,0.401,0.363),(0.052,0.165,0.363),(0.149,-0.071,0.363),(0.385,-0.168,0.363),(0.621,-0.071,0.363),(0.578,0.165,0.463),(0.521,0.301,0.463),(0.385,0.358,0.463),(0.249,0.301,0.463),(0.193,0.165,0.463),(0.249,0.029,0.463),(0.385,-0.027,0.463),(0.521,0.029,0.463),(0.405,0.165,0.5),(0.399,0.179,0.5),(0.385,0.185,0.5),(0.371,0.179,0.5),(0.365,0.165,0.5),(0.371,0.151,0.5),(0.385,0.145,0.5),(0.399,0.151,0.5),(0.385,0.165,-0.05),(0.385,0.165,0.5)));
#682=IFCTRIANGULATEDFACESET(#681,$,$,((1,2,10),(1,10,9),(2,3,11),(2,11,10),(3,4,12),(3,12,11),(4,5,13),(4,13,12),(5,6,14),(5,14,13),(6,7,15),(6,15,14),(7,8,16),(7,16,15),(8,1,9),(8,9,16),(9,10,18),(9,18,17),(10,11,19),(10,19,18),(11,12,20),(11,20,19),(12,13,21),(12,21,20),(13,14,22),(13,22,21),(14,15,23),(14,23,22),(15,16,24),(15,24,23),(16,9,17),(16,17,24),(17,18,26),(17,26,25),(18,19,27),(18,27,26),(19,20,28),(19,28,27),(20,21,29),(20,29,28),(21,22,30),(21,30,29),(22,23,31),(22,31,30),(23,24,32),(23,32,31),(24,17,25),(24,25,32),(25,26,34),(25,34,33),(26,27,35),(26,35,34),(27,28,36),(27,36,35),(28,29,37),(28,37,36),(29,30,38),(29,38,37),(30,31,39),(30,39,38),(31,32,40),(31,40,39),(32,25,33),(32,33,40),(33,34,42),(33,42,41),(34,35,43),(34,43,42),(35,36,44),(35,44,43),(36,37,45),(36,45,44),(37,38,46),(37,46,45),(38,39,47),(38,47,46),(39,40,48),(39,48,47),(40,33,41),(40,41,48),(41,42,50),(41,50,49),(42,43,51),(42,51,50),(43,44,52),(43,52,51),(44,45,53),(44,53,52),(45,46,54),(45,54,53),(46,47,55),(46,55,54),(47,48,56),(47,56,55),(48,41,49),(48,49,56),(57,2,1),(58,49,50),(57,3,2),(58,50,51),(57,4,3),(58,51,52),(57,5,4),(58,52,53),(57,6,5),(58,53,54),(57,7,6),(58,54,55),(57,8,7),(58,55,56),(57,1,8),(58,56,49),(59,60,68),(59,68,67),(60,61,69),(60,69,68),(61,62,70),(61,70,69),(62,63,71),(62,71,70),(63,64,72),(63,72,71),(64,65,73),(64,73,72),(65,66,74),(65,74,73),(66,59,67),(66,67,74),(67,68,76),(67,76,75),(68,69,77),(68,77,76),(69,70,78),(69,78,77),(70,71,79),(70,79,78),(71,72,80),(71,80,79),(72,73,81),(72,81,80),(73,74,82),(73,82,81),(74,67,75),(74,75,82),(75,76,84),(75,84,83),(76,77,85),(76,85,84),(77,78,86),(77,86,85),(78,79,87),(78,87,86),(79,80,88),(79,88,87),(80,81,89),(80,89,88),(81,82,90),(81,90,89),(82,75,83),(82,83,90),(83,84,92),(83,92,91),(84,85,93),(84,93,92),(85,86,94),(85,94,93),(86,87,95),(86,95,94),(87,88,96),(87,96,95),(88,89,97),(88,97,96),(89,90,98),(89,98,97),(90,83,91),(90,91,98),(91,92,100),(91,100,99),(92,93,101),(92,101,100),(93,94,102),(93,102,101),(94,95,103),(94,103,102),(95,96,104),(95,104,103),(96,97,105),(96,105,104),(97,98,106),(97,106,105),(98,91,99),(98,99,106),(99,100,108),(99,108,107),(100,101,109),(100,109,108),(101,102,110),(101,110,109),(102,103,111),(102,111,110),(103,104,112),(103,112,111),(104,105,113),(104,113,112),(105,106,114),(105,114,113),(106,99,107),(106,107,114),(115,60,59),(116,107,108),(115,61,60),(116,108,109),(115,62,61),(116,109,110),(115,63,62),(116,110,111),(115,64,63),(116,111,112),(115,65,64),(116,112,113),(115,66,65),(116,113,114),(115,59,66),(116,114,107)),$);
#683=IFCSHAPEREPRESENTATION(#11,'Body','Tessellation',(#682));
#684=IFCPRODUCTDEFINITIONSHAPE($,$,(#683));
#685=IFCSTYLEDITEM(#682,(#475),$);
#686=IFCGEOGRAPHICELEMENT('3eLicV5txPKjKzFpj_bmW5',$,'Shrub 2',$,'VEGETATION',#689,#693,$,.USERDEFINED.);
#687=IFCCARTESIANPOINT((-2.2,-7.5,-0.1301031180661879));
#688=IFCAXIS2PLACEMENT3D(#687,$,$);
#689=IFCLOCALPLACEMENT(#16,#688);
#690=IFCCARTESIANPOINTLIST3D(((0.02,0.,-0.05),(0.014,0.014,-0.05),(0.,0.02,-0.05),(-0.014,0.014,-0.05),(-0.02,0.,-0.05),(-0.014,-0.014,-0.05),(0.,-0.02,-0.05),(0.014,-0.014,-0.05),(0.225,0.,-0.005),(0.159,0.159,-0.005),(0.,0.225,-0.005),(-0.159,0.159,-0.005),(-0.225,0.,-0.005),(-0.159,-0.159,-0.005),(0.,-0.225,-0.005),(0.159,-0.159,-0.005),(0.39,0.,0.119),(0.276,0.276,0.119),(0.,0.39,0.119),(-0.276,0.276,0.119),(-0.39,0.,0.119),(-0.276,-0.276,0.119),(0.,-0.39,0.119),(0.276,-0.276,0.119),(0.45,0.,0.288),(0.318,0.318,0.288),(0.,0.45,0.288),(-0.318,0.318,0.288),(-0.45,0.,0.288),(-0.318,-0.318,0.288),(0.,-0.45,0.288),(0.318,-0.318,0.288),(0.39,0.,0.456),(0.276,0.276,0.456),(0.,0.39,0.456),(-0.276,0.276,0.456),(-0.39,0.,0.456),(-0.276,-0.276,0.456),(0.,-0.39,0.456),(0.276,-0.276,0.456),(0.225,0.,0.58),(0.159,0.159,0.58),(0.,0.225,0.58),(-0.159,0.159,0.58),(-0.225,0.,0.58),(-0.159,-0.159,0.58),(0.,-0.225,0.58),(0.159,-0.159,0.58),(0.02,0.,0.625),(0.014,0.014,0.625),(0.,0.02,0.625),(-0.014,0.014,0.625),(-0.02,0.,0.625),(-0.014,-0.014,0.625),(0.,-0.02,0.625),(0.014,-0.014,0.625),(0.,0.,-0.05),(0.,0.,0.625),(0.335,0.135,-0.05),(0.329,0.149,-0.05),(0.315,0.155,-0.05),(0.301,0.149,-0.05),(0.295,0.135,-0.05),(0.301,0.121,-0.05),(0.315,0.115,-0.05),(0.329,0.121,-0.05),(0.473,0.135,-0.02),(0.426,0.246,-0.02),(0.315,0.293,-0.02),(0.204,0.246,-0.02),(0.158,0.135,-0.02),(0.204,0.024,-0.02),(0.315,-0.022,-0.02),(0.426,0.024,-0.02),(0.588,0.135,0.062),(0.508,0.328,0.062),(0.315,0.408,0.062),(0.122,0.328,0.062),(0.042,0.135,0.062),(0.122,-0.058,0.062),(0.315,-0.138,0.062),(0.508,-0.058,0.062),(0.63,0.135,0.175),(0.538,0.358,0.175),(0.315,0.45,0.175),(0.092,0.358,0.175),(0.,0.135,0.175),(0.092,-0.088,0.175),(0.315,-0.18,0.175),(0.538,-0.088,0.175),(0.588,0.135,0.288),(0.508,0.328,0.288),(0.315,0.408,0.288),(0.122,0.328,0.288),(0.042,0.135,0.288),(0.122,-0.058,0.288),(0.315,-0.138,0.288),(0.508,-0.058,0.288),(0.473,0.135,0.37),(0.426,0.246,0.37),(0.315,0.293,0.37),(0.204,0.246,0.37),(0.158,0.135,0.37),(0.204,0.024,0.37),(0.315,-0.022,0.37),(0.426,0.024,0.37),(0.335,0.135,0.4),(0.329,0.149,0.4),(0.315,0.155,0.4),(0.301,0.149,0.4),(0.295,0.135,0.4),(0.301,0.121,0.4),(0.315,0.115,0.4),(0.329,0.121,0.4),(0.315,0.135,-0.05),(0.315,0.135,0.4)));
#691=IFCTRIANGULATEDFACESET(#690,$,$,((1,2,10),(1,10,9),(2,3,11),(2,11,10),(3,4,12),(3,12,11),(4,5,13),(4,13,12),(5,6,14),(5,14,13),(6,7,15),(6,15,14),(7,8,16),(7,16,15),(8,1,9),(8,9,16),(9,10,18),(9,18,17),(10,11,19),(10,19,18),(11,12,20),(11,20,19),(12,13,21),(12,21,20),(13,14,22),(13,22,21),(14,15,23),(14,23,22),(15,16,24),(15,24,23),(16,9,17),(16,17,24),(17,18,26),(17,26,25),(18,19,27),(18,27,26),(19,20,28),(19,28,27),(20,21,29),(20,29,28),(21,22,30),(21,30,29),(22,23,31),(22,31,30),(23,24,32),(23,32,31),(24,17,25),(24,25,32),(25,26,34),(25,34,33),(26,27,35),(26,35,34),(27,28,36),(27,36,35),(28,29,37),(28,37,36),(29,30,38),(29,38,37),(30,31,39),(30,39,38),(31,32,40),(31,40,39),(32,25,33),(32,33,40),(33,34,42),(33,42,41),(34,35,43),(34,43,42),(35,36,44),(35,44,43),(36,37,45),(36,45,44),(37,38,46),(37,46,45),(38,39,47),(38,47,46),(39,40,48),(39,48,47),(40,33,41),(40,41,48),(41,42,50),(41,50,49),(42,43,51),(42,51,50),(43,44,52),(43,52,51),(44,45,53),(44,53,52),(45,46,54),(45,54,53),(46,47,55),(46,55,54),(47,48,56),(47,56,55),(48,41,49),(48,49,56),(57,2,1),(58,49,50),(57,3,2),(58,50,51),(57,4,3),(58,51,52),(57,5,4),(58,52,53),(57,6,5),(58,53,54),(57,7,6),(58,54,55),(57,8,7),(58,55,56),(57,1,8),(58,56,49),(59,60,68),(59,68,67),(60,61,69),(60,69,68),(61,62,70),(61,70,69),(62,63,71),(62,71,70),(63,64,72),(63,72,71),(64,65,73),(64,73,72),(65,66,74),(65,74,73),(66,59,67),(66,67,74),(67,68,76),(67,76,75),(68,69,77),(68,77,76),(69,70,78),(69,78,77),(70,71,79),(70,79,78),(71,72,80),(71,80,79),(72,73,81),(72,81,80),(73,74,82),(73,82,81),(74,67,75),(74,75,82),(75,76,84),(75,84,83),(76,77,85),(76,85,84),(77,78,86),(77,86,85),(78,79,87),(78,87,86),(79,80,88),(79,88,87),(80,81,89),(80,89,88),(81,82,90),(81,90,89),(82,75,83),(82,83,90),(83,84,92),(83,92,91),(84,85,93),(84,93,92),(85,86,94),(85,94,93),(86,87,95),(86,95,94),(87,88,96),(87,96,95),(88,89,97),(88,97,96),(89,90,98),(89,98,97),(90,83,91),(90,91,98),(91,92,100),(91,100,99),(92,93,101),(92,101,100),(93,94,102),(93,102,101),(94,95,103),(94,103,102),(95,96,104),(95,104,103),(96,97,105),(96,105,104),(97,98,106),(97,106,105),(98,91,99),(98,99,106),(99,100,108),(99,108,107),(100,101,109),(100,109,108),(101,102,110),(101,110,109),(102,103,111),(102,111,110),(103,104,112),(103,112,111),(104,105,113),(104,113,112),(105,106,114),(105,114,113),(106,99,107),(106,107,114),(115,60,59),(116,107,108),(115,61,60),(116,108,109),(115,62,61),(116,109,110),(115,63,62),(116,110,111),(115,64,63),(116,111,112),(115,65,64),(116,112,113),(115,66,65),(116,113,114),(115,59,66),(116,114,107)),$);
#692=IFCSHAPEREPRESENTATION(#11,'Body','Tessellation',(#691));
#693=IFCPRODUCTDEFINITIONSHAPE($,$,(#692));
#694=IFCCOLOURRGB($,0.55,0.45,0.7);
#695=IFCSURFACESTYLERENDERING(#694,0.,$,$,$,$,$,$,.NOTDEFINED.);
#696=IFCSURFACESTYLE('rgba 0.55 0.45 0.7 1',.BOTH.,(#695));
#697=IFCSTYLEDITEM(#691,(#696),$);
#698=IFCGEOGRAPHICELEMENT('2Y$52LXlvdvp4_dfXNj9lf',$,'Shrub 3',$,'VEGETATION',#701,#705,$,.USERDEFINED.);
#699=IFCCARTESIANPOINT((-0.8,-7.6,-0.1699708126703669));
#700=IFCAXIS2PLACEMENT3D(#699,$,$);
#701=IFCLOCALPLACEMENT(#16,#700);
#702=IFCCARTESIANPOINTLIST3D(((0.02,0.,-0.05),(0.014,0.014,-0.05),(0.,0.02,-0.05),(-0.014,0.014,-0.05),(-0.02,0.,-0.05),(-0.014,-0.014,-0.05),(0.,-0.02,-0.05),(0.014,-0.014,-0.05),(0.3,0.,0.01),(0.212,0.212,0.01),(0.,0.3,0.01),(-0.212,0.212,0.01),(-0.3,0.,0.01),(-0.212,-0.212,0.01),(0.,-0.3,0.01),(0.212,-0.212,0.01),(0.52,0.,0.175),(0.367,0.367,0.175),(0.,0.52,0.175),(-0.367,0.367,0.175),(-0.52,0.,0.175),(-0.367,-0.367,0.175),(0.,-0.52,0.175),(0.367,-0.367,0.175),(0.6,0.,0.4),(0.424,0.424,0.4),(0.,0.6,0.4),(-0.424,0.424,0.4),(-0.6,0.,0.4),(-0.424,-0.424,0.4),(0.,-0.6,0.4),(0.424,-0.424,0.4),(0.52,0.,0.625),(0.367,0.367,0.625),(0.,0.52,0.625),(-0.367,0.367,0.625),(-0.52,0.,0.625),(-0.367,-0.367,0.625),(0.,-0.52,0.625),(0.367,-0.367,0.625),(0.3,0.,0.79),(0.212,0.212,0.79),(0.,0.3,0.79),(-0.212,0.212,0.79),(-0.3,0.,0.79),(-0.212,-0.212,0.79),(0.,-0.3,0.79),(0.212,-0.212,0.79),(0.02,0.,0.85),(0.014,0.014,0.85),(0.,0.02,0.85),(-0.014,0.014,0.85),(-0.02,0.,0.85),(-0.014,-0.014,0.85),(0.,-0.02,0.85),(0.014,-0.014,0.85),(0.,0.,-0.05),(0.,0.,0.8499999999999999),(0.44,0.18,-0.05),(0.434,0.194,-0.05),(0.42,0.2,-0.05),(0.406,0.194,-0.05),(0.4,0.18,-0.05),(0.406,0.166,-0.05),(0.42,0.16,-0.05),(0.434,0.166,-0.05),(0.63,0.18,-0.01),(0.568,0.328,-0.01),(0.42,0.39,-0.01),(0.272,0.328,-0.01),(0.21,0.18,-0.01),(0.272,0.032,-0.01),(0.42,-0.03,-0.01),(0.568,0.032,-0.01),(0.784,0.18,0.1),(0.677,0.437,0.1),(0.42,0.544,0.1),(0.163,0.437,0.1),(0.056,0.18,0.1),(0.163,-0.077,0.1),(0.42,-0.184,0.1),(0.677,-0.077,0.1),(0.84,0.18,0.25),(0.717,0.477,0.25),(0.42,0.6,0.25),(0.123,0.477,0.25),(0.,0.18,0.25),(0.123,-0.117,0.25),(0.42,-0.24,0.25),(0.717,-0.117,0.25),(0.784,0.18,0.4),(0.677,0.437,0.4),(0.42,0.544,0.4),(0.163,0.437,0.4),(0.056,0.18,0.4),(0.163,-0.077,0.4),(0.42,-0.184,0.4),(0.677,-0.077,0.4),(0.63,0.18,0.51),(0.568,0.328,0.51),(0.42,0.39,0.51),(0.272,0.328,0.51),(0.21,0.18,0.51),(0.272,0.032,0.51),(0.42,-0.03,0.51),(0.568,0.032,0.51),(0.44,0.18,0.55),(0.434,0.194,0.55),(0.42,0.2,0.55),(0.406,0.194,0.55),(0.4,0.18,0.55),(0.406,0.166,0.55),(0.42,0.16,0.55),(0.434,0.166,0.55),(0.42,0.18,-0.05),(0.42,0.18,0.5499999999999999)));
#703=IFCTRIANGULATEDFACESET(#702,$,$,((1,2,10),(1,10,9),(2,3,11),(2,11,10),(3,4,12),(3,12,11),(4,5,13),(4,13,12),(5,6,14),(5,14,13),(6,7,15),(6,15,14),(7,8,16),(7,16,15),(8,1,9),(8,9,16),(9,10,18),(9,18,17),(10,11,19),(10,19,18),(11,12,20),(11,20,19),(12,13,21),(12,21,20),(13,14,22),(13,22,21),(14,15,23),(14,23,22),(15,16,24),(15,24,23),(16,9,17),(16,17,24),(17,18,26),(17,26,25),(18,19,27),(18,27,26),(19,20,28),(19,28,27),(20,21,29),(20,29,28),(21,22,30),(21,30,29),(22,23,31),(22,31,30),(23,24,32),(23,32,31),(24,17,25),(24,25,32),(25,26,34),(25,34,33),(26,27,35),(26,35,34),(27,28,36),(27,36,35),(28,29,37),(28,37,36),(29,30,38),(29,38,37),(30,31,39),(30,39,38),(31,32,40),(31,40,39),(32,25,33),(32,33,40),(33,34,42),(33,42,41),(34,35,43),(34,43,42),(35,36,44),(35,44,43),(36,37,45),(36,45,44),(37,38,46),(37,46,45),(38,39,47),(38,47,46),(39,40,48),(39,48,47),(40,33,41),(40,41,48),(41,42,50),(41,50,49),(42,43,51),(42,51,50),(43,44,52),(43,52,51),(44,45,53),(44,53,52),(45,46,54),(45,54,53),(46,47,55),(46,55,54),(47,48,56),(47,56,55),(48,41,49),(48,49,56),(57,2,1),(58,49,50),(57,3,2),(58,50,51),(57,4,3),(58,51,52),(57,5,4),(58,52,53),(57,6,5),(58,53,54),(57,7,6),(58,54,55),(57,8,7),(58,55,56),(57,1,8),(58,56,49),(59,60,68),(59,68,67),(60,61,69),(60,69,68),(61,62,70),(61,70,69),(62,63,71),(62,71,70),(63,64,72),(63,72,71),(64,65,73),(64,73,72),(65,66,74),(65,74,73),(66,59,67),(66,67,74),(67,68,76),(67,76,75),(68,69,77),(68,77,76),(69,70,78),(69,78,77),(70,71,79),(70,79,78),(71,72,80),(71,80,79),(72,73,81),(72,81,80),(73,74,82),(73,82,81),(74,67,75),(74,75,82),(75,76,84),(75,84,83),(76,77,85),(76,85,84),(77,78,86),(77,86,85),(78,79,87),(78,87,86),(79,80,88),(79,88,87),(80,81,89),(80,89,88),(81,82,90),(81,90,89),(82,75,83),(82,83,90),(83,84,92),(83,92,91),(84,85,93),(84,93,92),(85,86,94),(85,94,93),(86,87,95),(86,95,94),(87,88,96),(87,96,95),(88,89,97),(88,97,96),(89,90,98),(89,98,97),(90,83,91),(90,91,98),(91,92,100),(91,100,99),(92,93,101),(92,101,100),(93,94,102),(93,102,101),(94,95,103),(94,103,102),(95,96,104),(95,104,103),(96,97,105),(96,105,104),(97,98,106),(97,106,105),(98,91,99),(98,99,106),(99,100,108),(99,108,107),(100,101,109),(100,109,108),(101,102,110),(101,110,109),(102,103,111),(102,111,110),(103,104,112),(103,112,111),(104,105,113),(104,113,112),(105,106,114),(105,114,113),(106,99,107),(106,107,114),(115,60,59),(116,107,108),(115,61,60),(116,108,109),(115,62,61),(116,109,110),(115,63,62),(116,110,111),(115,64,63),(116,111,112),(115,65,64),(116,112,113),(115,66,65),(116,113,114),(115,59,66),(116,114,107)),$);
#704=IFCSHAPEREPRESENTATION(#11,'Body','Tessellation',(#703));
#705=IFCPRODUCTDEFINITIONSHAPE($,$,(#704));
#706=IFCSTYLEDITEM(#703,(#475),$);
#707=IFCGEOGRAPHICELEMENT('1oZcjWYlHU8Yu_bqqmYNjE',$,'Shrub 4',$,'VEGETATION',#710,#714,$,.USERDEFINED.);
#708=IFCCARTESIANPOINT((0.6,-7.5,-0.1408341155418));
#709=IFCAXIS2PLACEMENT3D(#708,$,$);
#710=IFCLOCALPLACEMENT(#16,#709);
#711=IFCCARTESIANPOINTLIST3D(((0.02,0.,-0.05),(0.014,0.014,-0.05),(0.,0.02,-0.05),(-0.014,0.014,-0.05),(-0.02,0.,-0.05),(-0.014,-0.014,-0.05),(0.,-0.02,-0.05),(0.014,-0.014,-0.05),(0.25,0.,0.),(0.177,0.177,0.),(0.,0.25,0.),(-0.177,0.177,0.),(-0.25,0.,0.),(-0.177,-0.177,0.),(0.,-0.25,0.),(0.177,-0.177,0.),(0.433,0.,0.137),(0.306,0.306,0.137),(0.,0.433,0.137),(-0.306,0.306,0.137),(-0.433,0.,0.137),(-0.306,-0.306,0.137),(0.,-0.433,0.137),(0.306,-0.306,0.137),(0.5,0.,0.325),(0.354,0.354,0.325),(0.,0.5,0.325),(-0.354,0.354,0.325),(-0.5,0.,0.325),(-0.354,-0.354,0.325),(0.,-0.5,0.325),(0.354,-0.354,0.325),(0.433,0.,0.512),(0.306,0.306,0.512),(0.,0.433,0.512),(-0.306,0.306,0.512),(-0.433,0.,0.512),(-0.306,-0.306,0.512),(0.,-0.433,0.512),(0.306,-0.306,0.512),(0.25,0.,0.65),(0.177,0.177,0.65),(0.,0.25,0.65),(-0.177,0.177,0.65),(-0.25,0.,0.65),(-0.177,-0.177,0.65),(0.,-0.25,0.65),(0.177,-0.177,0.65),(0.02,0.,0.7),(0.014,0.014,0.7),(0.,0.02,0.7),(-0.014,0.014,0.7),(-0.02,0.,0.7),(-0.014,-0.014,0.7),(0.,-0.02,0.7),(0.014,-0.014,0.7),(0.,0.,-0.05),(0.,0.,0.7),(0.37,0.15,-0.05),(0.364,0.164,-0.05),(0.35,0.17,-0.05),(0.336,0.164,-0.05),(0.33,0.15,-0.05),(0.336,0.136,-0.05),(0.35,0.13,-0.05),(0.364,0.136,-0.05),(0.525,0.15,-0.017),(0.474,0.274,-0.017),(0.35,0.325,-0.017),(0.226,0.274,-0.017),(0.175,0.15,-0.017),(0.226,0.026,-0.017),(0.35,-0.025,-0.017),(0.474,0.026,-0.017),(0.653,0.15,0.075),(0.564,0.364,0.075),(0.35,0.453,0.075),(0.136,0.364,0.075),(0.047,0.15,0.075),(0.136,-0.064,0.075),(0.35,-0.153,0.075),(0.564,-0.064,0.075),(0.7,0.15,0.2),(0.597,0.397,0.2),(0.35,0.5,0.2),(0.103,0.397,0.2),(0.,0.15,0.2),(0.103,-0.097,0.2),(0.35,-0.2,0.2),(0.597,-0.097,0.2),(0.653,0.15,0.325),(0.564,0.364,0.325),(0.35,0.453,0.325),(0.136,0.364,0.325),(0.047,0.15,0.325),(0.136,-0.064,0.325),(0.35,-0.153,0.325),(0.564,-0.064,0.325),(0.525,0.15,0.417),(0.474,0.274,0.417),(0.35,0.325,0.417),(0.226,0.274,0.417),(0.175,0.15,0.417),(0.226,0.026,0.417),(0.35,-0.025,0.417),(0.474,0.026,0.417),(0.37,0.15,0.45),(0.364,0.164,0.45),(0.35,0.17,0.45),(0.336,0.164,0.45),(0.33,0.15,0.45),(0.336,0.136,0.45),(0.35,0.13,0.45),(0.364,0.136,0.45),(0.35,0.15,-0.05),(0.35,0.15,0.45)));
#712=IFCTRIANGULATEDFACESET(#711,$,$,((1,2,10),(1,10,9),(2,3,11),(2,11,10),(3,4,12),(3,12,11),(4,5,13),(4,13,12),(5,6,14),(5,14,13),(6,7,15),(6,15,14),(7,8,16),(7,16,15),(8,1,9),(8,9,16),(9,10,18),(9,18,17),(10,11,19),(10,19,18),(11,12,20),(11,20,19),(12,13,21),(12,21,20),(13,14,22),(13,22,21),(14,15,23),(14,23,22),(15,16,24),(15,24,23),(16,9,17),(16,17,24),(17,18,26),(17,26,25),(18,19,27),(18,27,26),(19,20,28),(19,28,27),(20,21,29),(20,29,28),(21,22,30),(21,30,29),(22,23,31),(22,31,30),(23,24,32),(23,32,31),(24,17,25),(24,25,32),(25,26,34),(25,34,33),(26,27,35),(26,35,34),(27,28,36),(27,36,35),(28,29,37),(28,37,36),(29,30,38),(29,38,37),(30,31,39),(30,39,38),(31,32,40),(31,40,39),(32,25,33),(32,33,40),(33,34,42),(33,42,41),(34,35,43),(34,43,42),(35,36,44),(35,44,43),(36,37,45),(36,45,44),(37,38,46),(37,46,45),(38,39,47),(38,47,46),(39,40,48),(39,48,47),(40,33,41),(40,41,48),(41,42,50),(41,50,49),(42,43,51),(42,51,50),(43,44,52),(43,52,51),(44,45,53),(44,53,52),(45,46,54),(45,54,53),(46,47,55),(46,55,54),(47,48,56),(47,56,55),(48,41,49),(48,49,56),(57,2,1),(58,49,50),(57,3,2),(58,50,51),(57,4,3),(58,51,52),(57,5,4),(58,52,53),(57,6,5),(58,53,54),(57,7,6),(58,54,55),(57,8,7),(58,55,56),(57,1,8),(58,56,49),(59,60,68),(59,68,67),(60,61,69),(60,69,68),(61,62,70),(61,70,69),(62,63,71),(62,71,70),(63,64,72),(63,72,71),(64,65,73),(64,73,72),(65,66,74),(65,74,73),(66,59,67),(66,67,74),(67,68,76),(67,76,75),(68,69,77),(68,77,76),(69,70,78),(69,78,77),(70,71,79),(70,79,78),(71,72,80),(71,80,79),(72,73,81),(72,81,80),(73,74,82),(73,82,81),(74,67,75),(74,75,82),(75,76,84),(75,84,83),(76,77,85),(76,85,84),(77,78,86),(77,86,85),(78,79,87),(78,87,86),(79,80,88),(79,88,87),(80,81,89),(80,89,88),(81,82,90),(81,90,89),(82,75,83),(82,83,90),(83,84,92),(83,92,91),(84,85,93),(84,93,92),(85,86,94),(85,94,93),(86,87,95),(86,95,94),(87,88,96),(87,96,95),(88,89,97),(88,97,96),(89,90,98),(89,98,97),(90,83,91),(90,91,98),(91,92,100),(91,100,99),(92,93,101),(92,101,100),(93,94,102),(93,102,101),(94,95,103),(94,103,102),(95,96,104),(95,104,103),(96,97,105),(96,105,104),(97,98,106),(97,106,105),(98,91,99),(98,99,106),(99,100,108),(99,108,107),(100,101,109),(100,109,108),(101,102,110),(101,110,109),(102,103,111),(102,111,110),(103,104,112),(103,112,111),(104,105,113),(104,113,112),(105,106,114),(105,114,113),(106,99,107),(106,107,114),(115,60,59),(116,107,108),(115,61,60),(116,108,109),(115,62,61),(116,109,110),(115,63,62),(116,110,111),(115,64,63),(116,111,112),(115,65,64),(116,112,113),(115,66,65),(116,113,114),(115,59,66),(116,114,107)),$);
#713=IFCSHAPEREPRESENTATION(#11,'Body','Tessellation',(#712));
#714=IFCPRODUCTDEFINITIONSHAPE($,$,(#713));
#715=IFCSTYLEDITEM(#712,(#696),$);
#716=IFCGEOGRAPHICELEMENT('0bgoDZkroA0sIGHGl2_iXp',$,'Shrub 5',$,'VEGETATION',#719,#723,$,.USERDEFINED.);
#717=IFCCARTESIANPOINT((2.,-7.6,-0.18144710258719685));
#718=IFCAXIS2PLACEMENT3D(#717,$,$);
#719=IFCLOCALPLACEMENT(#16,#718);
#720=IFCCARTESIANPOINTLIST3D(((0.02,0.,-0.05),(0.014,0.014,-0.05),(0.,0.02,-0.05),(-0.014,0.014,-0.05),(-0.02,0.,-0.05),(-0.014,-0.014,-0.05),(0.,-0.02,-0.05),(0.014,-0.014,-0.05),(0.275,0.,0.005),(0.194,0.194,0.005),(0.,0.275,0.005),(-0.194,0.194,0.005),(-0.275,0.,0.005),(-0.194,-0.194,0.005),(0.,-0.275,0.005),(0.194,-0.194,0.005),(0.476,0.,0.156),(0.337,0.337,0.156),(0.,0.476,0.156),(-0.337,0.337,0.156),(-0.476,0.,0.156),(-0.337,-0.337,0.156),(0.,-0.476,0.156),(0.337,-0.337,0.156),(0.55,0.,0.363),(0.389,0.389,0.363),(0.,0.55,0.363),(-0.389,0.389,0.363),(-0.55,0.,0.363),(-0.389,-0.389,0.363),(0.,-0.55,0.363),(0.389,-0.389,0.363),(0.476,0.,0.569),(0.337,0.337,0.569),(0.,0.476,0.569),(-0.337,0.337,0.569),(-0.476,0.,0.569),(-0.337,-0.337,0.569),(0.,-0.476,0.569),(0.337,-0.337,0.569),(0.275,0.,0.72),(0.194,0.194,0.72),(0.,0.275,0.72),(-0.194,0.194,0.72),(-0.275,0.,0.72),(-0.194,-0.194,0.72),(0.,-0.275,0.72),(0.194,-0.194,0.72),(0.02,0.,0.775),(0.014,0.014,0.775),(0.,0.02,0.775),(-0.014,0.014,0.775),(-0.02,0.,0.775),(-0.014,-0.014,0.775),(0.,-0.02,0.775),(0.014,-0.014,0.775),(0.,0.,-0.05),(0.,0.,0.775),(0.405,0.165,-0.05),(0.399,0.179,-0.05),(0.385,0.185,-0.05),(0.371,0.179,-0.05),(0.365,0.165,-0.05),(0.371,0.151,-0.05),(0.385,0.145,-0.05),(0.399,0.151,-0.05),(0.578,0.165,-0.013),(0.521,0.301,-0.013),(0.385,0.358,-0.013),(0.249,0.301,-0.013),(0.193,0.165,-0.013),(0.249,0.029,-0.013),(0.385,-0.027,-0.013),(0.521,0.029,-0.013),(0.718,0.165,0.087),(0.621,0.401,0.087),(0.385,0.498,0.087),(0.149,0.401,0.087),(0.052,0.165,0.087),(0.149,-0.071,0.087),(0.385,-0.168,0.087),(0.621,-0.071,0.087),(0.77,0.165,0.225),(0.657,0.437,0.225),(0.385,0.55,0.225),(0.113,0.437,0.225),(0.,0.165,0.225),(0.113,-0.107,0.225),(0.385,-0.22,0.225),(0.657,-0.107,0.225),(0.718,0.165,0.363),(0.621,0.401,0.363),(0.385,0.498,0.363),(0.149,0.401,0.363),(0.052,0.165,0.363),(0.149,-0.071,0.363),(0.385,-0.168,0.363),(0.621,-0.071,0.363),(0.578,0.165,0.463),(0.521,0.301,0.463),(0.385,0.358,0.463),(0.249,0.301,0.463),(0.193,0.165,0.463),(0.249,0.029,0.463),(0.385,-0.027,0.463),(0.521,0.029,0.463),(0.405,0.165,0.5),(0.399,0.179,0.5),(0.385,0.185,0.5),(0.371,0.179,0.5),(0.365,0.165,0.5),(0.371,0.151,0.5),(0.385,0.145,0.5),(0.399,0.151,0.5),(0.385,0.165,-0.05),(0.385,0.165,0.5)));
#721=IFCTRIANGULATEDFACESET(#720,$,$,((1,2,10),(1,10,9),(2,3,11),(2,11,10),(3,4,12),(3,12,11),(4,5,13),(4,13,12),(5,6,14),(5,14,13),(6,7,15),(6,15,14),(7,8,16),(7,16,15),(8,1,9),(8,9,16),(9,10,18),(9,18,17),(10,11,19),(10,19,18),(11,12,20),(11,20,19),(12,13,21),(12,21,20),(13,14,22),(13,22,21),(14,15,23),(14,23,22),(15,16,24),(15,24,23),(16,9,17),(16,17,24),(17,18,26),(17,26,25),(18,19,27),(18,27,26),(19,20,28),(19,28,27),(20,21,29),(20,29,28),(21,22,30),(21,30,29),(22,23,31),(22,31,30),(23,24,32),(23,32,31),(24,17,25),(24,25,32),(25,26,34),(25,34,33),(26,27,35),(26,35,34),(27,28,36),(27,36,35),(28,29,37),(28,37,36),(29,30,38),(29,38,37),(30,31,39),(30,39,38),(31,32,40),(31,40,39),(32,25,33),(32,33,40),(33,34,42),(33,42,41),(34,35,43),(34,43,42),(35,36,44),(35,44,43),(36,37,45),(36,45,44),(37,38,46),(37,46,45),(38,39,47),(38,47,46),(39,40,48),(39,48,47),(40,33,41),(40,41,48),(41,42,50),(41,50,49),(42,43,51),(42,51,50),(43,44,52),(43,52,51),(44,45,53),(44,53,52),(45,46,54),(45,54,53),(46,47,55),(46,55,54),(47,48,56),(47,56,55),(48,41,49),(48,49,56),(57,2,1),(58,49,50),(57,3,2),(58,50,51),(57,4,3),(58,51,52),(57,5,4),(58,52,53),(57,6,5),(58,53,54),(57,7,6),(58,54,55),(57,8,7),(58,55,56),(57,1,8),(58,56,49),(59,60,68),(59,68,67),(60,61,69),(60,69,68),(61,62,70),(61,70,69),(62,63,71),(62,71,70),(63,64,72),(63,72,71),(64,65,73),(64,73,72),(65,66,74),(65,74,73),(66,59,67),(66,67,74),(67,68,76),(67,76,75),(68,69,77),(68,77,76),(69,70,78),(69,78,77),(70,71,79),(70,79,78),(71,72,80),(71,80,79),(72,73,81),(72,81,80),(73,74,82),(73,82,81),(74,67,75),(74,75,82),(75,76,84),(75,84,83),(76,77,85),(76,85,84),(77,78,86),(77,86,85),(78,79,87),(78,87,86),(79,80,88),(79,88,87),(80,81,89),(80,89,88),(81,82,90),(81,90,89),(82,75,83),(82,83,90),(83,84,92),(83,92,91),(84,85,93),(84,93,92),(85,86,94),(85,94,93),(86,87,95),(86,95,94),(87,88,96),(87,96,95),(88,89,97),(88,97,96),(89,90,98),(89,98,97),(90,83,91),(90,91,98),(91,92,100),(91,100,99),(92,93,101),(92,101,100),(93,94,102),(93,102,101),(94,95,103),(94,103,102),(95,96,104),(95,104,103),(96,97,105),(96,105,104),(97,98,106),(97,106,105),(98,91,99),(98,99,106),(99,100,108),(99,108,107),(100,101,109),(100,109,108),(101,102,110),(101,110,109),(102,103,111),(102,111,110),(103,104,112),(103,112,111),(104,105,113),(104,113,112),(105,106,114),(105,114,113),(106,99,107),(106,107,114),(115,60,59),(116,107,108),(115,61,60),(116,108,109),(115,62,61),(116,109,110),(115,63,62),(116,110,111),(115,64,63),(116,111,112),(115,65,64),(116,112,113),(115,66,65),(116,113,114),(115,59,66),(116,114,107)),$);
#722=IFCSHAPEREPRESENTATION(#11,'Body','Tessellation',(#721));
#723=IFCPRODUCTDEFINITIONSHAPE($,$,(#722));
#724=IFCSTYLEDITEM(#721,(#475),$);
#725=IFCGEOGRAPHICELEMENT('37IkcteXfC1$TO5t_1jVoN',$,'Shrub 6',$,'VEGETATION',#728,#732,$,.USERDEFINED.);
#726=IFCCARTESIANPOINT((3.2,-7.5,-0.14941853546004305));
#727=IFCAXIS2PLACEMENT3D(#726,$,$);
#728=IFCLOCALPLACEMENT(#16,#727);
#729=IFCCARTESIANPOINTLIST3D(((0.02,0.,-0.05),(0.014,0.014,-0.05),(0.,0.02,-0.05),(-0.014,0.014,-0.05),(-0.02,0.,-0.05),(-0.014,-0.014,-0.05),(0.,-0.02,-0.05),(0.014,-0.014,-0.05),(0.2,0.,-0.01),(0.141,0.141,-0.01),(0.,0.2,-0.01),(-0.141,0.141,-0.01),(-0.2,0.,-0.01),(-0.141,-0.141,-0.01),(0.,-0.2,-0.01),(0.141,-0.141,-0.01),(0.346,0.,0.1),(0.245,0.245,0.1),(0.,0.346,0.1),(-0.245,0.245,0.1),(-0.346,0.,0.1),(-0.245,-0.245,0.1),(0.,-0.346,0.1),(0.245,-0.245,0.1),(0.4,0.,0.25),(0.283,0.283,0.25),(0.,0.4,0.25),(-0.283,0.283,0.25),(-0.4,0.,0.25),(-0.283,-0.283,0.25),(0.,-0.4,0.25),(0.283,-0.283,0.25),(0.346,0.,0.4),(0.245,0.245,0.4),(0.,0.346,0.4),(-0.245,0.245,0.4),(-0.346,0.,0.4),(-0.245,-0.245,0.4),(0.,-0.346,0.4),(0.245,-0.245,0.4),(0.2,0.,0.51),(0.141,0.141,0.51),(0.,0.2,0.51),(-0.141,0.141,0.51),(-0.2,0.,0.51),(-0.141,-0.141,0.51),(0.,-0.2,0.51),(0.141,-0.141,0.51),(0.02,0.,0.55),(0.014,0.014,0.55),(0.,0.02,0.55),(-0.014,0.014,0.55),(-0.02,0.,0.55),(-0.014,-0.014,0.55),(0.,-0.02,0.55),(0.014,-0.014,0.55),(0.,0.,-0.05),(0.,0.,0.55),(0.3,0.12,-0.05),(0.294,0.134,-0.05),(0.28,0.14,-0.05),(0.266,0.134,-0.05),(0.26,0.12,-0.05),(0.266,0.106,-0.05),(0.28,0.1,-0.05),(0.294,0.106,-0.05),(0.42,0.12,-0.023),(0.379,0.219,-0.023),(0.28,0.26,-0.023),(0.181,0.219,-0.023),(0.14,0.12,-0.023),(0.181,0.021,-0.023),(0.28,-0.02,-0.023),(0.379,0.021,-0.023),(0.522,0.12,0.05),(0.451,0.291,0.05),(0.28,0.362,0.05),(0.109,0.291,0.05),(0.038,0.12,0.05),(0.109,-0.051,0.05),(0.28,-0.122,0.05),(0.451,-0.051,0.05),(0.56,0.12,0.15),(0.478,0.318,0.15),(0.28,0.4,0.15),(0.082,0.318,0.15),(0.,0.12,0.15),(0.082,-0.078,0.15),(0.28,-0.16,0.15),(0.478,-0.078,0.15),(0.522,0.12,0.25),(0.451,0.291,0.25),(0.28,0.362,0.25),(0.109,0.291,0.25),(0.038,0.12,0.25),(0.109,-0.051,0.25),(0.28,-0.122,0.25),(0.451,-0.051,0.25),(0.42,0.12,0.323),(0.379,0.219,0.323),(0.28,0.26,0.323),(0.181,0.219,0.323),(0.14,0.12,0.323),(0.181,0.021,0.323),(0.28,-0.02,0.323),(0.379,0.021,0.323),(0.3,0.12,0.35),(0.294,0.134,0.35),(0.28,0.14,0.35),(0.266,0.134,0.35),(0.26,0.12,0.35),(0.266,0.106,0.35),(0.28,0.1,0.35),(0.294,0.106,0.35),(0.27999999999999997,0.12,-0.05),(0.27999999999999997,0.12,0.35000000000000003)));
#730=IFCTRIANGULATEDFACESET(#729,$,$,((1,2,10),(1,10,9),(2,3,11),(2,11,10),(3,4,12),(3,12,11),(4,5,13),(4,13,12),(5,6,14),(5,14,13),(6,7,15),(6,15,14),(7,8,16),(7,16,15),(8,1,9),(8,9,16),(9,10,18),(9,18,17),(10,11,19),(10,19,18),(11,12,20),(11,20,19),(12,13,21),(12,21,20),(13,14,22),(13,22,21),(14,15,23),(14,23,22),(15,16,24),(15,24,23),(16,9,17),(16,17,24),(17,18,26),(17,26,25),(18,19,27),(18,27,26),(19,20,28),(19,28,27),(20,21,29),(20,29,28),(21,22,30),(21,30,29),(22,23,31),(22,31,30),(23,24,32),(23,32,31),(24,17,25),(24,25,32),(25,26,34),(25,34,33),(26,27,35),(26,35,34),(27,28,36),(27,36,35),(28,29,37),(28,37,36),(29,30,38),(29,38,37),(30,31,39),(30,39,38),(31,32,40),(31,40,39),(32,25,33),(32,33,40),(33,34,42),(33,42,41),(34,35,43),(34,43,42),(35,36,44),(35,44,43),(36,37,45),(36,45,44),(37,38,46),(37,46,45),(38,39,47),(38,47,46),(39,40,48),(39,48,47),(40,33,41),(40,41,48),(41,42,50),(41,50,49),(42,43,51),(42,51,50),(43,44,52),(43,52,51),(44,45,53),(44,53,52),(45,46,54),(45,54,53),(46,47,55),(46,55,54),(47,48,56),(47,56,55),(48,41,49),(48,49,56),(57,2,1),(58,49,50),(57,3,2),(58,50,51),(57,4,3),(58,51,52),(57,5,4),(58,52,53),(57,6,5),(58,53,54),(57,7,6),(58,54,55),(57,8,7),(58,55,56),(57,1,8),(58,56,49),(59,60,68),(59,68,67),(60,61,69),(60,69,68),(61,62,70),(61,70,69),(62,63,71),(62,71,70),(63,64,72),(63,72,71),(64,65,73),(64,73,72),(65,66,74),(65,74,73),(66,59,67),(66,67,74),(67,68,76),(67,76,75),(68,69,77),(68,77,76),(69,70,78),(69,78,77),(70,71,79),(70,79,78),(71,72,80),(71,80,79),(72,73,81),(72,81,80),(73,74,82),(73,82,81),(74,67,75),(74,75,82),(75,76,84),(75,84,83),(76,77,85),(76,85,84),(77,78,86),(77,86,85),(78,79,87),(78,87,86),(79,80,88),(79,88,87),(80,81,89),(80,89,88),(81,82,90),(81,90,89),(82,75,83),(82,83,90),(83,84,92),(83,92,91),(84,85,93),(84,93,92),(85,86,94),(85,94,93),(86,87,95),(86,95,94),(87,88,96),(87,96,95),(88,89,97),(88,97,96),(89,90,98),(89,98,97),(90,83,91),(90,91,98),(91,92,100),(91,100,99),(92,93,101),(92,101,100),(93,94,102),(93,102,101),(94,95,103),(94,103,102),(95,96,104),(95,104,103),(96,97,105),(96,105,104),(97,98,106),(97,106,105),(98,91,99),(98,99,106),(99,100,108),(99,108,107),(100,101,109),(100,109,108),(101,102,110),(101,110,109),(102,103,111),(102,111,110),(103,104,112),(103,112,111),(104,105,113),(104,113,112),(105,106,114),(105,114,113),(106,99,107),(106,107,114),(115,60,59),(116,107,108),(115,61,60),(116,108,109),(115,62,61),(116,109,110),(115,63,62),(116,110,111),(115,64,63),(116,111,112),(115,65,64),(116,112,113),(115,66,65),(116,113,114),(115,59,66),(116,114,107)),$);
#731=IFCSHAPEREPRESENTATION(#11,'Body','Tessellation',(#730));
#732=IFCPRODUCTDEFINITIONSHAPE($,$,(#731));
#733=IFCCOLOURRGB($,0.95,0.95,0.9);
#734=IFCSURFACESTYLERENDERING(#733,0.,$,$,$,$,$,$,.NOTDEFINED.);
#735=IFCSURFACESTYLE('rgba 0.95 0.95 0.9 1',.BOTH.,(#734));
#736=IFCSTYLEDITEM(#730,(#735),$);
#737=IFCGEOGRAPHICELEMENT('2RuxxqljUw1c7pk3AEp2LP',$,'Shrub 7',$,'VEGETATION',#740,#744,$,.USERDEFINED.);
#738=IFCCARTESIANPOINT((9.8,-7.6,-0.17481505354397817));
#739=IFCAXIS2PLACEMENT3D(#738,$,$);
#740=IFCLOCALPLACEMENT(#16,#739);
#741=IFCCARTESIANPOINTLIST3D(((0.02,0.,-0.05),(0.014,0.014,-0.05),(0.,0.02,-0.05),(-0.014,0.014,-0.05),(-0.02,0.,-0.05),(-0.014,-0.014,-0.05),(0.,-0.02,-0.05),(0.014,-0.014,-0.05),(0.25,0.,0.),(0.177,0.177,0.),(0.,0.25,0.),(-0.177,0.177,0.),(-0.25,0.,0.),(-0.177,-0.177,0.),(0.,-0.25,0.),(0.177,-0.177,0.),(0.433,0.,0.137),(0.306,0.306,0.137),(0.,0.433,0.137),(-0.306,0.306,0.137),(-0.433,0.,0.137),(-0.306,-0.306,0.137),(0.,-0.433,0.137),(0.306,-0.306,0.137),(0.5,0.,0.325),(0.354,0.354,0.325),(0.,0.5,0.325),(-0.354,0.354,0.325),(-0.5,0.,0.325),(-0.354,-0.354,0.325),(0.,-0.5,0.325),(0.354,-0.354,0.325),(0.433,0.,0.512),(0.306,0.306,0.512),(0.,0.433,0.512),(-0.306,0.306,0.512),(-0.433,0.,0.512),(-0.306,-0.306,0.512),(0.,-0.433,0.512),(0.306,-0.306,0.512),(0.25,0.,0.65),(0.177,0.177,0.65),(0.,0.25,0.65),(-0.177,0.177,0.65),(-0.25,0.,0.65),(-0.177,-0.177,0.65),(0.,-0.25,0.65),(0.177,-0.177,0.65),(0.02,0.,0.7),(0.014,0.014,0.7),(0.,0.02,0.7),(-0.014,0.014,0.7),(-0.02,0.,0.7),(-0.014,-0.014,0.7),(0.,-0.02,0.7),(0.014,-0.014,0.7),(0.,0.,-0.05),(0.,0.,0.7),(0.37,0.15,-0.05),(0.364,0.164,-0.05),(0.35,0.17,-0.05),(0.336,0.164,-0.05),(0.33,0.15,-0.05),(0.336,0.136,-0.05),(0.35,0.13,-0.05),(0.364,0.136,-0.05),(0.525,0.15,-0.017),(0.474,0.274,-0.017),(0.35,0.325,-0.017),(0.226,0.274,-0.017),(0.175,0.15,-0.017),(0.226,0.026,-0.017),(0.35,-0.025,-0.017),(0.474,0.026,-0.017),(0.653,0.15,0.075),(0.564,0.364,0.075),(0.35,0.453,0.075),(0.136,0.364,0.075),(0.047,0.15,0.075),(0.136,-0.064,0.075),(0.35,-0.153,0.075),(0.564,-0.064,0.075),(0.7,0.15,0.2),(0.597,0.397,0.2),(0.35,0.5,0.2),(0.103,0.397,0.2),(0.,0.15,0.2),(0.103,-0.097,0.2),(0.35,-0.2,0.2),(0.597,-0.097,0.2),(0.653,0.15,0.325),(0.564,0.364,0.325),(0.35,0.453,0.325),(0.136,0.364,0.325),(0.047,0.15,0.325),(0.136,-0.064,0.325),(0.35,-0.153,0.325),(0.564,-0.064,0.325),(0.525,0.15,0.417),(0.474,0.274,0.417),(0.35,0.325,0.417),(0.226,0.274,0.417),(0.175,0.15,0.417),(0.226,0.026,0.417),(0.35,-0.025,0.417),(0.474,0.026,0.417),(0.37,0.15,0.45),(0.364,0.164,0.45),(0.35,0.17,0.45),(0.336,0.164,0.45),(0.33,0.15,0.45),(0.336,0.136,0.45),(0.35,0.13,0.45),(0.364,0.136,0.45),(0.35,0.15,-0.05),(0.35,0.15,0.45)));
#742=IFCTRIANGULATEDFACESET(#741,$,$,((1,2,10),(1,10,9),(2,3,11),(2,11,10),(3,4,12),(3,12,11),(4,5,13),(4,13,12),(5,6,14),(5,14,13),(6,7,15),(6,15,14),(7,8,16),(7,16,15),(8,1,9),(8,9,16),(9,10,18),(9,18,17),(10,11,19),(10,19,18),(11,12,20),(11,20,19),(12,13,21),(12,21,20),(13,14,22),(13,22,21),(14,15,23),(14,23,22),(15,16,24),(15,24,23),(16,9,17),(16,17,24),(17,18,26),(17,26,25),(18,19,27),(18,27,26),(19,20,28),(19,28,27),(20,21,29),(20,29,28),(21,22,30),(21,30,29),(22,23,31),(22,31,30),(23,24,32),(23,32,31),(24,17,25),(24,25,32),(25,26,34),(25,34,33),(26,27,35),(26,35,34),(27,28,36),(27,36,35),(28,29,37),(28,37,36),(29,30,38),(29,38,37),(30,31,39),(30,39,38),(31,32,40),(31,40,39),(32,25,33),(32,33,40),(33,34,42),(33,42,41),(34,35,43),(34,43,42),(35,36,44),(35,44,43),(36,37,45),(36,45,44),(37,38,46),(37,46,45),(38,39,47),(38,47,46),(39,40,48),(39,48,47),(40,33,41),(40,41,48),(41,42,50),(41,50,49),(42,43,51),(42,51,50),(43,44,52),(43,52,51),(44,45,53),(44,53,52),(45,46,54),(45,54,53),(46,47,55),(46,55,54),(47,48,56),(47,56,55),(48,41,49),(48,49,56),(57,2,1),(58,49,50),(57,3,2),(58,50,51),(57,4,3),(58,51,52),(57,5,4),(58,52,53),(57,6,5),(58,53,54),(57,7,6),(58,54,55),(57,8,7),(58,55,56),(57,1,8),(58,56,49),(59,60,68),(59,68,67),(60,61,69),(60,69,68),(61,62,70),(61,70,69),(62,63,71),(62,71,70),(63,64,72),(63,72,71),(64,65,73),(64,73,72),(65,66,74),(65,74,73),(66,59,67),(66,67,74),(67,68,76),(67,76,75),(68,69,77),(68,77,76),(69,70,78),(69,78,77),(70,71,79),(70,79,78),(71,72,80),(71,80,79),(72,73,81),(72,81,80),(73,74,82),(73,82,81),(74,67,75),(74,75,82),(75,76,84),(75,84,83),(76,77,85),(76,85,84),(77,78,86),(77,86,85),(78,79,87),(78,87,86),(79,80,88),(79,88,87),(80,81,89),(80,89,88),(81,82,90),(81,90,89),(82,75,83),(82,83,90),(83,84,92),(83,92,91),(84,85,93),(84,93,92),(85,86,94),(85,94,93),(86,87,95),(86,95,94),(87,88,96),(87,96,95),(88,89,97),(88,97,96),(89,90,98),(89,98,97),(90,83,91),(90,91,98),(91,92,100),(91,100,99),(92,93,101),(92,101,100),(93,94,102),(93,102,101),(94,95,103),(94,103,102),(95,96,104),(95,104,103),(96,97,105),(96,105,104),(97,98,106),(97,106,105),(98,91,99),(98,99,106),(99,100,108),(99,108,107),(100,101,109),(100,109,108),(101,102,110),(101,110,109),(102,103,111),(102,111,110),(103,104,112),(103,112,111),(104,105,113),(104,113,112),(105,106,114),(105,114,113),(106,99,107),(106,107,114),(115,60,59),(116,107,108),(115,61,60),(116,108,109),(115,62,61),(116,109,110),(115,63,62),(116,110,111),(115,64,63),(116,111,112),(115,65,64),(116,112,113),(115,66,65),(116,113,114),(115,59,66),(116,114,107)),$);
#743=IFCSHAPEREPRESENTATION(#11,'Body','Tessellation',(#742));
#744=IFCPRODUCTDEFINITIONSHAPE($,$,(#743));
#745=IFCSTYLEDITEM(#742,(#475),$);
#746=IFCGEOGRAPHICELEMENT('3uni6ZC_kYZjFJz6hJoKjF',$,'Shrub 8',$,'VEGETATION',#749,#753,$,.USERDEFINED.);
#747=IFCCARTESIANPOINT((11.,-7.5,-0.1349093806699387));
#748=IFCAXIS2PLACEMENT3D(#747,$,$);
#749=IFCLOCALPLACEMENT(#16,#748);
#750=IFCCARTESIANPOINTLIST3D(((0.02,0.,-0.05),(0.014,0.014,-0.05),(0.,0.02,-0.05),(-0.014,0.014,-0.05),(-0.02,0.,-0.05),(-0.014,-0.014,-0.05),(0.,-0.02,-0.05),(0.014,-0.014,-0.05),(0.225,0.,-0.005),(0.159,0.159,-0.005),(0.,0.225,-0.005),(-0.159,0.159,-0.005),(-0.225,0.,-0.005),(-0.159,-0.159,-0.005),(0.,-0.225,-0.005),(0.159,-0.159,-0.005),(0.39,0.,0.119),(0.276,0.276,0.119),(0.,0.39,0.119),(-0.276,0.276,0.119),(-0.39,0.,0.119),(-0.276,-0.276,0.119),(0.,-0.39,0.119),(0.276,-0.276,0.119),(0.45,0.,0.288),(0.318,0.318,0.288),(0.,0.45,0.288),(-0.318,0.318,0.288),(-0.45,0.,0.288),(-0.318,-0.318,0.288),(0.,-0.45,0.288),(0.318,-0.318,0.288),(0.39,0.,0.456),(0.276,0.276,0.456),(0.,0.39,0.456),(-0.276,0.276,0.456),(-0.39,0.,0.456),(-0.276,-0.276,0.456),(0.,-0.39,0.456),(0.276,-0.276,0.456),(0.225,0.,0.58),(0.159,0.159,0.58),(0.,0.225,0.58),(-0.159,0.159,0.58),(-0.225,0.,0.58),(-0.159,-0.159,0.58),(0.,-0.225,0.58),(0.159,-0.159,0.58),(0.02,0.,0.625),(0.014,0.014,0.625),(0.,0.02,0.625),(-0.014,0.014,0.625),(-0.02,0.,0.625),(-0.014,-0.014,0.625),(0.,-0.02,0.625),(0.014,-0.014,0.625),(0.,0.,-0.05),(0.,0.,0.625),(0.335,0.135,-0.05),(0.329,0.149,-0.05),(0.315,0.155,-0.05),(0.301,0.149,-0.05),(0.295,0.135,-0.05),(0.301,0.121,-0.05),(0.315,0.115,-0.05),(0.329,0.121,-0.05),(0.473,0.135,-0.02),(0.426,0.246,-0.02),(0.315,0.293,-0.02),(0.204,0.246,-0.02),(0.158,0.135,-0.02),(0.204,0.024,-0.02),(0.315,-0.022,-0.02),(0.426,0.024,-0.02),(0.588,0.135,0.062),(0.508,0.328,0.062),(0.315,0.408,0.062),(0.122,0.328,0.062),(0.042,0.135,0.062),(0.122,-0.058,0.062),(0.315,-0.138,0.062),(0.508,-0.058,0.062),(0.63,0.135,0.175),(0.538,0.358,0.175),(0.315,0.45,0.175),(0.092,0.358,0.175),(0.,0.135,0.175),(0.092,-0.088,0.175),(0.315,-0.18,0.175),(0.538,-0.088,0.175),(0.588,0.135,0.288),(0.508,0.328,0.288),(0.315,0.408,0.288),(0.122,0.328,0.288),(0.042,0.135,0.288),(0.122,-0.058,0.288),(0.315,-0.138,0.288),(0.508,-0.058,0.288),(0.473,0.135,0.37),(0.426,0.246,0.37),(0.315,0.293,0.37),(0.204,0.246,0.37),(0.158,0.135,0.37),(0.204,0.024,0.37),(0.315,-0.022,0.37),(0.426,0.024,0.37),(0.335,0.135,0.4),(0.329,0.149,0.4),(0.315,0.155,0.4),(0.301,0.149,0.4),(0.295,0.135,0.4),(0.301,0.121,0.4),(0.315,0.115,0.4),(0.329,0.121,0.4),(0.315,0.135,-0.05),(0.315,0.135,0.4)));
#751=IFCTRIANGULATEDFACESET(#750,$,$,((1,2,10),(1,10,9),(2,3,11),(2,11,10),(3,4,12),(3,12,11),(4,5,13),(4,13,12),(5,6,14),(5,14,13),(6,7,15),(6,15,14),(7,8,16),(7,16,15),(8,1,9),(8,9,16),(9,10,18),(9,18,17),(10,11,19),(10,19,18),(11,12,20),(11,20,19),(12,13,21),(12,21,20),(13,14,22),(13,22,21),(14,15,23),(14,23,22),(15,16,24),(15,24,23),(16,9,17),(16,17,24),(17,18,26),(17,26,25),(18,19,27),(18,27,26),(19,20,28),(19,28,27),(20,21,29),(20,29,28),(21,22,30),(21,30,29),(22,23,31),(22,31,30),(23,24,32),(23,32,31),(24,17,25),(24,25,32),(25,26,34),(25,34,33),(26,27,35),(26,35,34),(27,28,36),(27,36,35),(28,29,37),(28,37,36),(29,30,38),(29,38,37),(30,31,39),(30,39,38),(31,32,40),(31,40,39),(32,25,33),(32,33,40),(33,34,42),(33,42,41),(34,35,43),(34,43,42),(35,36,44),(35,44,43),(36,37,45),(36,45,44),(37,38,46),(37,46,45),(38,39,47),(38,47,46),(39,40,48),(39,48,47),(40,33,41),(40,41,48),(41,42,50),(41,50,49),(42,43,51),(42,51,50),(43,44,52),(43,52,51),(44,45,53),(44,53,52),(45,46,54),(45,54,53),(46,47,55),(46,55,54),(47,48,56),(47,56,55),(48,41,49),(48,49,56),(57,2,1),(58,49,50),(57,3,2),(58,50,51),(57,4,3),(58,51,52),(57,5,4),(58,52,53),(57,6,5),(58,53,54),(57,7,6),(58,54,55),(57,8,7),(58,55,56),(57,1,8),(58,56,49),(59,60,68),(59,68,67),(60,61,69),(60,69,68),(61,62,70),(61,70,69),(62,63,71),(62,71,70),(63,64,72),(63,72,71),(64,65,73),(64,73,72),(65,66,74),(65,74,73),(66,59,67),(66,67,74),(67,68,76),(67,76,75),(68,69,77),(68,77,76),(69,70,78),(69,78,77),(70,71,79),(70,79,78),(71,72,80),(71,80,79),(72,73,81),(72,81,80),(73,74,82),(73,82,81),(74,67,75),(74,75,82),(75,76,84),(75,84,83),(76,77,85),(76,85,84),(77,78,86),(77,86,85),(78,79,87),(78,87,86),(79,80,88),(79,88,87),(80,81,89),(80,89,88),(81,82,90),(81,90,89),(82,75,83),(82,83,90),(83,84,92),(83,92,91),(84,85,93),(84,93,92),(85,86,94),(85,94,93),(86,87,95),(86,95,94),(87,88,96),(87,96,95),(88,89,97),(88,97,96),(89,90,98),(89,98,97),(90,83,91),(90,91,98),(91,92,100),(91,100,99),(92,93,101),(92,101,100),(93,94,102),(93,102,101),(94,95,103),(94,103,102),(95,96,104),(95,104,103),(96,97,105),(96,105,104),(97,98,106),(97,106,105),(98,91,99),(98,99,106),(99,100,108),(99,108,107),(100,101,109),(100,109,108),(101,102,110),(101,110,109),(102,103,111),(102,111,110),(103,104,112),(103,112,111),(104,105,113),(104,113,112),(105,106,114),(105,114,113),(106,99,107),(106,107,114),(115,60,59),(116,107,108),(115,61,60),(116,108,109),(115,62,61),(116,109,110),(115,63,62),(116,110,111),(115,64,63),(116,111,112),(115,65,64),(116,112,113),(115,66,65),(116,113,114),(115,59,66),(116,114,107)),$);
#752=IFCSHAPEREPRESENTATION(#11,'Body','Tessellation',(#751));
#753=IFCPRODUCTDEFINITIONSHAPE($,$,(#752));
#754=IFCSTYLEDITEM(#751,(#735),$);
#755=IFCGEOGRAPHICELEMENT('2wmo1ierVMRHPj3hS2JFYS',$,'Shrub 9',$,'VEGETATION',#758,#762,$,.USERDEFINED.);
#756=IFCCARTESIANPOINT((12.3,-7.6,-0.1647412558605773));
#757=IFCAXIS2PLACEMENT3D(#756,$,$);
#758=IFCLOCALPLACEMENT(#16,#757);
#759=IFCCARTESIANPOINTLIST3D(((0.02,0.,-0.05),(0.014,0.014,-0.05),(0.,0.02,-0.05),(-0.014,0.014,-0.05),(-0.02,0.,-0.05),(-0.014,-0.014,-0.05),(0.,-0.02,-0.05),(0.014,-0.014,-0.05),(0.275,0.,0.005),(0.194,0.194,0.005),(0.,0.275,0.005),(-0.194,0.194,0.005),(-0.275,0.,0.005),(-0.194,-0.194,0.005),(0.,-0.275,0.005),(0.194,-0.194,0.005),(0.476,0.,0.156),(0.337,0.337,0.156),(0.,0.476,0.156),(-0.337,0.337,0.156),(-0.476,0.,0.156),(-0.337,-0.337,0.156),(0.,-0.476,0.156),(0.337,-0.337,0.156),(0.55,0.,0.363),(0.389,0.389,0.363),(0.,0.55,0.363),(-0.389,0.389,0.363),(-0.55,0.,0.363),(-0.389,-0.389,0.363),(0.,-0.55,0.363),(0.389,-0.389,0.363),(0.476,0.,0.569),(0.337,0.337,0.569),(0.,0.476,0.569),(-0.337,0.337,0.569),(-0.476,0.,0.569),(-0.337,-0.337,0.569),(0.,-0.476,0.569),(0.337,-0.337,0.569),(0.275,0.,0.72),(0.194,0.194,0.72),(0.,0.275,0.72),(-0.194,0.194,0.72),(-0.275,0.,0.72),(-0.194,-0.194,0.72),(0.,-0.275,0.72),(0.194,-0.194,0.72),(0.02,0.,0.775),(0.014,0.014,0.775),(0.,0.02,0.775),(-0.014,0.014,0.775),(-0.02,0.,0.775),(-0.014,-0.014,0.775),(0.,-0.02,0.775),(0.014,-0.014,0.775),(0.,0.,-0.05),(0.,0.,0.775),(0.405,0.165,-0.05),(0.399,0.179,-0.05),(0.385,0.185,-0.05),(0.371,0.179,-0.05),(0.365,0.165,-0.05),(0.371,0.151,-0.05),(0.385,0.145,-0.05),(0.399,0.151,-0.05),(0.578,0.165,-0.013),(0.521,0.301,-0.013),(0.385,0.358,-0.013),(0.249,0.301,-0.013),(0.193,0.165,-0.013),(0.249,0.029,-0.013),(0.385,-0.027,-0.013),(0.521,0.029,-0.013),(0.718,0.165,0.087),(0.621,0.401,0.087),(0.385,0.498,0.087),(0.149,0.401,0.087),(0.052,0.165,0.087),(0.149,-0.071,0.087),(0.385,-0.168,0.087),(0.621,-0.071,0.087),(0.77,0.165,0.225),(0.657,0.437,0.225),(0.385,0.55,0.225),(0.113,0.437,0.225),(0.,0.165,0.225),(0.113,-0.107,0.225),(0.385,-0.22,0.225),(0.657,-0.107,0.225),(0.718,0.165,0.363),(0.621,0.401,0.363),(0.385,0.498,0.363),(0.149,0.401,0.363),(0.052,0.165,0.363),(0.149,-0.071,0.363),(0.385,-0.168,0.363),(0.621,-0.071,0.363),(0.578,0.165,0.463),(0.521,0.301,0.463),(0.385,0.358,0.463),(0.249,0.301,0.463),(0.193,0.165,0.463),(0.249,0.029,0.463),(0.385,-0.027,0.463),(0.521,0.029,0.463),(0.405,0.165,0.5),(0.399,0.179,0.5),(0.385,0.185,0.5),(0.371,0.179,0.5),(0.365,0.165,0.5),(0.371,0.151,0.5),(0.385,0.145,0.5),(0.399,0.151,0.5),(0.385,0.165,-0.05),(0.385,0.165,0.5)));
#760=IFCTRIANGULATEDFACESET(#759,$,$,((1,2,10),(1,10,9),(2,3,11),(2,11,10),(3,4,12),(3,12,11),(4,5,13),(4,13,12),(5,6,14),(5,14,13),(6,7,15),(6,15,14),(7,8,16),(7,16,15),(8,1,9),(8,9,16),(9,10,18),(9,18,17),(10,11,19),(10,19,18),(11,12,20),(11,20,19),(12,13,21),(12,21,20),(13,14,22),(13,22,21),(14,15,23),(14,23,22),(15,16,24),(15,24,23),(16,9,17),(16,17,24),(17,18,26),(17,26,25),(18,19,27),(18,27,26),(19,20,28),(19,28,27),(20,21,29),(20,29,28),(21,22,30),(21,30,29),(22,23,31),(22,31,30),(23,24,32),(23,32,31),(24,17,25),(24,25,32),(25,26,34),(25,34,33),(26,27,35),(26,35,34),(27,28,36),(27,36,35),(28,29,37),(28,37,36),(29,30,38),(29,38,37),(30,31,39),(30,39,38),(31,32,40),(31,40,39),(32,25,33),(32,33,40),(33,34,42),(33,42,41),(34,35,43),(34,43,42),(35,36,44),(35,44,43),(36,37,45),(36,45,44),(37,38,46),(37,46,45),(38,39,47),(38,47,46),(39,40,48),(39,48,47),(40,33,41),(40,41,48),(41,42,50),(41,50,49),(42,43,51),(42,51,50),(43,44,52),(43,52,51),(44,45,53),(44,53,52),(45,46,54),(45,54,53),(46,47,55),(46,55,54),(47,48,56),(47,56,55),(48,41,49),(48,49,56),(57,2,1),(58,49,50),(57,3,2),(58,50,51),(57,4,3),(58,51,52),(57,5,4),(58,52,53),(57,6,5),(58,53,54),(57,7,6),(58,54,55),(57,8,7),(58,55,56),(57,1,8),(58,56,49),(59,60,68),(59,68,67),(60,61,69),(60,69,68),(61,62,70),(61,70,69),(62,63,71),(62,71,70),(63,64,72),(63,72,71),(64,65,73),(64,73,72),(65,66,74),(65,74,73),(66,59,67),(66,67,74),(67,68,76),(67,76,75),(68,69,77),(68,77,76),(69,70,78),(69,78,77),(70,71,79),(70,79,78),(71,72,80),(71,80,79),(72,73,81),(72,81,80),(73,74,82),(73,82,81),(74,67,75),(74,75,82),(75,76,84),(75,84,83),(76,77,85),(76,85,84),(77,78,86),(77,86,85),(78,79,87),(78,87,86),(79,80,88),(79,88,87),(80,81,89),(80,89,88),(81,82,90),(81,90,89),(82,75,83),(82,83,90),(83,84,92),(83,92,91),(84,85,93),(84,93,92),(85,86,94),(85,94,93),(86,87,95),(86,95,94),(87,88,96),(87,96,95),(88,89,97),(88,97,96),(89,90,98),(89,98,97),(90,83,91),(90,91,98),(91,92,100),(91,100,99),(92,93,101),(92,101,100),(93,94,102),(93,102,101),(94,95,103),(94,103,102),(95,96,104),(95,104,103),(96,97,105),(96,105,104),(97,98,106),(97,106,105),(98,91,99),(98,99,106),(99,100,108),(99,108,107),(100,101,109),(100,109,108),(101,102,110),(101,110,109),(102,103,111),(102,111,110),(103,104,112),(103,112,111),(104,105,113),(104,113,112),(105,106,114),(105,114,113),(106,99,107),(106,107,114),(115,60,59),(116,107,108),(115,61,60),(116,108,109),(115,62,61),(116,109,110),(115,63,62),(116,110,111),(115,64,63),(116,111,112),(115,65,64),(116,112,113),(115,66,65),(116,113,114),(115,59,66),(116,114,107)),$);
#761=IFCSHAPEREPRESENTATION(#11,'Body','Tessellation',(#760));
#762=IFCPRODUCTDEFINITIONSHAPE($,$,(#761));
#763=IFCSTYLEDITEM(#760,(#696),$);
#764=IFCGEOGRAPHICELEMENT('3Pyut8eP1VNP5KmMsWDl4r',$,'Shrub 10',$,'VEGETATION',#767,#771,$,.USERDEFINED.);
#765=IFCCARTESIANPOINT((13.4,-7.5,-0.12723683500963387));
#766=IFCAXIS2PLACEMENT3D(#765,$,$);
#767=IFCLOCALPLACEMENT(#16,#766);
#768=IFCCARTESIANPOINTLIST3D(((0.02,0.,-0.05),(0.014,0.014,-0.05),(0.,0.02,-0.05),(-0.014,0.014,-0.05),(-0.02,0.,-0.05),(-0.014,-0.014,-0.05),(0.,-0.02,-0.05),(0.014,-0.014,-0.05),(0.2,0.,-0.01),(0.141,0.141,-0.01),(0.,0.2,-0.01),(-0.141,0.141,-0.01),(-0.2,0.,-0.01),(-0.141,-0.141,-0.01),(0.,-0.2,-0.01),(0.141,-0.141,-0.01),(0.346,0.,0.1),(0.245,0.245,0.1),(0.,0.346,0.1),(-0.245,0.245,0.1),(-0.346,0.,0.1),(-0.245,-0.245,0.1),(0.,-0.346,0.1),(0.245,-0.245,0.1),(0.4,0.,0.25),(0.283,0.283,0.25),(0.,0.4,0.25),(-0.283,0.283,0.25),(-0.4,0.,0.25),(-0.283,-0.283,0.25),(0.,-0.4,0.25),(0.283,-0.283,0.25),(0.346,0.,0.4),(0.245,0.245,0.4),(0.,0.346,0.4),(-0.245,0.245,0.4),(-0.346,0.,0.4),(-0.245,-0.245,0.4),(0.,-0.346,0.4),(0.245,-0.245,0.4),(0.2,0.,0.51),(0.141,0.141,0.51),(0.,0.2,0.51),(-0.141,0.141,0.51),(-0.2,0.,0.51),(-0.141,-0.141,0.51),(0.,-0.2,0.51),(0.141,-0.141,0.51),(0.02,0.,0.55),(0.014,0.014,0.55),(0.,0.02,0.55),(-0.014,0.014,0.55),(-0.02,0.,0.55),(-0.014,-0.014,0.55),(0.,-0.02,0.55),(0.014,-0.014,0.55),(0.,0.,-0.05),(0.,0.,0.55),(0.3,0.12,-0.05),(0.294,0.134,-0.05),(0.28,0.14,-0.05),(0.266,0.134,-0.05),(0.26,0.12,-0.05),(0.266,0.106,-0.05),(0.28,0.1,-0.05),(0.294,0.106,-0.05),(0.42,0.12,-0.023),(0.379,0.219,-0.023),(0.28,0.26,-0.023),(0.181,0.219,-0.023),(0.14,0.12,-0.023),(0.181,0.021,-0.023),(0.28,-0.02,-0.023),(0.379,0.021,-0.023),(0.522,0.12,0.05),(0.451,0.291,0.05),(0.28,0.362,0.05),(0.109,0.291,0.05),(0.038,0.12,0.05),(0.109,-0.051,0.05),(0.28,-0.122,0.05),(0.451,-0.051,0.05),(0.56,0.12,0.15),(0.478,0.318,0.15),(0.28,0.4,0.15),(0.082,0.318,0.15),(0.,0.12,0.15),(0.082,-0.078,0.15),(0.28,-0.16,0.15),(0.478,-0.078,0.15),(0.522,0.12,0.25),(0.451,0.291,0.25),(0.28,0.362,0.25),(0.109,0.291,0.25),(0.038,0.12,0.25),(0.109,-0.051,0.25),(0.28,-0.122,0.25),(0.451,-0.051,0.25),(0.42,0.12,0.323),(0.379,0.219,0.323),(0.28,0.26,0.323),(0.181,0.219,0.323),(0.14,0.12,0.323),(0.181,0.021,0.323),(0.28,-0.02,0.323),(0.379,0.021,0.323),(0.3,0.12,0.35),(0.294,0.134,0.35),(0.28,0.14,0.35),(0.266,0.134,0.35),(0.26,0.12,0.35),(0.266,0.106,0.35),(0.28,0.1,0.35),(0.294,0.106,0.35),(0.27999999999999997,0.12,-0.05),(0.27999999999999997,0.12,0.35000000000000003)));
#769=IFCTRIANGULATEDFACESET(#768,$,$,((1,2,10),(1,10,9),(2,3,11),(2,11,10),(3,4,12),(3,12,11),(4,5,13),(4,13,12),(5,6,14),(5,14,13),(6,7,15),(6,15,14),(7,8,16),(7,16,15),(8,1,9),(8,9,16),(9,10,18),(9,18,17),(10,11,19),(10,19,18),(11,12,20),(11,20,19),(12,13,21),(12,21,20),(13,14,22),(13,22,21),(14,15,23),(14,23,22),(15,16,24),(15,24,23),(16,9,17),(16,17,24),(17,18,26),(17,26,25),(18,19,27),(18,27,26),(19,20,28),(19,28,27),(20,21,29),(20,29,28),(21,22,30),(21,30,29),(22,23,31),(22,31,30),(23,24,32),(23,32,31),(24,17,25),(24,25,32),(25,26,34),(25,34,33),(26,27,35),(26,35,34),(27,28,36),(27,36,35),(28,29,37),(28,37,36),(29,30,38),(29,38,37),(30,31,39),(30,39,38),(31,32,40),(31,40,39),(32,25,33),(32,33,40),(33,34,42),(33,42,41),(34,35,43),(34,43,42),(35,36,44),(35,44,43),(36,37,45),(36,45,44),(37,38,46),(37,46,45),(38,39,47),(38,47,46),(39,40,48),(39,48,47),(40,33,41),(40,41,48),(41,42,50),(41,50,49),(42,43,51),(42,51,50),(43,44,52),(43,52,51),(44,45,53),(44,53,52),(45,46,54),(45,54,53),(46,47,55),(46,55,54),(47,48,56),(47,56,55),(48,41,49),(48,49,56),(57,2,1),(58,49,50),(57,3,2),(58,50,51),(57,4,3),(58,51,52),(57,5,4),(58,52,53),(57,6,5),(58,53,54),(57,7,6),(58,54,55),(57,8,7),(58,55,56),(57,1,8),(58,56,49),(59,60,68),(59,68,67),(60,61,69),(60,69,68),(61,62,70),(61,70,69),(62,63,71),(62,71,70),(63,64,72),(63,72,71),(64,65,73),(64,73,72),(65,66,74),(65,74,73),(66,59,67),(66,67,74),(67,68,76),(67,76,75),(68,69,77),(68,77,76),(69,70,78),(69,78,77),(70,71,79),(70,79,78),(71,72,80),(71,80,79),(72,73,81),(72,81,80),(73,74,82),(73,82,81),(74,67,75),(74,75,82),(75,76,84),(75,84,83),(76,77,85),(76,85,84),(77,78,86),(77,86,85),(78,79,87),(78,87,86),(79,80,88),(79,88,87),(80,81,89),(80,89,88),(81,82,90),(81,90,89),(82,75,83),(82,83,90),(83,84,92),(83,92,91),(84,85,93),(84,93,92),(85,86,94),(85,94,93),(86,87,95),(86,95,94),(87,88,96),(87,96,95),(88,89,97),(88,97,96),(89,90,98),(89,98,97),(90,83,91),(90,91,98),(91,92,100),(91,100,99),(92,93,101),(92,101,100),(93,94,102),(93,102,101),(94,95,103),(94,103,102),(95,96,104),(95,104,103),(96,97,105),(96,105,104),(97,98,106),(97,106,105),(98,91,99),(98,99,106),(99,100,108),(99,108,107),(100,101,109),(100,109,108),(101,102,110),(101,110,109),(102,103,111),(102,111,110),(103,104,112),(103,112,111),(104,105,113),(104,113,112),(105,106,114),(105,114,113),(106,99,107),(106,107,114),(115,60,59),(116,107,108),(115,61,60),(116,108,109),(115,62,61),(116,109,110),(115,63,62),(116,110,111),(115,64,63),(116,111,112),(115,65,64),(116,112,113),(115,66,65),(116,113,114),(115,59,66),(116,114,107)),$);
#770=IFCSHAPEREPRESENTATION(#11,'Body','Tessellation',(#769));
#771=IFCPRODUCTDEFINITIONSHAPE($,$,(#770));
#772=IFCSTYLEDITEM(#769,(#475),$);
#773=IFCGEOGRAPHICELEMENT('3AO_esByGx6wts8ASfa1Fz',$,'Shrub 11',$,'VEGETATION',#776,#780,$,.USERDEFINED.);
#774=IFCCARTESIANPOINT((-6.5,-11.,-0.26279672632938395));
#775=IFCAXIS2PLACEMENT3D(#774,$,$);
#776=IFCLOCALPLACEMENT(#16,#775);
#777=IFCCARTESIANPOINTLIST3D(((0.02,0.,-0.05),(0.014,0.014,-0.05),(0.,0.02,-0.05),(-0.014,0.014,-0.05),(-0.02,0.,-0.05),(-0.014,-0.014,-0.05),(0.,-0.02,-0.05),(0.014,-0.014,-0.05),(0.275,0.,0.005),(0.194,0.194,0.005),(0.,0.275,0.005),(-0.194,0.194,0.005),(-0.275,0.,0.005),(-0.194,-0.194,0.005),(0.,-0.275,0.005),(0.194,-0.194,0.005),(0.476,0.,0.156),(0.337,0.337,0.156),(0.,0.476,0.156),(-0.337,0.337,0.156),(-0.476,0.,0.156),(-0.337,-0.337,0.156),(0.,-0.476,0.156),(0.337,-0.337,0.156),(0.55,0.,0.363),(0.389,0.389,0.363),(0.,0.55,0.363),(-0.389,0.389,0.363),(-0.55,0.,0.363),(-0.389,-0.389,0.363),(0.,-0.55,0.363),(0.389,-0.389,0.363),(0.476,0.,0.569),(0.337,0.337,0.569),(0.,0.476,0.569),(-0.337,0.337,0.569),(-0.476,0.,0.569),(-0.337,-0.337,0.569),(0.,-0.476,0.569),(0.337,-0.337,0.569),(0.275,0.,0.72),(0.194,0.194,0.72),(0.,0.275,0.72),(-0.194,0.194,0.72),(-0.275,0.,0.72),(-0.194,-0.194,0.72),(0.,-0.275,0.72),(0.194,-0.194,0.72),(0.02,0.,0.775),(0.014,0.014,0.775),(0.,0.02,0.775),(-0.014,0.014,0.775),(-0.02,0.,0.775),(-0.014,-0.014,0.775),(0.,-0.02,0.775),(0.014,-0.014,0.775),(0.,0.,-0.05),(0.,0.,0.775),(0.405,0.165,-0.05),(0.399,0.179,-0.05),(0.385,0.185,-0.05),(0.371,0.179,-0.05),(0.365,0.165,-0.05),(0.371,0.151,-0.05),(0.385,0.145,-0.05),(0.399,0.151,-0.05),(0.578,0.165,-0.013),(0.521,0.301,-0.013),(0.385,0.358,-0.013),(0.249,0.301,-0.013),(0.193,0.165,-0.013),(0.249,0.029,-0.013),(0.385,-0.027,-0.013),(0.521,0.029,-0.013),(0.718,0.165,0.087),(0.621,0.401,0.087),(0.385,0.498,0.087),(0.149,0.401,0.087),(0.052,0.165,0.087),(0.149,-0.071,0.087),(0.385,-0.168,0.087),(0.621,-0.071,0.087),(0.77,0.165,0.225),(0.657,0.437,0.225),(0.385,0.55,0.225),(0.113,0.437,0.225),(0.,0.165,0.225),(0.113,-0.107,0.225),(0.385,-0.22,0.225),(0.657,-0.107,0.225),(0.718,0.165,0.363),(0.621,0.401,0.363),(0.385,0.498,0.363),(0.149,0.401,0.363),(0.052,0.165,0.363),(0.149,-0.071,0.363),(0.385,-0.168,0.363),(0.621,-0.071,0.363),(0.578,0.165,0.463),(0.521,0.301,0.463),(0.385,0.358,0.463),(0.249,0.301,0.463),(0.193,0.165,0.463),(0.249,0.029,0.463),(0.385,-0.027,0.463),(0.521,0.029,0.463),(0.405,0.165,0.5),(0.399,0.179,0.5),(0.385,0.185,0.5),(0.371,0.179,0.5),(0.365,0.165,0.5),(0.371,0.151,0.5),(0.385,0.145,0.5),(0.399,0.151,0.5),(0.385,0.165,-0.05),(0.385,0.165,0.5)));
#778=IFCTRIANGULATEDFACESET(#777,$,$,((1,2,10),(1,10,9),(2,3,11),(2,11,10),(3,4,12),(3,12,11),(4,5,13),(4,13,12),(5,6,14),(5,14,13),(6,7,15),(6,15,14),(7,8,16),(7,16,15),(8,1,9),(8,9,16),(9,10,18),(9,18,17),(10,11,19),(10,19,18),(11,12,20),(11,20,19),(12,13,21),(12,21,20),(13,14,22),(13,22,21),(14,15,23),(14,23,22),(15,16,24),(15,24,23),(16,9,17),(16,17,24),(17,18,26),(17,26,25),(18,19,27),(18,27,26),(19,20,28),(19,28,27),(20,21,29),(20,29,28),(21,22,30),(21,30,29),(22,23,31),(22,31,30),(23,24,32),(23,32,31),(24,17,25),(24,25,32),(25,26,34),(25,34,33),(26,27,35),(26,35,34),(27,28,36),(27,36,35),(28,29,37),(28,37,36),(29,30,38),(29,38,37),(30,31,39),(30,39,38),(31,32,40),(31,40,39),(32,25,33),(32,33,40),(33,34,42),(33,42,41),(34,35,43),(34,43,42),(35,36,44),(35,44,43),(36,37,45),(36,45,44),(37,38,46),(37,46,45),(38,39,47),(38,47,46),(39,40,48),(39,48,47),(40,33,41),(40,41,48),(41,42,50),(41,50,49),(42,43,51),(42,51,50),(43,44,52),(43,52,51),(44,45,53),(44,53,52),(45,46,54),(45,54,53),(46,47,55),(46,55,54),(47,48,56),(47,56,55),(48,41,49),(48,49,56),(57,2,1),(58,49,50),(57,3,2),(58,50,51),(57,4,3),(58,51,52),(57,5,4),(58,52,53),(57,6,5),(58,53,54),(57,7,6),(58,54,55),(57,8,7),(58,55,56),(57,1,8),(58,56,49),(59,60,68),(59,68,67),(60,61,69),(60,69,68),(61,62,70),(61,70,69),(62,63,71),(62,71,70),(63,64,72),(63,72,71),(64,65,73),(64,73,72),(65,66,74),(65,74,73),(66,59,67),(66,67,74),(67,68,76),(67,76,75),(68,69,77),(68,77,76),(69,70,78),(69,78,77),(70,71,79),(70,79,78),(71,72,80),(71,80,79),(72,73,81),(72,81,80),(73,74,82),(73,82,81),(74,67,75),(74,75,82),(75,76,84),(75,84,83),(76,77,85),(76,85,84),(77,78,86),(77,86,85),(78,79,87),(78,87,86),(79,80,88),(79,88,87),(80,81,89),(80,89,88),(81,82,90),(81,90,89),(82,75,83),(82,83,90),(83,84,92),(83,92,91),(84,85,93),(84,93,92),(85,86,94),(85,94,93),(86,87,95),(86,95,94),(87,88,96),(87,96,95),(88,89,97),(88,97,96),(89,90,98),(89,98,97),(90,83,91),(90,91,98),(91,92,100),(91,100,99),(92,93,101),(92,101,100),(93,94,102),(93,102,101),(94,95,103),(94,103,102),(95,96,104),(95,104,103),(96,97,105),(96,105,104),(97,98,106),(97,106,105),(98,91,99),(98,99,106),(99,100,108),(99,108,107),(100,101,109),(100,109,108),(101,102,110),(101,110,109),(102,103,111),(102,111,110),(103,104,112),(103,112,111),(104,105,113),(104,113,112),(105,106,114),(105,114,113),(106,99,107),(106,107,114),(115,60,59),(116,107,108),(115,61,60),(116,108,109),(115,62,61),(116,109,110),(115,63,62),(116,110,111),(115,64,63),(116,111,112),(115,65,64),(116,112,113),(115,66,65),(116,113,114),(115,59,66),(116,114,107)),$);
#779=IFCSHAPEREPRESENTATION(#11,'Body','Tessellation',(#778));
#780=IFCPRODUCTDEFINITIONSHAPE($,$,(#779));
#781=IFCSTYLEDITEM(#778,(#475),$);
#782=IFCGEOGRAPHICELEMENT('2QDYb7Re6ropqkqSj6jf7d',$,'Shrub 12',$,'VEGETATION',#785,#789,$,.USERDEFINED.);
#783=IFCCARTESIANPOINT((-5.8,-12.3,-0.8712401339132017));
#784=IFCAXIS2PLACEMENT3D(#783,$,$);
#785=IFCLOCALPLACEMENT(#16,#784);
#786=IFCCARTESIANPOINTLIST3D(((0.02,0.,-0.05),(0.014,0.014,-0.05),(0.,0.02,-0.05),(-0.014,0.014,-0.05),(-0.02,0.,-0.05),(-0.014,-0.014,-0.05),(0.,-0.02,-0.05),(0.014,-0.014,-0.05),(0.225,0.,-0.005),(0.159,0.159,-0.005),(0.,0.225,-0.005),(-0.159,0.159,-0.005),(-0.225,0.,-0.005),(-0.159,-0.159,-0.005),(0.,-0.225,-0.005),(0.159,-0.159,-0.005),(0.39,0.,0.119),(0.276,0.276,0.119),(0.,0.39,0.119),(-0.276,0.276,0.119),(-0.39,0.,0.119),(-0.276,-0.276,0.119),(0.,-0.39,0.119),(0.276,-0.276,0.119),(0.45,0.,0.288),(0.318,0.318,0.288),(0.,0.45,0.288),(-0.318,0.318,0.288),(-0.45,0.,0.288),(-0.318,-0.318,0.288),(0.,-0.45,0.288),(0.318,-0.318,0.288),(0.39,0.,0.456),(0.276,0.276,0.456),(0.,0.39,0.456),(-0.276,0.276,0.456),(-0.39,0.,0.456),(-0.276,-0.276,0.456),(0.,-0.39,0.456),(0.276,-0.276,0.456),(0.225,0.,0.58),(0.159,0.159,0.58),(0.,0.225,0.58),(-0.159,0.159,0.58),(-0.225,0.,0.58),(-0.159,-0.159,0.58),(0.,-0.225,0.58),(0.159,-0.159,0.58),(0.02,0.,0.625),(0.014,0.014,0.625),(0.,0.02,0.625),(-0.014,0.014,0.625),(-0.02,0.,0.625),(-0.014,-0.014,0.625),(0.,-0.02,0.625),(0.014,-0.014,0.625),(0.,0.,-0.05),(0.,0.,0.625),(0.335,0.135,-0.05),(0.329,0.149,-0.05),(0.315,0.155,-0.05),(0.301,0.149,-0.05),(0.295,0.135,-0.05),(0.301,0.121,-0.05),(0.315,0.115,-0.05),(0.329,0.121,-0.05),(0.473,0.135,-0.02),(0.426,0.246,-0.02),(0.315,0.293,-0.02),(0.204,0.246,-0.02),(0.158,0.135,-0.02),(0.204,0.024,-0.02),(0.315,-0.022,-0.02),(0.426,0.024,-0.02),(0.588,0.135,0.062),(0.508,0.328,0.062),(0.315,0.408,0.062),(0.122,0.328,0.062),(0.042,0.135,0.062),(0.122,-0.058,0.062),(0.315,-0.138,0.062),(0.508,-0.058,0.062),(0.63,0.135,0.175),(0.538,0.358,0.175),(0.315,0.45,0.175),(0.092,0.358,0.175),(0.,0.135,0.175),(0.092,-0.088,0.175),(0.315,-0.18,0.175),(0.538,-0.088,0.175),(0.588,0.135,0.288),(0.508,0.328,0.288),(0.315,0.408,0.288),(0.122,0.328,0.288),(0.042,0.135,0.288),(0.122,-0.058,0.288),(0.315,-0.138,0.288),(0.508,-0.058,0.288),(0.473,0.135,0.37),(0.426,0.246,0.37),(0.315,0.293,0.37),(0.204,0.246,0.37),(0.158,0.135,0.37),(0.204,0.024,0.37),(0.315,-0.022,0.37),(0.426,0.024,0.37),(0.335,0.135,0.4),(0.329,0.149,0.4),(0.315,0.155,0.4),(0.301,0.149,0.4),(0.295,0.135,0.4),(0.301,0.121,0.4),(0.315,0.115,0.4),(0.329,0.121,0.4),(0.315,0.135,-0.05),(0.315,0.135,0.4)));
#787=IFCTRIANGULATEDFACESET(#786,$,$,((1,2,10),(1,10,9),(2,3,11),(2,11,10),(3,4,12),(3,12,11),(4,5,13),(4,13,12),(5,6,14),(5,14,13),(6,7,15),(6,15,14),(7,8,16),(7,16,15),(8,1,9),(8,9,16),(9,10,18),(9,18,17),(10,11,19),(10,19,18),(11,12,20),(11,20,19),(12,13,21),(12,21,20),(13,14,22),(13,22,21),(14,15,23),(14,23,22),(15,16,24),(15,24,23),(16,9,17),(16,17,24),(17,18,26),(17,26,25),(18,19,27),(18,27,26),(19,20,28),(19,28,27),(20,21,29),(20,29,28),(21,22,30),(21,30,29),(22,23,31),(22,31,30),(23,24,32),(23,32,31),(24,17,25),(24,25,32),(25,26,34),(25,34,33),(26,27,35),(26,35,34),(27,28,36),(27,36,35),(28,29,37),(28,37,36),(29,30,38),(29,38,37),(30,31,39),(30,39,38),(31,32,40),(31,40,39),(32,25,33),(32,33,40),(33,34,42),(33,42,41),(34,35,43),(34,43,42),(35,36,44),(35,44,43),(36,37,45),(36,45,44),(37,38,46),(37,46,45),(38,39,47),(38,47,46),(39,40,48),(39,48,47),(40,33,41),(40,41,48),(41,42,50),(41,50,49),(42,43,51),(42,51,50),(43,44,52),(43,52,51),(44,45,53),(44,53,52),(45,46,54),(45,54,53),(46,47,55),(46,55,54),(47,48,56),(47,56,55),(48,41,49),(48,49,56),(57,2,1),(58,49,50),(57,3,2),(58,50,51),(57,4,3),(58,51,52),(57,5,4),(58,52,53),(57,6,5),(58,53,54),(57,7,6),(58,54,55),(57,8,7),(58,55,56),(57,1,8),(58,56,49),(59,60,68),(59,68,67),(60,61,69),(60,69,68),(61,62,70),(61,70,69),(62,63,71),(62,71,70),(63,64,72),(63,72,71),(64,65,73),(64,73,72),(65,66,74),(65,74,73),(66,59,67),(66,67,74),(67,68,76),(67,76,75),(68,69,77),(68,77,76),(69,70,78),(69,78,77),(70,71,79),(70,79,78),(71,72,80),(71,80,79),(72,73,81),(72,81,80),(73,74,82),(73,82,81),(74,67,75),(74,75,82),(75,76,84),(75,84,83),(76,77,85),(76,85,84),(77,78,86),(77,86,85),(78,79,87),(78,87,86),(79,80,88),(79,88,87),(80,81,89),(80,89,88),(81,82,90),(81,90,89),(82,75,83),(82,83,90),(83,84,92),(83,92,91),(84,85,93),(84,93,92),(85,86,94),(85,94,93),(86,87,95),(86,95,94),(87,88,96),(87,96,95),(88,89,97),(88,97,96),(89,90,98),(89,98,97),(90,83,91),(90,91,98),(91,92,100),(91,100,99),(92,93,101),(92,101,100),(93,94,102),(93,102,101),(94,95,103),(94,103,102),(95,96,104),(95,104,103),(96,97,105),(96,105,104),(97,98,106),(97,106,105),(98,91,99),(98,99,106),(99,100,108),(99,108,107),(100,101,109),(100,109,108),(101,102,110),(101,110,109),(102,103,111),(102,111,110),(103,104,112),(103,112,111),(104,105,113),(104,113,112),(105,106,114),(105,114,113),(106,99,107),(106,107,114),(115,60,59),(116,107,108),(115,61,60),(116,108,109),(115,62,61),(116,109,110),(115,63,62),(116,110,111),(115,64,63),(116,111,112),(115,65,64),(116,112,113),(115,66,65),(116,113,114),(115,59,66),(116,114,107)),$);
#788=IFCSHAPEREPRESENTATION(#11,'Body','Tessellation',(#787));
#789=IFCPRODUCTDEFINITIONSHAPE($,$,(#788));
#790=IFCSTYLEDITEM(#787,(#735),$);
#791=IFCGEOGRAPHICELEMENT('0E2HhU1KMxOt9xYbcNJ_eL',$,'Shrub 13',$,'VEGETATION',#794,#798,$,.USERDEFINED.);
#792=IFCCARTESIANPOINT((-7.4,-12.,-0.21121812944702484));
#793=IFCAXIS2PLACEMENT3D(#792,$,$);
#794=IFCLOCALPLACEMENT(#16,#793);
#795=IFCCARTESIANPOINTLIST3D(((0.02,0.,-0.05),(0.014,0.014,-0.05),(0.,0.02,-0.05),(-0.014,0.014,-0.05),(-0.02,0.,-0.05),(-0.014,-0.014,-0.05),(0.,-0.02,-0.05),(0.014,-0.014,-0.05),(0.25,0.,0.),(0.177,0.177,0.),(0.,0.25,0.),(-0.177,0.177,0.),(-0.25,0.,0.),(-0.177,-0.177,0.),(0.,-0.25,0.),(0.177,-0.177,0.),(0.433,0.,0.137),(0.306,0.306,0.137),(0.,0.433,0.137),(-0.306,0.306,0.137),(-0.433,0.,0.137),(-0.306,-0.306,0.137),(0.,-0.433,0.137),(0.306,-0.306,0.137),(0.5,0.,0.325),(0.354,0.354,0.325),(0.,0.5,0.325),(-0.354,0.354,0.325),(-0.5,0.,0.325),(-0.354,-0.354,0.325),(0.,-0.5,0.325),(0.354,-0.354,0.325),(0.433,0.,0.512),(0.306,0.306,0.512),(0.,0.433,0.512),(-0.306,0.306,0.512),(-0.433,0.,0.512),(-0.306,-0.306,0.512),(0.,-0.433,0.512),(0.306,-0.306,0.512),(0.25,0.,0.65),(0.177,0.177,0.65),(0.,0.25,0.65),(-0.177,0.177,0.65),(-0.25,0.,0.65),(-0.177,-0.177,0.65),(0.,-0.25,0.65),(0.177,-0.177,0.65),(0.02,0.,0.7),(0.014,0.014,0.7),(0.,0.02,0.7),(-0.014,0.014,0.7),(-0.02,0.,0.7),(-0.014,-0.014,0.7),(0.,-0.02,0.7),(0.014,-0.014,0.7),(0.,0.,-0.05),(0.,0.,0.7),(0.37,0.15,-0.05),(0.364,0.164,-0.05),(0.35,0.17,-0.05),(0.336,0.164,-0.05),(0.33,0.15,-0.05),(0.336,0.136,-0.05),(0.35,0.13,-0.05),(0.364,0.136,-0.05),(0.525,0.15,-0.017),(0.474,0.274,-0.017),(0.35,0.325,-0.017),(0.226,0.274,-0.017),(0.175,0.15,-0.017),(0.226,0.026,-0.017),(0.35,-0.025,-0.017),(0.474,0.026,-0.017),(0.653,0.15,0.075),(0.564,0.364,0.075),(0.35,0.453,0.075),(0.136,0.364,0.075),(0.047,0.15,0.075),(0.136,-0.064,0.075),(0.35,-0.153,0.075),(0.564,-0.064,0.075),(0.7,0.15,0.2),(0.597,0.397,0.2),(0.35,0.5,0.2),(0.103,0.397,0.2),(0.,0.15,0.2),(0.103,-0.097,0.2),(0.35,-0.2,0.2),(0.597,-0.097,0.2),(0.653,0.15,0.325),(0.564,0.364,0.325),(0.35,0.453,0.325),(0.136,0.364,0.325),(0.047,0.15,0.325),(0.136,-0.064,0.325),(0.35,-0.153,0.325),(0.564,-0.064,0.325),(0.525,0.15,0.417),(0.474,0.274,0.417),(0.35,0.325,0.417),(0.226,0.274,0.417),(0.175,0.15,0.417),(0.226,0.026,0.417),(0.35,-0.025,0.417),(0.474,0.026,0.417),(0.37,0.15,0.45),(0.364,0.164,0.45),(0.35,0.17,0.45),(0.336,0.164,0.45),(0.33,0.15,0.45),(0.336,0.136,0.45),(0.35,0.13,0.45),(0.364,0.136,0.45),(0.35,0.15,-0.05),(0.35,0.15,0.45)));
#796=IFCTRIANGULATEDFACESET(#795,$,$,((1,2,10),(1,10,9),(2,3,11),(2,11,10),(3,4,12),(3,12,11),(4,5,13),(4,13,12),(5,6,14),(5,14,13),(6,7,15),(6,15,14),(7,8,16),(7,16,15),(8,1,9),(8,9,16),(9,10,18),(9,18,17),(10,11,19),(10,19,18),(11,12,20),(11,20,19),(12,13,21),(12,21,20),(13,14,22),(13,22,21),(14,15,23),(14,23,22),(15,16,24),(15,24,23),(16,9,17),(16,17,24),(17,18,26),(17,26,25),(18,19,27),(18,27,26),(19,20,28),(19,28,27),(20,21,29),(20,29,28),(21,22,30),(21,30,29),(22,23,31),(22,31,30),(23,24,32),(23,32,31),(24,17,25),(24,25,32),(25,26,34),(25,34,33),(26,27,35),(26,35,34),(27,28,36),(27,36,35),(28,29,37),(28,37,36),(29,30,38),(29,38,37),(30,31,39),(30,39,38),(31,32,40),(31,40,39),(32,25,33),(32,33,40),(33,34,42),(33,42,41),(34,35,43),(34,43,42),(35,36,44),(35,44,43),(36,37,45),(36,45,44),(37,38,46),(37,46,45),(38,39,47),(38,47,46),(39,40,48),(39,48,47),(40,33,41),(40,41,48),(41,42,50),(41,50,49),(42,43,51),(42,51,50),(43,44,52),(43,52,51),(44,45,53),(44,53,52),(45,46,54),(45,54,53),(46,47,55),(46,55,54),(47,48,56),(47,56,55),(48,41,49),(48,49,56),(57,2,1),(58,49,50),(57,3,2),(58,50,51),(57,4,3),(58,51,52),(57,5,4),(58,52,53),(57,6,5),(58,53,54),(57,7,6),(58,54,55),(57,8,7),(58,55,56),(57,1,8),(58,56,49),(59,60,68),(59,68,67),(60,61,69),(60,69,68),(61,62,70),(61,70,69),(62,63,71),(62,71,70),(63,64,72),(63,72,71),(64,65,73),(64,73,72),(65,66,74),(65,74,73),(66,59,67),(66,67,74),(67,68,76),(67,76,75),(68,69,77),(68,77,76),(69,70,78),(69,78,77),(70,71,79),(70,79,78),(71,72,80),(71,80,79),(72,73,81),(72,81,80),(73,74,82),(73,82,81),(74,67,75),(74,75,82),(75,76,84),(75,84,83),(76,77,85),(76,85,84),(77,78,86),(77,86,85),(78,79,87),(78,87,86),(79,80,88),(79,88,87),(80,81,89),(80,89,88),(81,82,90),(81,90,89),(82,75,83),(82,83,90),(83,84,92),(83,92,91),(84,85,93),(84,93,92),(85,86,94),(85,94,93),(86,87,95),(86,95,94),(87,88,96),(87,96,95),(88,89,97),(88,97,96),(89,90,98),(89,98,97),(90,83,91),(90,91,98),(91,92,100),(91,100,99),(92,93,101),(92,101,100),(93,94,102),(93,102,101),(94,95,103),(94,103,102),(95,96,104),(95,104,103),(96,97,105),(96,105,104),(97,98,106),(97,106,105),(98,91,99),(98,99,106),(99,100,108),(99,108,107),(100,101,109),(100,109,108),(101,102,110),(101,110,109),(102,103,111),(102,111,110),(103,104,112),(103,112,111),(104,105,113),(104,113,112),(105,106,114),(105,114,113),(106,99,107),(106,107,114),(115,60,59),(116,107,108),(115,61,60),(116,108,109),(115,62,61),(116,109,110),(115,63,62),(116,110,111),(115,64,63),(116,111,112),(115,65,64),(116,112,113),(115,66,65),(116,113,114),(115,59,66),(116,114,107)),$);
#797=IFCSHAPEREPRESENTATION(#11,'Body','Tessellation',(#796));
#798=IFCPRODUCTDEFINITIONSHAPE($,$,(#797));
#799=IFCSTYLEDITEM(#796,(#696),$);
#800=IFCGEOGRAPHICELEMENT('1H51SeQt9pjXh4HjjxwjOY',$,'Shrub 14',$,'VEGETATION',#803,#807,$,.USERDEFINED.);
#801=IFCCARTESIANPOINT((22.8,-4.2,-0.24644563041386416));
#802=IFCAXIS2PLACEMENT3D(#801,$,$);
#803=IFCLOCALPLACEMENT(#16,#802);
#804=IFCCARTESIANPOINTLIST3D(((0.02,0.,-0.05),(0.014,0.014,-0.05),(0.,0.02,-0.05),(-0.014,0.014,-0.05),(-0.02,0.,-0.05),(-0.014,-0.014,-0.05),(0.,-0.02,-0.05),(0.014,-0.014,-0.05),(0.25,0.,0.),(0.177,0.177,0.),(0.,0.25,0.),(-0.177,0.177,0.),(-0.25,0.,0.),(-0.177,-0.177,0.),(0.,-0.25,0.),(0.177,-0.177,0.),(0.433,0.,0.137),(0.306,0.306,0.137),(0.,0.433,0.137),(-0.306,0.306,0.137),(-0.433,0.,0.137),(-0.306,-0.306,0.137),(0.,-0.433,0.137),(0.306,-0.306,0.137),(0.5,0.,0.325),(0.354,0.354,0.325),(0.,0.5,0.325),(-0.354,0.354,0.325),(-0.5,0.,0.325),(-0.354,-0.354,0.325),(0.,-0.5,0.325),(0.354,-0.354,0.325),(0.433,0.,0.512),(0.306,0.306,0.512),(0.,0.433,0.512),(-0.306,0.306,0.512),(-0.433,0.,0.512),(-0.306,-0.306,0.512),(0.,-0.433,0.512),(0.306,-0.306,0.512),(0.25,0.,0.65),(0.177,0.177,0.65),(0.,0.25,0.65),(-0.177,0.177,0.65),(-0.25,0.,0.65),(-0.177,-0.177,0.65),(0.,-0.25,0.65),(0.177,-0.177,0.65),(0.02,0.,0.7),(0.014,0.014,0.7),(0.,0.02,0.7),(-0.014,0.014,0.7),(-0.02,0.,0.7),(-0.014,-0.014,0.7),(0.,-0.02,0.7),(0.014,-0.014,0.7),(0.,0.,-0.05),(0.,0.,0.7),(0.37,0.15,-0.05),(0.364,0.164,-0.05),(0.35,0.17,-0.05),(0.336,0.164,-0.05),(0.33,0.15,-0.05),(0.336,0.136,-0.05),(0.35,0.13,-0.05),(0.364,0.136,-0.05),(0.525,0.15,-0.017),(0.474,0.274,-0.017),(0.35,0.325,-0.017),(0.226,0.274,-0.017),(0.175,0.15,-0.017),(0.226,0.026,-0.017),(0.35,-0.025,-0.017),(0.474,0.026,-0.017),(0.653,0.15,0.075),(0.564,0.364,0.075),(0.35,0.453,0.075),(0.136,0.364,0.075),(0.047,0.15,0.075),(0.136,-0.064,0.075),(0.35,-0.153,0.075),(0.564,-0.064,0.075),(0.7,0.15,0.2),(0.597,0.397,0.2),(0.35,0.5,0.2),(0.103,0.397,0.2),(0.,0.15,0.2),(0.103,-0.097,0.2),(0.35,-0.2,0.2),(0.597,-0.097,0.2),(0.653,0.15,0.325),(0.564,0.364,0.325),(0.35,0.453,0.325),(0.136,0.364,0.325),(0.047,0.15,0.325),(0.136,-0.064,0.325),(0.35,-0.153,0.325),(0.564,-0.064,0.325),(0.525,0.15,0.417),(0.474,0.274,0.417),(0.35,0.325,0.417),(0.226,0.274,0.417),(0.175,0.15,0.417),(0.226,0.026,0.417),(0.35,-0.025,0.417),(0.474,0.026,0.417),(0.37,0.15,0.45),(0.364,0.164,0.45),(0.35,0.17,0.45),(0.336,0.164,0.45),(0.33,0.15,0.45),(0.336,0.136,0.45),(0.35,0.13,0.45),(0.364,0.136,0.45),(0.35,0.15,-0.05),(0.35,0.15,0.45)));
#805=IFCTRIANGULATEDFACESET(#804,$,$,((1,2,10),(1,10,9),(2,3,11),(2,11,10),(3,4,12),(3,12,11),(4,5,13),(4,13,12),(5,6,14),(5,14,13),(6,7,15),(6,15,14),(7,8,16),(7,16,15),(8,1,9),(8,9,16),(9,10,18),(9,18,17),(10,11,19),(10,19,18),(11,12,20),(11,20,19),(12,13,21),(12,21,20),(13,14,22),(13,22,21),(14,15,23),(14,23,22),(15,16,24),(15,24,23),(16,9,17),(16,17,24),(17,18,26),(17,26,25),(18,19,27),(18,27,26),(19,20,28),(19,28,27),(20,21,29),(20,29,28),(21,22,30),(21,30,29),(22,23,31),(22,31,30),(23,24,32),(23,32,31),(24,17,25),(24,25,32),(25,26,34),(25,34,33),(26,27,35),(26,35,34),(27,28,36),(27,36,35),(28,29,37),(28,37,36),(29,30,38),(29,38,37),(30,31,39),(30,39,38),(31,32,40),(31,40,39),(32,25,33),(32,33,40),(33,34,42),(33,42,41),(34,35,43),(34,43,42),(35,36,44),(35,44,43),(36,37,45),(36,45,44),(37,38,46),(37,46,45),(38,39,47),(38,47,46),(39,40,48),(39,48,47),(40,33,41),(40,41,48),(41,42,50),(41,50,49),(42,43,51),(42,51,50),(43,44,52),(43,52,51),(44,45,53),(44,53,52),(45,46,54),(45,54,53),(46,47,55),(46,55,54),(47,48,56),(47,56,55),(48,41,49),(48,49,56),(57,2,1),(58,49,50),(57,3,2),(58,50,51),(57,4,3),(58,51,52),(57,5,4),(58,52,53),(57,6,5),(58,53,54),(57,7,6),(58,54,55),(57,8,7),(58,55,56),(57,1,8),(58,56,49),(59,60,68),(59,68,67),(60,61,69),(60,69,68),(61,62,70),(61,70,69),(62,63,71),(62,71,70),(63,64,72),(63,72,71),(64,65,73),(64,73,72),(65,66,74),(65,74,73),(66,59,67),(66,67,74),(67,68,76),(67,76,75),(68,69,77),(68,77,76),(69,70,78),(69,78,77),(70,71,79),(70,79,78),(71,72,80),(71,80,79),(72,73,81),(72,81,80),(73,74,82),(73,82,81),(74,67,75),(74,75,82),(75,76,84),(75,84,83),(76,77,85),(76,85,84),(77,78,86),(77,86,85),(78,79,87),(78,87,86),(79,80,88),(79,88,87),(80,81,89),(80,89,88),(81,82,90),(81,90,89),(82,75,83),(82,83,90),(83,84,92),(83,92,91),(84,85,93),(84,93,92),(85,86,94),(85,94,93),(86,87,95),(86,95,94),(87,88,96),(87,96,95),(88,89,97),(88,97,96),(89,90,98),(89,98,97),(90,83,91),(90,91,98),(91,92,100),(91,100,99),(92,93,101),(92,101,100),(93,94,102),(93,102,101),(94,95,103),(94,103,102),(95,96,104),(95,104,103),(96,97,105),(96,105,104),(97,98,106),(97,106,105),(98,91,99),(98,99,106),(99,100,108),(99,108,107),(100,101,109),(100,109,108),(101,102,110),(101,110,109),(102,103,111),(102,111,110),(103,104,112),(103,112,111),(104,105,113),(104,113,112),(105,106,114),(105,114,113),(106,99,107),(106,107,114),(115,60,59),(116,107,108),(115,61,60),(116,108,109),(115,62,61),(116,109,110),(115,63,62),(116,110,111),(115,64,63),(116,111,112),(115,65,64),(116,112,113),(115,66,65),(116,113,114),(115,59,66),(116,114,107)),$);
#806=IFCSHAPEREPRESENTATION(#11,'Body','Tessellation',(#805));
#807=IFCPRODUCTDEFINITIONSHAPE($,$,(#806));
#808=IFCSTYLEDITEM(#805,(#475),$);
#809=IFCGEOGRAPHICELEMENT('1X5gZMPo0BP9sxg6QPw7WW',$,'Shrub 15',$,'VEGETATION',#812,#816,$,.USERDEFINED.);
#810=IFCCARTESIANPOINT((24.,-4.4,-0.801341090468163));
#811=IFCAXIS2PLACEMENT3D(#810,$,$);
#812=IFCLOCALPLACEMENT(#16,#811);
#813=IFCCARTESIANPOINTLIST3D(((0.02,0.,-0.05),(0.014,0.014,-0.05),(0.,0.02,-0.05),(-0.014,0.014,-0.05),(-0.02,0.,-0.05),(-0.014,-0.014,-0.05),(0.,-0.02,-0.05),(0.014,-0.014,-0.05),(0.2,0.,-0.01),(0.141,0.141,-0.01),(0.,0.2,-0.01),(-0.141,0.141,-0.01),(-0.2,0.,-0.01),(-0.141,-0.141,-0.01),(0.,-0.2,-0.01),(0.141,-0.141,-0.01),(0.346,0.,0.1),(0.245,0.245,0.1),(0.,0.346,0.1),(-0.245,0.245,0.1),(-0.346,0.,0.1),(-0.245,-0.245,0.1),(0.,-0.346,0.1),(0.245,-0.245,0.1),(0.4,0.,0.25),(0.283,0.283,0.25),(0.,0.4,0.25),(-0.283,0.283,0.25),(-0.4,0.,0.25),(-0.283,-0.283,0.25),(0.,-0.4,0.25),(0.283,-0.283,0.25),(0.346,0.,0.4),(0.245,0.245,0.4),(0.,0.346,0.4),(-0.245,0.245,0.4),(-0.346,0.,0.4),(-0.245,-0.245,0.4),(0.,-0.346,0.4),(0.245,-0.245,0.4),(0.2,0.,0.51),(0.141,0.141,0.51),(0.,0.2,0.51),(-0.141,0.141,0.51),(-0.2,0.,0.51),(-0.141,-0.141,0.51),(0.,-0.2,0.51),(0.141,-0.141,0.51),(0.02,0.,0.55),(0.014,0.014,0.55),(0.,0.02,0.55),(-0.014,0.014,0.55),(-0.02,0.,0.55),(-0.014,-0.014,0.55),(0.,-0.02,0.55),(0.014,-0.014,0.55),(0.,0.,-0.05),(0.,0.,0.55),(0.3,0.12,-0.05),(0.294,0.134,-0.05),(0.28,0.14,-0.05),(0.266,0.134,-0.05),(0.26,0.12,-0.05),(0.266,0.106,-0.05),(0.28,0.1,-0.05),(0.294,0.106,-0.05),(0.42,0.12,-0.023),(0.379,0.219,-0.023),(0.28,0.26,-0.023),(0.181,0.219,-0.023),(0.14,0.12,-0.023),(0.181,0.021,-0.023),(0.28,-0.02,-0.023),(0.379,0.021,-0.023),(0.522,0.12,0.05),(0.451,0.291,0.05),(0.28,0.362,0.05),(0.109,0.291,0.05),(0.038,0.12,0.05),(0.109,-0.051,0.05),(0.28,-0.122,0.05),(0.451,-0.051,0.05),(0.56,0.12,0.15),(0.478,0.318,0.15),(0.28,0.4,0.15),(0.082,0.318,0.15),(0.,0.12,0.15),(0.082,-0.078,0.15),(0.28,-0.16,0.15),(0.478,-0.078,0.15),(0.522,0.12,0.25),(0.451,0.291,0.25),(0.28,0.362,0.25),(0.109,0.291,0.25),(0.038,0.12,0.25),(0.109,-0.051,0.25),(0.28,-0.122,0.25),(0.451,-0.051,0.25),(0.42,0.12,0.323),(0.379,0.219,0.323),(0.28,0.26,0.323),(0.181,0.219,0.323),(0.14,0.12,0.323),(0.181,0.021,0.323),(0.28,-0.02,0.323),(0.379,0.021,0.323),(0.3,0.12,0.35),(0.294,0.134,0.35),(0.28,0.14,0.35),(0.266,0.134,0.35),(0.26,0.12,0.35),(0.266,0.106,0.35),(0.28,0.1,0.35),(0.294,0.106,0.35),(0.27999999999999997,0.12,-0.05),(0.27999999999999997,0.12,0.35000000000000003)));
#814=IFCTRIANGULATEDFACESET(#813,$,$,((1,2,10),(1,10,9),(2,3,11),(2,11,10),(3,4,12),(3,12,11),(4,5,13),(4,13,12),(5,6,14),(5,14,13),(6,7,15),(6,15,14),(7,8,16),(7,16,15),(8,1,9),(8,9,16),(9,10,18),(9,18,17),(10,11,19),(10,19,18),(11,12,20),(11,20,19),(12,13,21),(12,21,20),(13,14,22),(13,22,21),(14,15,23),(14,23,22),(15,16,24),(15,24,23),(16,9,17),(16,17,24),(17,18,26),(17,26,25),(18,19,27),(18,27,26),(19,20,28),(19,28,27),(20,21,29),(20,29,28),(21,22,30),(21,30,29),(22,23,31),(22,31,30),(23,24,32),(23,32,31),(24,17,25),(24,25,32),(25,26,34),(25,34,33),(26,27,35),(26,35,34),(27,28,36),(27,36,35),(28,29,37),(28,37,36),(29,30,38),(29,38,37),(30,31,39),(30,39,38),(31,32,40),(31,40,39),(32,25,33),(32,33,40),(33,34,42),(33,42,41),(34,35,43),(34,43,42),(35,36,44),(35,44,43),(36,37,45),(36,45,44),(37,38,46),(37,46,45),(38,39,47),(38,47,46),(39,40,48),(39,48,47),(40,33,41),(40,41,48),(41,42,50),(41,50,49),(42,43,51),(42,51,50),(43,44,52),(43,52,51),(44,45,53),(44,53,52),(45,46,54),(45,54,53),(46,47,55),(46,55,54),(47,48,56),(47,56,55),(48,41,49),(48,49,56),(57,2,1),(58,49,50),(57,3,2),(58,50,51),(57,4,3),(58,51,52),(57,5,4),(58,52,53),(57,6,5),(58,53,54),(57,7,6),(58,54,55),(57,8,7),(58,55,56),(57,1,8),(58,56,49),(59,60,68),(59,68,67),(60,61,69),(60,69,68),(61,62,70),(61,70,69),(62,63,71),(62,71,70),(63,64,72),(63,72,71),(64,65,73),(64,73,72),(65,66,74),(65,74,73),(66,59,67),(66,67,74),(67,68,76),(67,76,75),(68,69,77),(68,77,76),(69,70,78),(69,78,77),(70,71,79),(70,79,78),(71,72,80),(71,80,79),(72,73,81),(72,81,80),(73,74,82),(73,82,81),(74,67,75),(74,75,82),(75,76,84),(75,84,83),(76,77,85),(76,85,84),(77,78,86),(77,86,85),(78,79,87),(78,87,86),(79,80,88),(79,88,87),(80,81,89),(80,89,88),(81,82,90),(81,90,89),(82,75,83),(82,83,90),(83,84,92),(83,92,91),(84,85,93),(84,93,92),(85,86,94),(85,94,93),(86,87,95),(86,95,94),(87,88,96),(87,96,95),(88,89,97),(88,97,96),(89,90,98),(89,98,97),(90,83,91),(90,91,98),(91,92,100),(91,100,99),(92,93,101),(92,101,100),(93,94,102),(93,102,101),(94,95,103),(94,103,102),(95,96,104),(95,104,103),(96,97,105),(96,105,104),(97,98,106),(97,106,105),(98,91,99),(98,99,106),(99,100,108),(99,108,107),(100,101,109),(100,109,108),(101,102,110),(101,110,109),(102,103,111),(102,111,110),(103,104,112),(103,112,111),(104,105,113),(104,113,112),(105,106,114),(105,114,113),(106,99,107),(106,107,114),(115,60,59),(116,107,108),(115,61,60),(116,108,109),(115,62,61),(116,109,110),(115,63,62),(116,110,111),(115,64,63),(116,111,112),(115,65,64),(116,112,113),(115,66,65),(116,113,114),(115,59,66),(116,114,107)),$);
#815=IFCSHAPEREPRESENTATION(#11,'Body','Tessellation',(#814));
#816=IFCPRODUCTDEFINITIONSHAPE($,$,(#815));
#817=IFCSTYLEDITEM(#814,(#735),$);
#818=IFCGEOGRAPHICELEMENT('0gsqAALtq63URqVGTOwi$O',$,'Shrub 16',$,'VEGETATION',#821,#825,$,.USERDEFINED.);
#819=IFCCARTESIANPOINT((23.,0.4,-0.32685571773812966));
#820=IFCAXIS2PLACEMENT3D(#819,$,$);
#821=IFCLOCALPLACEMENT(#16,#820);
#822=IFCCARTESIANPOINTLIST3D(((0.02,0.,-0.05),(0.014,0.014,-0.05),(0.,0.02,-0.05),(-0.014,0.014,-0.05),(-0.02,0.,-0.05),(-0.014,-0.014,-0.05),(0.,-0.02,-0.05),(0.014,-0.014,-0.05),(0.25,0.,0.),(0.177,0.177,0.),(0.,0.25,0.),(-0.177,0.177,0.),(-0.25,0.,0.),(-0.177,-0.177,0.),(0.,-0.25,0.),(0.177,-0.177,0.),(0.433,0.,0.137),(0.306,0.306,0.137),(0.,0.433,0.137),(-0.306,0.306,0.137),(-0.433,0.,0.137),(-0.306,-0.306,0.137),(0.,-0.433,0.137),(0.306,-0.306,0.137),(0.5,0.,0.325),(0.354,0.354,0.325),(0.,0.5,0.325),(-0.354,0.354,0.325),(-0.5,0.,0.325),(-0.354,-0.354,0.325),(0.,-0.5,0.325),(0.354,-0.354,0.325),(0.433,0.,0.512),(0.306,0.306,0.512),(0.,0.433,0.512),(-0.306,0.306,0.512),(-0.433,0.,0.512),(-0.306,-0.306,0.512),(0.,-0.433,0.512),(0.306,-0.306,0.512),(0.25,0.,0.65),(0.177,0.177,0.65),(0.,0.25,0.65),(-0.177,0.177,0.65),(-0.25,0.,0.65),(-0.177,-0.177,0.65),(0.,-0.25,0.65),(0.177,-0.177,0.65),(0.02,0.,0.7),(0.014,0.014,0.7),(0.,0.02,0.7),(-0.014,0.014,0.7),(-0.02,0.,0.7),(-0.014,-0.014,0.7),(0.,-0.02,0.7),(0.014,-0.014,0.7),(0.,0.,-0.05),(0.,0.,0.7),(0.37,0.15,-0.05),(0.364,0.164,-0.05),(0.35,0.17,-0.05),(0.336,0.164,-0.05),(0.33,0.15,-0.05),(0.336,0.136,-0.05),(0.35,0.13,-0.05),(0.364,0.136,-0.05),(0.525,0.15,-0.017),(0.474,0.274,-0.017),(0.35,0.325,-0.017),(0.226,0.274,-0.017),(0.175,0.15,-0.017),(0.226,0.026,-0.017),(0.35,-0.025,-0.017),(0.474,0.026,-0.017),(0.653,0.15,0.075),(0.564,0.364,0.075),(0.35,0.453,0.075),(0.136,0.364,0.075),(0.047,0.15,0.075),(0.136,-0.064,0.075),(0.35,-0.153,0.075),(0.564,-0.064,0.075),(0.7,0.15,0.2),(0.597,0.397,0.2),(0.35,0.5,0.2),(0.103,0.397,0.2),(0.,0.15,0.2),(0.103,-0.097,0.2),(0.35,-0.2,0.2),(0.597,-0.097,0.2),(0.653,0.15,0.325),(0.564,0.364,0.325),(0.35,0.453,0.325),(0.136,0.364,0.325),(0.047,0.15,0.325),(0.136,-0.064,0.325),(0.35,-0.153,0.325),(0.564,-0.064,0.325),(0.525,0.15,0.417),(0.474,0.274,0.417),(0.35,0.325,0.417),(0.226,0.274,0.417),(0.175,0.15,0.417),(0.226,0.026,0.417),(0.35,-0.025,0.417),(0.474,0.026,0.417),(0.37,0.15,0.45),(0.364,0.164,0.45),(0.35,0.17,0.45),(0.336,0.164,0.45),(0.33,0.15,0.45),(0.336,0.136,0.45),(0.35,0.13,0.45),(0.364,0.136,0.45),(0.35,0.15,-0.05),(0.35,0.15,0.45)));
#823=IFCTRIANGULATEDFACESET(#822,$,$,((1,2,10),(1,10,9),(2,3,11),(2,11,10),(3,4,12),(3,12,11),(4,5,13),(4,13,12),(5,6,14),(5,14,13),(6,7,15),(6,15,14),(7,8,16),(7,16,15),(8,1,9),(8,9,16),(9,10,18),(9,18,17),(10,11,19),(10,19,18),(11,12,20),(11,20,19),(12,13,21),(12,21,20),(13,14,22),(13,22,21),(14,15,23),(14,23,22),(15,16,24),(15,24,23),(16,9,17),(16,17,24),(17,18,26),(17,26,25),(18,19,27),(18,27,26),(19,20,28),(19,28,27),(20,21,29),(20,29,28),(21,22,30),(21,30,29),(22,23,31),(22,31,30),(23,24,32),(23,32,31),(24,17,25),(24,25,32),(25,26,34),(25,34,33),(26,27,35),(26,35,34),(27,28,36),(27,36,35),(28,29,37),(28,37,36),(29,30,38),(29,38,37),(30,31,39),(30,39,38),(31,32,40),(31,40,39),(32,25,33),(32,33,40),(33,34,42),(33,42,41),(34,35,43),(34,43,42),(35,36,44),(35,44,43),(36,37,45),(36,45,44),(37,38,46),(37,46,45),(38,39,47),(38,47,46),(39,40,48),(39,48,47),(40,33,41),(40,41,48),(41,42,50),(41,50,49),(42,43,51),(42,51,50),(43,44,52),(43,52,51),(44,45,53),(44,53,52),(45,46,54),(45,54,53),(46,47,55),(46,55,54),(47,48,56),(47,56,55),(48,41,49),(48,49,56),(57,2,1),(58,49,50),(57,3,2),(58,50,51),(57,4,3),(58,51,52),(57,5,4),(58,52,53),(57,6,5),(58,53,54),(57,7,6),(58,54,55),(57,8,7),(58,55,56),(57,1,8),(58,56,49),(59,60,68),(59,68,67),(60,61,69),(60,69,68),(61,62,70),(61,70,69),(62,63,71),(62,71,70),(63,64,72),(63,72,71),(64,65,73),(64,73,72),(65,66,74),(65,74,73),(66,59,67),(66,67,74),(67,68,76),(67,76,75),(68,69,77),(68,77,76),(69,70,78),(69,78,77),(70,71,79),(70,79,78),(71,72,80),(71,80,79),(72,73,81),(72,81,80),(73,74,82),(73,82,81),(74,67,75),(74,75,82),(75,76,84),(75,84,83),(76,77,85),(76,85,84),(77,78,86),(77,86,85),(78,79,87),(78,87,86),(79,80,88),(79,88,87),(80,81,89),(80,89,88),(81,82,90),(81,90,89),(82,75,83),(82,83,90),(83,84,92),(83,92,91),(84,85,93),(84,93,92),(85,86,94),(85,94,93),(86,87,95),(86,95,94),(87,88,96),(87,96,95),(88,89,97),(88,97,96),(89,90,98),(89,98,97),(90,83,91),(90,91,98),(91,92,100),(91,100,99),(92,93,101),(92,101,100),(93,94,102),(93,102,101),(94,95,103),(94,103,102),(95,96,104),(95,104,103),(96,97,105),(96,105,104),(97,98,106),(97,106,105),(98,91,99),(98,99,106),(99,100,108),(99,108,107),(100,101,109),(100,109,108),(101,102,110),(101,110,109),(102,103,111),(102,111,110),(103,104,112),(103,112,111),(104,105,113),(104,113,112),(105,106,114),(105,114,113),(106,99,107),(106,107,114),(115,60,59),(116,107,108),(115,61,60),(116,108,109),(115,62,61),(116,109,110),(115,63,62),(116,110,111),(115,64,63),(116,111,112),(115,65,64),(116,112,113),(115,66,65),(116,113,114),(115,59,66),(116,114,107)),$);
#824=IFCSHAPEREPRESENTATION(#11,'Body','Tessellation',(#823));
#825=IFCPRODUCTDEFINITIONSHAPE($,$,(#824));
#826=IFCSTYLEDITEM(#823,(#696),$);
#827=IFCGEOGRAPHICELEMENT('2tlK96g7dvwQkIdopg6GW_',$,'Shrub 17',$,'VEGETATION',#830,#834,$,.USERDEFINED.);
#828=IFCCARTESIANPOINT((21.8,-3.8,-0.04289217620447262));
#829=IFCAXIS2PLACEMENT3D(#828,$,$);
#830=IFCLOCALPLACEMENT(#16,#829);
#831=IFCCARTESIANPOINTLIST3D(((0.02,0.,-0.05),(0.014,0.014,-0.05),(0.,0.02,-0.05),(-0.014,0.014,-0.05),(-0.02,0.,-0.05),(-0.014,-0.014,-0.05),(0.,-0.02,-0.05),(0.014,-0.014,-0.05),(0.225,0.,-0.005),(0.159,0.159,-0.005),(0.,0.225,-0.005),(-0.159,0.159,-0.005),(-0.225,0.,-0.005),(-0.159,-0.159,-0.005),(0.,-0.225,-0.005),(0.159,-0.159,-0.005),(0.39,0.,0.119),(0.276,0.276,0.119),(0.,0.39,0.119),(-0.276,0.276,0.119),(-0.39,0.,0.119),(-0.276,-0.276,0.119),(0.,-0.39,0.119),(0.276,-0.276,0.119),(0.45,0.,0.288),(0.318,0.318,0.288),(0.,0.45,0.288),(-0.318,0.318,0.288),(-0.45,0.,0.288),(-0.318,-0.318,0.288),(0.,-0.45,0.288),(0.318,-0.318,0.288),(0.39,0.,0.456),(0.276,0.276,0.456),(0.,0.39,0.456),(-0.276,0.276,0.456),(-0.39,0.,0.456),(-0.276,-0.276,0.456),(0.,-0.39,0.456),(0.276,-0.276,0.456),(0.225,0.,0.58),(0.159,0.159,0.58),(0.,0.225,0.58),(-0.159,0.159,0.58),(-0.225,0.,0.58),(-0.159,-0.159,0.58),(0.,-0.225,0.58),(0.159,-0.159,0.58),(0.02,0.,0.625),(0.014,0.014,0.625),(0.,0.02,0.625),(-0.014,0.014,0.625),(-0.02,0.,0.625),(-0.014,-0.014,0.625),(0.,-0.02,0.625),(0.014,-0.014,0.625),(0.,0.,-0.05),(0.,0.,0.625),(0.335,0.135,-0.05),(0.329,0.149,-0.05),(0.315,0.155,-0.05),(0.301,0.149,-0.05),(0.295,0.135,-0.05),(0.301,0.121,-0.05),(0.315,0.115,-0.05),(0.329,0.121,-0.05),(0.473,0.135,-0.02),(0.426,0.246,-0.02),(0.315,0.293,-0.02),(0.204,0.246,-0.02),(0.158,0.135,-0.02),(0.204,0.024,-0.02),(0.315,-0.022,-0.02),(0.426,0.024,-0.02),(0.588,0.135,0.062),(0.508,0.328,0.062),(0.315,0.408,0.062),(0.122,0.328,0.062),(0.042,0.135,0.062),(0.122,-0.058,0.062),(0.315,-0.138,0.062),(0.508,-0.058,0.062),(0.63,0.135,0.175),(0.538,0.358,0.175),(0.315,0.45,0.175),(0.092,0.358,0.175),(0.,0.135,0.175),(0.092,-0.088,0.175),(0.315,-0.18,0.175),(0.538,-0.088,0.175),(0.588,0.135,0.288),(0.508,0.328,0.288),(0.315,0.408,0.288),(0.122,0.328,0.288),(0.042,0.135,0.288),(0.122,-0.058,0.288),(0.315,-0.138,0.288),(0.508,-0.058,0.288),(0.473,0.135,0.37),(0.426,0.246,0.37),(0.315,0.293,0.37),(0.204,0.246,0.37),(0.158,0.135,0.37),(0.204,0.024,0.37),(0.315,-0.022,0.37),(0.426,0.024,0.37),(0.335,0.135,0.4),(0.329,0.149,0.4),(0.315,0.155,0.4),(0.301,0.149,0.4),(0.295,0.135,0.4),(0.301,0.121,0.4),(0.315,0.115,0.4),(0.329,0.121,0.4),(0.315,0.135,-0.05),(0.315,0.135,0.4)));
#832=IFCTRIANGULATEDFACESET(#831,$,$,((1,2,10),(1,10,9),(2,3,11),(2,11,10),(3,4,12),(3,12,11),(4,5,13),(4,13,12),(5,6,14),(5,14,13),(6,7,15),(6,15,14),(7,8,16),(7,16,15),(8,1,9),(8,9,16),(9,10,18),(9,18,17),(10,11,19),(10,19,18),(11,12,20),(11,20,19),(12,13,21),(12,21,20),(13,14,22),(13,22,21),(14,15,23),(14,23,22),(15,16,24),(15,24,23),(16,9,17),(16,17,24),(17,18,26),(17,26,25),(18,19,27),(18,27,26),(19,20,28),(19,28,27),(20,21,29),(20,29,28),(21,22,30),(21,30,29),(22,23,31),(22,31,30),(23,24,32),(23,32,31),(24,17,25),(24,25,32),(25,26,34),(25,34,33),(26,27,35),(26,35,34),(27,28,36),(27,36,35),(28,29,37),(28,37,36),(29,30,38),(29,38,37),(30,31,39),(30,39,38),(31,32,40),(31,40,39),(32,25,33),(32,33,40),(33,34,42),(33,42,41),(34,35,43),(34,43,42),(35,36,44),(35,44,43),(36,37,45),(36,45,44),(37,38,46),(37,46,45),(38,39,47),(38,47,46),(39,40,48),(39,48,47),(40,33,41),(40,41,48),(41,42,50),(41,50,49),(42,43,51),(42,51,50),(43,44,52),(43,52,51),(44,45,53),(44,53,52),(45,46,54),(45,54,53),(46,47,55),(46,55,54),(47,48,56),(47,56,55),(48,41,49),(48,49,56),(57,2,1),(58,49,50),(57,3,2),(58,50,51),(57,4,3),(58,51,52),(57,5,4),(58,52,53),(57,6,5),(58,53,54),(57,7,6),(58,54,55),(57,8,7),(58,55,56),(57,1,8),(58,56,49),(59,60,68),(59,68,67),(60,61,69),(60,69,68),(61,62,70),(61,70,69),(62,63,71),(62,71,70),(63,64,72),(63,72,71),(64,65,73),(64,73,72),(65,66,74),(65,74,73),(66,59,67),(66,67,74),(67,68,76),(67,76,75),(68,69,77),(68,77,76),(69,70,78),(69,78,77),(70,71,79),(70,79,78),(71,72,80),(71,80,79),(72,73,81),(72,81,80),(73,74,82),(73,82,81),(74,67,75),(74,75,82),(75,76,84),(75,84,83),(76,77,85),(76,85,84),(77,78,86),(77,86,85),(78,79,87),(78,87,86),(79,80,88),(79,88,87),(80,81,89),(80,89,88),(81,82,90),(81,90,89),(82,75,83),(82,83,90),(83,84,92),(83,92,91),(84,85,93),(84,93,92),(85,86,94),(85,94,93),(86,87,95),(86,95,94),(87,88,96),(87,96,95),(88,89,97),(88,97,96),(89,90,98),(89,98,97),(90,83,91),(90,91,98),(91,92,100),(91,100,99),(92,93,101),(92,101,100),(93,94,102),(93,102,101),(94,95,103),(94,103,102),(95,96,104),(95,104,103),(96,97,105),(96,105,104),(97,98,106),(97,106,105),(98,91,99),(98,99,106),(99,100,108),(99,108,107),(100,101,109),(100,109,108),(101,102,110),(101,110,109),(102,103,111),(102,111,110),(103,104,112),(103,112,111),(104,105,113),(104,113,112),(105,106,114),(105,114,113),(106,99,107),(106,107,114),(115,60,59),(116,107,108),(115,61,60),(116,108,109),(115,62,61),(116,109,110),(115,63,62),(116,110,111),(115,64,63),(116,111,112),(115,65,64),(116,112,113),(115,66,65),(116,113,114),(115,59,66),(116,114,107)),$);
#833=IFCSHAPEREPRESENTATION(#11,'Body','Tessellation',(#832));
#834=IFCPRODUCTDEFINITIONSHAPE($,$,(#833));
#835=IFCSTYLEDITEM(#832,(#735),$);
#836=IFCGEOGRAPHICELEMENT('0BUyTaZVLxN3383JlxFfxe',$,'Shrub 18',$,'VEGETATION',#839,#843,$,.USERDEFINED.);
#837=IFCCARTESIANPOINT((14.8,-3.6,-0.06677881069042425));
#838=IFCAXIS2PLACEMENT3D(#837,$,$);
#839=IFCLOCALPLACEMENT(#16,#838);
#840=IFCCARTESIANPOINTLIST3D(((0.02,0.,-0.05),(0.014,0.014,-0.05),(0.,0.02,-0.05),(-0.014,0.014,-0.05),(-0.02,0.,-0.05),(-0.014,-0.014,-0.05),(0.,-0.02,-0.05),(0.014,-0.014,-0.05),(0.25,0.,0.),(0.177,0.177,0.),(0.,0.25,0.),(-0.177,0.177,0.),(-0.25,0.,0.),(-0.177,-0.177,0.),(0.,-0.25,0.),(0.177,-0.177,0.),(0.433,0.,0.137),(0.306,0.306,0.137),(0.,0.433,0.137),(-0.306,0.306,0.137),(-0.433,0.,0.137),(-0.306,-0.306,0.137),(0.,-0.433,0.137),(0.306,-0.306,0.137),(0.5,0.,0.325),(0.354,0.354,0.325),(0.,0.5,0.325),(-0.354,0.354,0.325),(-0.5,0.,0.325),(-0.354,-0.354,0.325),(0.,-0.5,0.325),(0.354,-0.354,0.325),(0.433,0.,0.512),(0.306,0.306,0.512),(0.,0.433,0.512),(-0.306,0.306,0.512),(-0.433,0.,0.512),(-0.306,-0.306,0.512),(0.,-0.433,0.512),(0.306,-0.306,0.512),(0.25,0.,0.65),(0.177,0.177,0.65),(0.,0.25,0.65),(-0.177,0.177,0.65),(-0.25,0.,0.65),(-0.177,-0.177,0.65),(0.,-0.25,0.65),(0.177,-0.177,0.65),(0.02,0.,0.7),(0.014,0.014,0.7),(0.,0.02,0.7),(-0.014,0.014,0.7),(-0.02,0.,0.7),(-0.014,-0.014,0.7),(0.,-0.02,0.7),(0.014,-0.014,0.7),(0.,0.,-0.05),(0.,0.,0.7),(0.37,0.15,-0.05),(0.364,0.164,-0.05),(0.35,0.17,-0.05),(0.336,0.164,-0.05),(0.33,0.15,-0.05),(0.336,0.136,-0.05),(0.35,0.13,-0.05),(0.364,0.136,-0.05),(0.525,0.15,-0.017),(0.474,0.274,-0.017),(0.35,0.325,-0.017),(0.226,0.274,-0.017),(0.175,0.15,-0.017),(0.226,0.026,-0.017),(0.35,-0.025,-0.017),(0.474,0.026,-0.017),(0.653,0.15,0.075),(0.564,0.364,0.075),(0.35,0.453,0.075),(0.136,0.364,0.075),(0.047,0.15,0.075),(0.136,-0.064,0.075),(0.35,-0.153,0.075),(0.564,-0.064,0.075),(0.7,0.15,0.2),(0.597,0.397,0.2),(0.35,0.5,0.2),(0.103,0.397,0.2),(0.,0.15,0.2),(0.103,-0.097,0.2),(0.35,-0.2,0.2),(0.597,-0.097,0.2),(0.653,0.15,0.325),(0.564,0.364,0.325),(0.35,0.453,0.325),(0.136,0.364,0.325),(0.047,0.15,0.325),(0.136,-0.064,0.325),(0.35,-0.153,0.325),(0.564,-0.064,0.325),(0.525,0.15,0.417),(0.474,0.274,0.417),(0.35,0.325,0.417),(0.226,0.274,0.417),(0.175,0.15,0.417),(0.226,0.026,0.417),(0.35,-0.025,0.417),(0.474,0.026,0.417),(0.37,0.15,0.45),(0.364,0.164,0.45),(0.35,0.17,0.45),(0.336,0.164,0.45),(0.33,0.15,0.45),(0.336,0.136,0.45),(0.35,0.13,0.45),(0.364,0.136,0.45),(0.35,0.15,-0.05),(0.35,0.15,0.45)));
#841=IFCTRIANGULATEDFACESET(#840,$,$,((1,2,10),(1,10,9),(2,3,11),(2,11,10),(3,4,12),(3,12,11),(4,5,13),(4,13,12),(5,6,14),(5,14,13),(6,7,15),(6,15,14),(7,8,16),(7,16,15),(8,1,9),(8,9,16),(9,10,18),(9,18,17),(10,11,19),(10,19,18),(11,12,20),(11,20,19),(12,13,21),(12,21,20),(13,14,22),(13,22,21),(14,15,23),(14,23,22),(15,16,24),(15,24,23),(16,9,17),(16,17,24),(17,18,26),(17,26,25),(18,19,27),(18,27,26),(19,20,28),(19,28,27),(20,21,29),(20,29,28),(21,22,30),(21,30,29),(22,23,31),(22,31,30),(23,24,32),(23,32,31),(24,17,25),(24,25,32),(25,26,34),(25,34,33),(26,27,35),(26,35,34),(27,28,36),(27,36,35),(28,29,37),(28,37,36),(29,30,38),(29,38,37),(30,31,39),(30,39,38),(31,32,40),(31,40,39),(32,25,33),(32,33,40),(33,34,42),(33,42,41),(34,35,43),(34,43,42),(35,36,44),(35,44,43),(36,37,45),(36,45,44),(37,38,46),(37,46,45),(38,39,47),(38,47,46),(39,40,48),(39,48,47),(40,33,41),(40,41,48),(41,42,50),(41,50,49),(42,43,51),(42,51,50),(43,44,52),(43,52,51),(44,45,53),(44,53,52),(45,46,54),(45,54,53),(46,47,55),(46,55,54),(47,48,56),(47,56,55),(48,41,49),(48,49,56),(57,2,1),(58,49,50),(57,3,2),(58,50,51),(57,4,3),(58,51,52),(57,5,4),(58,52,53),(57,6,5),(58,53,54),(57,7,6),(58,54,55),(57,8,7),(58,55,56),(57,1,8),(58,56,49),(59,60,68),(59,68,67),(60,61,69),(60,69,68),(61,62,70),(61,70,69),(62,63,71),(62,71,70),(63,64,72),(63,72,71),(64,65,73),(64,73,72),(65,66,74),(65,74,73),(66,59,67),(66,67,74),(67,68,76),(67,76,75),(68,69,77),(68,77,76),(69,70,78),(69,78,77),(70,71,79),(70,79,78),(71,72,80),(71,80,79),(72,73,81),(72,81,80),(73,74,82),(73,82,81),(74,67,75),(74,75,82),(75,76,84),(75,84,83),(76,77,85),(76,85,84),(77,78,86),(77,86,85),(78,79,87),(78,87,86),(79,80,88),(79,88,87),(80,81,89),(80,89,88),(81,82,90),(81,90,89),(82,75,83),(82,83,90),(83,84,92),(83,92,91),(84,85,93),(84,93,92),(85,86,94),(85,94,93),(86,87,95),(86,95,94),(87,88,96),(87,96,95),(88,89,97),(88,97,96),(89,90,98),(89,98,97),(90,83,91),(90,91,98),(91,92,100),(91,100,99),(92,93,101),(92,101,100),(93,94,102),(93,102,101),(94,95,103),(94,103,102),(95,96,104),(95,104,103),(96,97,105),(96,105,104),(97,98,106),(97,106,105),(98,91,99),(98,99,106),(99,100,108),(99,108,107),(100,101,109),(100,109,108),(101,102,110),(101,110,109),(102,103,111),(102,111,110),(103,104,112),(103,112,111),(104,105,113),(104,113,112),(105,106,114),(105,114,113),(106,99,107),(106,107,114),(115,60,59),(116,107,108),(115,61,60),(116,108,109),(115,62,61),(116,109,110),(115,63,62),(116,110,111),(115,64,63),(116,111,112),(115,65,64),(116,112,113),(115,66,65),(116,113,114),(115,59,66),(116,114,107)),$);
#842=IFCSHAPEREPRESENTATION(#11,'Body','Tessellation',(#841));
#843=IFCPRODUCTDEFINITIONSHAPE($,$,(#842));
#844=IFCSTYLEDITEM(#841,(#475),$);
#845=IFCGEOGRAPHICELEMENT('1aYQ5o7XODLTlPi94krx84',$,'Shrub 19',$,'VEGETATION',#848,#852,$,.USERDEFINED.);
#846=IFCCARTESIANPOINT((16.,-3.7,-0.06573917024348992));
#847=IFCAXIS2PLACEMENT3D(#846,$,$);
#848=IFCLOCALPLACEMENT(#16,#847);
#849=IFCCARTESIANPOINTLIST3D(((0.02,0.,-0.05),(0.014,0.014,-0.05),(0.,0.02,-0.05),(-0.014,0.014,-0.05),(-0.02,0.,-0.05),(-0.014,-0.014,-0.05),(0.,-0.02,-0.05),(0.014,-0.014,-0.05),(0.225,0.,-0.005),(0.159,0.159,-0.005),(0.,0.225,-0.005),(-0.159,0.159,-0.005),(-0.225,0.,-0.005),(-0.159,-0.159,-0.005),(0.,-0.225,-0.005),(0.159,-0.159,-0.005),(0.39,0.,0.119),(0.276,0.276,0.119),(0.,0.39,0.119),(-0.276,0.276,0.119),(-0.39,0.,0.119),(-0.276,-0.276,0.119),(0.,-0.39,0.119),(0.276,-0.276,0.119),(0.45,0.,0.288),(0.318,0.318,0.288),(0.,0.45,0.288),(-0.318,0.318,0.288),(-0.45,0.,0.288),(-0.318,-0.318,0.288),(0.,-0.45,0.288),(0.318,-0.318,0.288),(0.39,0.,0.456),(0.276,0.276,0.456),(0.,0.39,0.456),(-0.276,0.276,0.456),(-0.39,0.,0.456),(-0.276,-0.276,0.456),(0.,-0.39,0.456),(0.276,-0.276,0.456),(0.225,0.,0.58),(0.159,0.159,0.58),(0.,0.225,0.58),(-0.159,0.159,0.58),(-0.225,0.,0.58),(-0.159,-0.159,0.58),(0.,-0.225,0.58),(0.159,-0.159,0.58),(0.02,0.,0.625),(0.014,0.014,0.625),(0.,0.02,0.625),(-0.014,0.014,0.625),(-0.02,0.,0.625),(-0.014,-0.014,0.625),(0.,-0.02,0.625),(0.014,-0.014,0.625),(0.,0.,-0.05),(0.,0.,0.625),(0.335,0.135,-0.05),(0.329,0.149,-0.05),(0.315,0.155,-0.05),(0.301,0.149,-0.05),(0.295,0.135,-0.05),(0.301,0.121,-0.05),(0.315,0.115,-0.05),(0.329,0.121,-0.05),(0.473,0.135,-0.02),(0.426,0.246,-0.02),(0.315,0.293,-0.02),(0.204,0.246,-0.02),(0.158,0.135,-0.02),(0.204,0.024,-0.02),(0.315,-0.022,-0.02),(0.426,0.024,-0.02),(0.588,0.135,0.062),(0.508,0.328,0.062),(0.315,0.408,0.062),(0.122,0.328,0.062),(0.042,0.135,0.062),(0.122,-0.058,0.062),(0.315,-0.138,0.062),(0.508,-0.058,0.062),(0.63,0.135,0.175),(0.538,0.358,0.175),(0.315,0.45,0.175),(0.092,0.358,0.175),(0.,0.135,0.175),(0.092,-0.088,0.175),(0.315,-0.18,0.175),(0.538,-0.088,0.175),(0.588,0.135,0.288),(0.508,0.328,0.288),(0.315,0.408,0.288),(0.122,0.328,0.288),(0.042,0.135,0.288),(0.122,-0.058,0.288),(0.315,-0.138,0.288),(0.508,-0.058,0.288),(0.473,0.135,0.37),(0.426,0.246,0.37),(0.315,0.293,0.37),(0.204,0.246,0.37),(0.158,0.135,0.37),(0.204,0.024,0.37),(0.315,-0.022,0.37),(0.426,0.024,0.37),(0.335,0.135,0.4),(0.329,0.149,0.4),(0.315,0.155,0.4),(0.301,0.149,0.4),(0.295,0.135,0.4),(0.301,0.121,0.4),(0.315,0.115,0.4),(0.329,0.121,0.4),(0.315,0.135,-0.05),(0.315,0.135,0.4)));
#850=IFCTRIANGULATEDFACESET(#849,$,$,((1,2,10),(1,10,9),(2,3,11),(2,11,10),(3,4,12),(3,12,11),(4,5,13),(4,13,12),(5,6,14),(5,14,13),(6,7,15),(6,15,14),(7,8,16),(7,16,15),(8,1,9),(8,9,16),(9,10,18),(9,18,17),(10,11,19),(10,19,18),(11,12,20),(11,20,19),(12,13,21),(12,21,20),(13,14,22),(13,22,21),(14,15,23),(14,23,22),(15,16,24),(15,24,23),(16,9,17),(16,17,24),(17,18,26),(17,26,25),(18,19,27),(18,27,26),(19,20,28),(19,28,27),(20,21,29),(20,29,28),(21,22,30),(21,30,29),(22,23,31),(22,31,30),(23,24,32),(23,32,31),(24,17,25),(24,25,32),(25,26,34),(25,34,33),(26,27,35),(26,35,34),(27,28,36),(27,36,35),(28,29,37),(28,37,36),(29,30,38),(29,38,37),(30,31,39),(30,39,38),(31,32,40),(31,40,39),(32,25,33),(32,33,40),(33,34,42),(33,42,41),(34,35,43),(34,43,42),(35,36,44),(35,44,43),(36,37,45),(36,45,44),(37,38,46),(37,46,45),(38,39,47),(38,47,46),(39,40,48),(39,48,47),(40,33,41),(40,41,48),(41,42,50),(41,50,49),(42,43,51),(42,51,50),(43,44,52),(43,52,51),(44,45,53),(44,53,52),(45,46,54),(45,54,53),(46,47,55),(46,55,54),(47,48,56),(47,56,55),(48,41,49),(48,49,56),(57,2,1),(58,49,50),(57,3,2),(58,50,51),(57,4,3),(58,51,52),(57,5,4),(58,52,53),(57,6,5),(58,53,54),(57,7,6),(58,54,55),(57,8,7),(58,55,56),(57,1,8),(58,56,49),(59,60,68),(59,68,67),(60,61,69),(60,69,68),(61,62,70),(61,70,69),(62,63,71),(62,71,70),(63,64,72),(63,72,71),(64,65,73),(64,73,72),(65,66,74),(65,74,73),(66,59,67),(66,67,74),(67,68,76),(67,76,75),(68,69,77),(68,77,76),(69,70,78),(69,78,77),(70,71,79),(70,79,78),(71,72,80),(71,80,79),(72,73,81),(72,81,80),(73,74,82),(73,82,81),(74,67,75),(74,75,82),(75,76,84),(75,84,83),(76,77,85),(76,85,84),(77,78,86),(77,86,85),(78,79,87),(78,87,86),(79,80,88),(79,88,87),(80,81,89),(80,89,88),(81,82,90),(81,90,89),(82,75,83),(82,83,90),(83,84,92),(83,92,91),(84,85,93),(84,93,92),(85,86,94),(85,94,93),(86,87,95),(86,95,94),(87,88,96),(87,96,95),(88,89,97),(88,97,96),(89,90,98),(89,98,97),(90,83,91),(90,91,98),(91,92,100),(91,100,99),(92,93,101),(92,101,100),(93,94,102),(93,102,101),(94,95,103),(94,103,102),(95,96,104),(95,104,103),(96,97,105),(96,105,104),(97,98,106),(97,106,105),(98,91,99),(98,99,106),(99,100,108),(99,108,107),(100,101,109),(100,109,108),(101,102,110),(101,110,109),(102,103,111),(102,111,110),(103,104,112),(103,112,111),(104,105,113),(104,113,112),(105,106,114),(105,114,113),(106,99,107),(106,107,114),(115,60,59),(116,107,108),(115,61,60),(116,108,109),(115,62,61),(116,109,110),(115,63,62),(116,110,111),(115,64,63),(116,111,112),(115,65,64),(116,112,113),(115,66,65),(116,113,114),(115,59,66),(116,114,107)),$);
#851=IFCSHAPEREPRESENTATION(#11,'Body','Tessellation',(#850));
#852=IFCPRODUCTDEFINITIONSHAPE($,$,(#851));
#853=IFCSTYLEDITEM(#850,(#696),$);
#854=IFCSLAB('3u$lyO6bkNoV$Aznm4LZ4r',$,'Ground floor slab',$,$,#858,#876,$,.BASESLAB.);
#855=IFCRELCONTAINEDINSPATIALSTRUCTURE('3toHqMje42CFEjYA_9GqC4',$,$,$,(#854,#881,#895,#963,#980,#994,#1008,#1022,#1039,#1085,#1099,#1113,#1130,#1176,#1190,#1204,#1218,#1238,#1255,#1269,#1315,#1329,#1343,#1361,#1393,#1408,#1440,#1469,#1498,#1527,#1542,#1560,#1578,#1596,#1628,#1643,#1713,#1727,#1741,#1755,#1769,#1783,#1815,#1833,#1865,#1880,#1897,#1906,#1920,#1959,#1976,#1993,#2007,#2021,#2035,#2049,#2063,#2077,#2091,#2105,#2119,#2133,#2259,#2276,#2290,#2304,#2318,#2332,#2346,#2360,#2374,#2388,#2402,#2416,#2430,#2444,#2458,#2472,#2486,#2500,#2514,#2528,#2542,#2556,#2570,#2584,#3153,#3170,#3292,#3371,#3434,#3483,#3505,#3552,#3607,#3662,#3717,#3772,#3850,#3864,#3958,#4021,#4067,#4124,#4138,#4152,#4166,#4180,#4194,#4216,#4230,#4252,#4282,#4312,#4342,#4372,#4418,#4473,#4527,#4582,#4636,#4691,#4745,#4800,#4854,#4909,#4963,#4978,#4990,#5100,#5179,#5225,#5246,#5261,#5276,#5291,#5306,#5321),#23);
#856=IFCCARTESIANPOINT((0.,0.,-0.25));
#857=IFCAXIS2PLACEMENT3D(#856,$,$);
#858=IFCLOCALPLACEMENT(#26,#857);
#859=IFCCARTESIANPOINT((0.,0.));
#860=IFCCARTESIANPOINT((17.,0.));
#861=IFCCARTESIANPOINT((17.,-1.));
#862=IFCCARTESIANPOINT((21.,-1.));
#863=IFCCARTESIANPOINT((21.,9.));
#864=IFCCARTESIANPOINT((0.,9.));
#865=IFCCARTESIANPOINT((0.,8.));
#866=IFCCARTESIANPOINT((-7.,8.));
#867=IFCCARTESIANPOINT((-7.,1.));
#868=IFCCARTESIANPOINT((0.,1.));
#869=IFCPOLYLINE((#859,#860,#861,#862,#863,#864,#865,#866,#867,#868,#859));
#870=IFCARBITRARYCLOSEDPROFILEDEF(.AREA.,$,#869);
#871=IFCCARTESIANPOINT((0.,0.,0.));
#872=IFCAXIS2PLACEMENT3D(#871,$,$);
#873=IFCDIRECTION((0.,0.,1.));
#874=IFCEXTRUDEDAREASOLID(#870,#872,#873,0.25);
#875=IFCSHAPEREPRESENTATION(#11,'Body','SweptSolid',(#874));
#876=IFCPRODUCTDEFINITIONSHAPE($,$,(#875));
#877=IFCCOLOURRGB($,0.88,0.84,0.78);
#878=IFCSURFACESTYLERENDERING(#877,0.,$,$,$,$,$,$,.NOTDEFINED.);
#879=IFCSURFACESTYLE('rgba 0.88 0.84 0.78 1',.BOTH.,(#878));
#880=IFCSTYLEDITEM(#874,(#879),$);
#881=IFCCOLUMN('24YXZp0tpilque5IIgS$wo',$,'Stone pier, living room',$,$,#884,#893,$,$);
#882=IFCCARTESIANPOINT((0.,0.,0.));
#883=IFCAXIS2PLACEMENT3D(#882,$,$);
#884=IFCLOCALPLACEMENT(#26,#883);
#885=IFCCARTESIANPOINT((0.8,0.375));
#886=IFCAXIS2PLACEMENT2D(#885,$);
#887=IFCRECTANGLEPROFILEDEF(.AREA.,$,#886,1.6,0.75);
#888=IFCCARTESIANPOINT((0.,-0.3,0.));
#889=IFCAXIS2PLACEMENT3D(#888,$,$);
#890=IFCDIRECTION((0.,0.,1.));
#891=IFCEXTRUDEDAREASOLID(#887,#889,#890,2.9);
#892=IFCSHAPEREPRESENTATION(#11,'Body','SweptSolid',(#891));
#893=IFCPRODUCTDEFINITIONSHAPE($,$,(#892));
#894=IFCSTYLEDITEM(#891,(#282),$);
#895=IFCMEMBER('3uK3SH2JudMR4dw9WtGsAo',$,'Living room sliding doors frame',$,$,#898,#907,$,.MULLION.);
#896=IFCCARTESIANPOINT((0.,0.,0.));
#897=IFCAXIS2PLACEMENT3D(#896,$,$);
#898=IFCLOCALPLACEMENT(#26,#897);
#899=IFCCARTESIANPOINT((3.7,0.05000000000000001));
#900=IFCAXIS2PLACEMENT2D(#899,$);
#901=IFCRECTANGLEPROFILEDEF(.AREA.,$,#900,7.4,0.10000000000000002);
#902=IFCCARTESIANPOINT((1.6,0.1,2.83));
#903=IFCAXIS2PLACEMENT3D(#902,$,$);
#904=IFCDIRECTION((0.,0.,1.));
#905=IFCEXTRUDEDAREASOLID(#901,#903,#904,0.06999999999999984);
#906=IFCSHAPEREPRESENTATION(#11,'Body','SweptSolid',(#905,#921,#929,#937,#945,#953,#961));
#907=IFCPRODUCTDEFINITIONSHAPE($,$,(#906));
#908=IFCCOLOURRGB($,0.1,0.1,0.11);
#909=IFCSURFACESTYLERENDERING(#908,0.,$,$,$,$,$,$,.NOTDEFINED.);
#910=IFCSURFACESTYLE('rgba 0.1 0.1 0.11 1',.BOTH.,(#909));
#911=IFCSTYLEDITEM(#905,(#910),$);
#912=IFCCOLOURRGB($,0.1,0.1,0.11);
#913=IFCSURFACESTYLERENDERING(#912,0.,$,$,$,$,$,$,.NOTDEFINED.);
#914=IFCSURFACESTYLE('colour 0.1 0.1 0.11',.BOTH.,(#913));
#915=IFCCARTESIANPOINT((3.7,0.05000000000000001));
#916=IFCAXIS2PLACEMENT2D(#915,$);
#917=IFCRECTANGLEPROFILEDEF(.AREA.,$,#916,7.4,0.10000000000000002);
#918=IFCCARTESIANPOINT((1.6,0.1,0.));
#919=IFCAXIS2PLACEMENT3D(#918,$,$);
#920=IFCDIRECTION((0.,0.,1.));
#921=IFCEXTRUDEDAREASOLID(#917,#919,#920,0.04);
#922=IFCSTYLEDITEM(#921,(#914),$);
#923=IFCCARTESIANPOINT((0.03499999999999992,0.05000000000000001));
#924=IFCAXIS2PLACEMENT2D(#923,$);
#925=IFCRECTANGLEPROFILEDEF(.AREA.,$,#924,0.06999999999999984,0.10000000000000002);
#926=IFCCARTESIANPOINT((1.5650000000000002,0.1,0.04));
#927=IFCAXIS2PLACEMENT3D(#926,$,$);
#928=IFCDIRECTION((0.,0.,1.));
#929=IFCEXTRUDEDAREASOLID(#925,#927,#928,2.79);
#930=IFCSTYLEDITEM(#929,(#914),$);
#931=IFCCARTESIANPOINT((0.03500000000000014,0.05000000000000001));
#932=IFCAXIS2PLACEMENT2D(#931,$);
#933=IFCRECTANGLEPROFILEDEF(.AREA.,$,#932,0.07000000000000028,0.10000000000000002);
#934=IFCCARTESIANPOINT((3.415,0.1,0.04));
#935=IFCAXIS2PLACEMENT3D(#934,$,$);
#936=IFCDIRECTION((0.,0.,1.));
#937=IFCEXTRUDEDAREASOLID(#933,#935,#936,2.79);
#938=IFCSTYLEDITEM(#937,(#914),$);
#939=IFCCARTESIANPOINT((0.03500000000000014,0.05000000000000001));
#940=IFCAXIS2PLACEMENT2D(#939,$);
#941=IFCRECTANGLEPROFILEDEF(.AREA.,$,#940,0.07000000000000028,0.10000000000000002);
#942=IFCCARTESIANPOINT((5.265000000000001,0.1,0.04));
#943=IFCAXIS2PLACEMENT3D(#942,$,$);
#944=IFCDIRECTION((0.,0.,1.));
#945=IFCEXTRUDEDAREASOLID(#941,#943,#944,2.79);
#946=IFCSTYLEDITEM(#945,(#914),$);
#947=IFCCARTESIANPOINT((0.03500000000000014,0.05000000000000001));
#948=IFCAXIS2PLACEMENT2D(#947,$);
#949=IFCRECTANGLEPROFILEDEF(.AREA.,$,#948,0.07000000000000028,0.10000000000000002);
#950=IFCCARTESIANPOINT((7.115,0.1,0.04));
#951=IFCAXIS2PLACEMENT3D(#950,$,$);
#952=IFCDIRECTION((0.,0.,1.));
#953=IFCEXTRUDEDAREASOLID(#949,#951,#952,2.79);
#954=IFCSTYLEDITEM(#953,(#914),$);
#955=IFCCARTESIANPOINT((0.03500000000000014,0.05000000000000001));
#956=IFCAXIS2PLACEMENT2D(#955,$);
#957=IFCRECTANGLEPROFILEDEF(.AREA.,$,#956,0.07000000000000028,0.10000000000000002);
#958=IFCCARTESIANPOINT((8.965,0.1,0.04));
#959=IFCAXIS2PLACEMENT3D(#958,$,$);
#960=IFCDIRECTION((0.,0.,1.));
#961=IFCEXTRUDEDAREASOLID(#957,#959,#960,2.79);
#962=IFCSTYLEDITEM(#961,(#914),$);
#963=IFCDOOR('1BqX3csHu7PeUmHpt8C3ZG',$,'Living room sliding doors leaf 1',$,$,#966,#975,$,$,$,$,$,$);
#964=IFCCARTESIANPOINT((0.,0.,0.));
#965=IFCAXIS2PLACEMENT3D(#964,$,$);
#966=IFCLOCALPLACEMENT(#26,#965);
#967=IFCCARTESIANPOINT((0.89,0.01200000000000001));
#968=IFCAXIS2PLACEMENT2D(#967,$);
#969=IFCRECTANGLEPROFILEDEF(.AREA.,$,#968,1.78,0.02400000000000002);
#970=IFCCARTESIANPOINT((1.635,0.13799999999999998,0.04));
#971=IFCAXIS2PLACEMENT3D(#970,$,$);
#972=IFCDIRECTION((0.,0.,1.));
#973=IFCEXTRUDEDAREASOLID(#969,#971,#972,2.79);
#974=IFCSHAPEREPRESENTATION(#11,'Body','SweptSolid',(#973));
#975=IFCPRODUCTDEFINITIONSHAPE($,$,(#974));
#976=IFCCOLOURRGB($,0.62,0.78,0.85);
#977=IFCSURFACESTYLERENDERING(#976,0.7,$,$,$,$,$,$,.NOTDEFINED.);
#978=IFCSURFACESTYLE('rgba 0.62 0.78 0.85 0.3',.BOTH.,(#977));
#979=IFCSTYLEDITEM(#973,(#978),$);
#980=IFCDOOR('09sTGuZBCCXqHBf0MH7BJY',$,'Living room sliding doors leaf 2',$,$,#983,#992,$,$,$,$,$,$);
#981=IFCCARTESIANPOINT((0.,0.,0.));
#982=IFCAXIS2PLACEMENT3D(#981,$,$);
#983=IFCLOCALPLACEMENT(#26,#982);
#984=IFCCARTESIANPOINT((0.8900000000000001,0.01200000000000001));
#985=IFCAXIS2PLACEMENT2D(#984,$);
#986=IFCRECTANGLEPROFILEDEF(.AREA.,$,#985,1.7800000000000002,0.02400000000000002);
#987=IFCCARTESIANPOINT((3.4850000000000003,0.13799999999999998,0.04));
#988=IFCAXIS2PLACEMENT3D(#987,$,$);
#989=IFCDIRECTION((0.,0.,1.));
#990=IFCEXTRUDEDAREASOLID(#986,#988,#989,2.79);
#991=IFCSHAPEREPRESENTATION(#11,'Body','SweptSolid',(#990));
#992=IFCPRODUCTDEFINITIONSHAPE($,$,(#991));
#993=IFCSTYLEDITEM(#990,(#978),$);
#994=IFCDOOR('38Xb0$TZJ0Q9ELx6EPzcIp',$,'Living room sliding doors leaf 3',$,$,#997,#1006,$,$,$,$,$,$);
#995=IFCCARTESIANPOINT((0.,0.,0.));
#996=IFCAXIS2PLACEMENT3D(#995,$,$);
#997=IFCLOCALPLACEMENT(#26,#996);
#998=IFCCARTESIANPOINT((0.8899999999999997,0.01200000000000001));
#999=IFCAXIS2PLACEMENT2D(#998,$);
#1000=IFCRECTANGLEPROFILEDEF(.AREA.,$,#999,1.7799999999999994,0.02400000000000002);
#1001=IFCCARTESIANPOINT((5.335000000000001,0.13799999999999998,0.04));
#1002=IFCAXIS2PLACEMENT3D(#1001,$,$);
#1003=IFCDIRECTION((0.,0.,1.));
#1004=IFCEXTRUDEDAREASOLID(#1000,#1002,#1003,2.79);
#1005=IFCSHAPEREPRESENTATION(#11,'Body','SweptSolid',(#1004));
#1006=IFCPRODUCTDEFINITIONSHAPE($,$,(#1005));
#1007=IFCSTYLEDITEM(#1004,(#978),$);
#1008=IFCDOOR('3GQICUoeRZcDQ5N4f5JJuV',$,'Living room sliding doors leaf 4',$,$,#1011,#1020,$,$,$,$,$,$);
#1009=IFCCARTESIANPOINT((0.,0.,0.));
#1010=IFCAXIS2PLACEMENT3D(#1009,$,$);
#1011=IFCLOCALPLACEMENT(#26,#1010);
#1012=IFCCARTESIANPOINT((0.8899999999999997,0.01200000000000001));
#1013=IFCAXIS2PLACEMENT2D(#1012,$);
#1014=IFCRECTANGLEPROFILEDEF(.AREA.,$,#1013,1.7799999999999994,0.02400000000000002);
#1015=IFCCARTESIANPOINT((7.1850000000000005,0.13799999999999998,0.04));
#1016=IFCAXIS2PLACEMENT3D(#1015,$,$);
#1017=IFCDIRECTION((0.,0.,1.));
#1018=IFCEXTRUDEDAREASOLID(#1014,#1016,#1017,2.79);
#1019=IFCSHAPEREPRESENTATION(#11,'Body','SweptSolid',(#1018));
#1020=IFCPRODUCTDEFINITIONSHAPE($,$,(#1019));
#1021=IFCSTYLEDITEM(#1018,(#978),$);
#1022=IFCWALL('1176JXZg777AA0MrAtYbGu',$,'Front wall between the rooms',$,$,#1025,#1034,$,$);
#1023=IFCCARTESIANPOINT((9.,0.15,0.));
#1024=IFCAXIS2PLACEMENT3D(#1023,$,$);
#1025=IFCLOCALPLACEMENT(#26,#1024);
#1026=IFCCARTESIANPOINT((0.5,0.));
#1027=IFCAXIS2PLACEMENT2D(#1026,$);
#1028=IFCRECTANGLEPROFILEDEF(.AREA.,$,#1027,1.,0.3);
#1029=IFCCARTESIANPOINT((0.,0.,0.));
#1030=IFCAXIS2PLACEMENT3D(#1029,$,$);
#1031=IFCDIRECTION((0.,0.,1.));
#1032=IFCEXTRUDEDAREASOLID(#1028,#1030,#1031,2.9);
#1033=IFCSHAPEREPRESENTATION(#11,'Body','SweptSolid',(#1032));
#1034=IFCPRODUCTDEFINITIONSHAPE($,$,(#1033));
#1035=IFCSTYLEDITEM(#1032,(#189),$);
#1036=IFCPROPERTYSINGLEVALUE('IsExternal',$,IFCBOOLEAN(.T.),$);
#1037=IFCPROPERTYSET('316r9LFr1Ky3d0qrmCPYu1',$,'Pset_WallCommon',$,(#1036));
#1038=IFCRELDEFINESBYPROPERTIES('1FX90H5d8xyWObqvK$bRYO',$,$,$,(#1022),#1037);
#1039=IFCMEMBER('2UAgwoTfQ1juZFtqzqOI3l',$,'Garden room doors frame',$,$,#1042,#1051,$,.MULLION.);
#1040=IFCCARTESIANPOINT((0.,0.,0.));
#1041=IFCAXIS2PLACEMENT3D(#1040,$,$);
#1042=IFCLOCALPLACEMENT(#26,#1041);
#1043=IFCCARTESIANPOINT((1.2999999999999998,0.05000000000000001));
#1044=IFCAXIS2PLACEMENT2D(#1043,$);
#1045=IFCRECTANGLEPROFILEDEF(.AREA.,$,#1044,2.5999999999999996,0.10000000000000002);
#1046=IFCCARTESIANPOINT((10.,0.1,2.83));
#1047=IFCAXIS2PLACEMENT3D(#1046,$,$);
#1048=IFCDIRECTION((0.,0.,1.));
#1049=IFCEXTRUDEDAREASOLID(#1045,#1047,#1048,0.06999999999999984);
#1050=IFCSHAPEREPRESENTATION(#11,'Body','SweptSolid',(#1049,#1059,#1067,#1075,#1083));
#1051=IFCPRODUCTDEFINITIONSHAPE($,$,(#1050));
#1052=IFCSTYLEDITEM(#1049,(#910),$);
#1053=IFCCARTESIANPOINT((1.2999999999999998,0.05000000000000001));
#1054=IFCAXIS2PLACEMENT2D(#1053,$);
#1055=IFCRECTANGLEPROFILEDEF(.AREA.,$,#1054,2.5999999999999996,0.10000000000000002);
#1056=IFCCARTESIANPOINT((10.,0.1,0.));
#1057=IFCAXIS2PLACEMENT3D(#1056,$,$);
#1058=IFCDIRECTION((0.,0.,1.));
#1059=IFCEXTRUDEDAREASOLID(#1055,#1057,#1058,0.04);
#1060=IFCSTYLEDITEM(#1059,(#914),$);
#1061=IFCCARTESIANPOINT((0.03500000000000014,0.05000000000000001));
#1062=IFCAXIS2PLACEMENT2D(#1061,$);
#1063=IFCRECTANGLEPROFILEDEF(.AREA.,$,#1062,0.07000000000000028,0.10000000000000002);
#1064=IFCCARTESIANPOINT((9.965,0.1,0.04));
#1065=IFCAXIS2PLACEMENT3D(#1064,$,$);
#1066=IFCDIRECTION((0.,0.,1.));
#1067=IFCEXTRUDEDAREASOLID(#1063,#1065,#1066,2.79);
#1068=IFCSTYLEDITEM(#1067,(#914),$);
#1069=IFCCARTESIANPOINT((0.034999999999999254,0.05000000000000001));
#1070=IFCAXIS2PLACEMENT2D(#1069,$);
#1071=IFCRECTANGLEPROFILEDEF(.AREA.,$,#1070,0.06999999999999851,0.10000000000000002);
#1072=IFCCARTESIANPOINT((11.265,0.1,0.04));
#1073=IFCAXIS2PLACEMENT3D(#1072,$,$);
#1074=IFCDIRECTION((0.,0.,1.));
#1075=IFCEXTRUDEDAREASOLID(#1071,#1073,#1074,2.79);
#1076=IFCSTYLEDITEM(#1075,(#914),$);
#1077=IFCCARTESIANPOINT((0.03500000000000014,0.05000000000000001));
#1078=IFCAXIS2PLACEMENT2D(#1077,$);
#1079=IFCRECTANGLEPROFILEDEF(.AREA.,$,#1078,0.07000000000000028,0.10000000000000002);
#1080=IFCCARTESIANPOINT((12.565,0.1,0.04));
#1081=IFCAXIS2PLACEMENT3D(#1080,$,$);
#1082=IFCDIRECTION((0.,0.,1.));
#1083=IFCEXTRUDEDAREASOLID(#1079,#1081,#1082,2.79);
#1084=IFCSTYLEDITEM(#1083,(#914),$);
#1085=IFCDOOR('0lnuYYyLiXBNkA5srosJrq',$,'Garden room doors leaf 1',$,$,#1088,#1097,$,$,$,$,$,$);
#1086=IFCCARTESIANPOINT((0.,0.,0.));
#1087=IFCAXIS2PLACEMENT3D(#1086,$,$);
#1088=IFCLOCALPLACEMENT(#26,#1087);
#1089=IFCCARTESIANPOINT((0.6150000000000002,0.01200000000000001));
#1090=IFCAXIS2PLACEMENT2D(#1089,$);
#1091=IFCRECTANGLEPROFILEDEF(.AREA.,$,#1090,1.2300000000000004,0.02400000000000002);
#1092=IFCCARTESIANPOINT((10.035,0.13799999999999998,0.04));
#1093=IFCAXIS2PLACEMENT3D(#1092,$,$);
#1094=IFCDIRECTION((0.,0.,1.));
#1095=IFCEXTRUDEDAREASOLID(#1091,#1093,#1094,2.79);
#1096=IFCSHAPEREPRESENTATION(#11,'Body','SweptSolid',(#1095));
#1097=IFCPRODUCTDEFINITIONSHAPE($,$,(#1096));
#1098=IFCSTYLEDITEM(#1095,(#978),$);
#1099=IFCDOOR('1dS32ANHnHS1JVeS4Ml3dw',$,'Garden room doors leaf 2',$,$,#1102,#1111,$,$,$,$,$,$);
#1100=IFCCARTESIANPOINT((0.,0.,0.));
#1101=IFCAXIS2PLACEMENT3D(#1100,$,$);
#1102=IFCLOCALPLACEMENT(#26,#1101);
#1103=IFCCARTESIANPOINT((0.6150000000000002,0.01200000000000001));
#1104=IFCAXIS2PLACEMENT2D(#1103,$);
#1105=IFCRECTANGLEPROFILEDEF(.AREA.,$,#1104,1.2300000000000004,0.02400000000000002);
#1106=IFCCARTESIANPOINT((11.335,0.13799999999999998,0.04));
#1107=IFCAXIS2PLACEMENT3D(#1106,$,$);
#1108=IFCDIRECTION((0.,0.,1.));
#1109=IFCEXTRUDEDAREASOLID(#1105,#1107,#1108,2.79);
#1110=IFCSHAPEREPRESENTATION(#11,'Body','SweptSolid',(#1109));
#1111=IFCPRODUCTDEFINITIONSHAPE($,$,(#1110));
#1112=IFCSTYLEDITEM(#1109,(#978),$);
#1113=IFCWALL('26G_yQC4gakPEBJXMdRKrM',$,'Front wall, wing joint',$,$,#1116,#1125,$,$);
#1114=IFCCARTESIANPOINT((12.6,0.15,0.));
#1115=IFCAXIS2PLACEMENT3D(#1114,$,$);
#1116=IFCLOCALPLACEMENT(#26,#1115);
#1117=IFCCARTESIANPOINT((0.40000000000000036,0.));
#1118=IFCAXIS2PLACEMENT2D(#1117,$);
#1119=IFCRECTANGLEPROFILEDEF(.AREA.,$,#1118,0.8000000000000007,0.3);
#1120=IFCCARTESIANPOINT((0.,0.,0.));
#1121=IFCAXIS2PLACEMENT3D(#1120,$,$);
#1122=IFCDIRECTION((0.,0.,1.));
#1123=IFCEXTRUDEDAREASOLID(#1119,#1121,#1122,2.9);
#1124=IFCSHAPEREPRESENTATION(#11,'Body','SweptSolid',(#1123));
#1125=IFCPRODUCTDEFINITIONSHAPE($,$,(#1124));
#1126=IFCSTYLEDITEM(#1123,(#189),$);
#1127=IFCPROPERTYSINGLEVALUE('IsExternal',$,IFCBOOLEAN(.T.),$);
#1128=IFCPROPERTYSET('3PS5p2SFdf5iEcB6y63rbc',$,'Pset_WallCommon',$,(#1127));
#1129=IFCRELDEFINESBYPROPERTIES('3DcDEEoKPzS5sI32zM_rit',$,$,$,(#1113),#1128);
#1130=IFCMEMBER('0imjqVYuU3tWFmiicYkryW',$,'Wing lounge doors frame',$,$,#1133,#1142,$,.MULLION.);
#1131=IFCCARTESIANPOINT((0.,0.,0.));
#1132=IFCAXIS2PLACEMENT3D(#1131,$,$);
#1133=IFCLOCALPLACEMENT(#26,#1132);
#1134=IFCCARTESIANPOINT((1.3999999999999995,0.05000000000000001));
#1135=IFCAXIS2PLACEMENT2D(#1134,$);
#1136=IFCRECTANGLEPROFILEDEF(.AREA.,$,#1135,2.799999999999999,0.10000000000000002);
#1137=IFCCARTESIANPOINT((13.4,0.1,2.83));
#1138=IFCAXIS2PLACEMENT3D(#1137,$,$);
#1139=IFCDIRECTION((0.,0.,1.));
#1140=IFCEXTRUDEDAREASOLID(#1136,#1138,#1139,0.06999999999999984);
#1141=IFCSHAPEREPRESENTATION(#11,'Body','SweptSolid',(#1140,#1150,#1158,#1166,#1174));
#1142=IFCPRODUCTDEFINITIONSHAPE($,$,(#1141));
#1143=IFCSTYLEDITEM(#1140,(#910),$);
#1144=IFCCARTESIANPOINT((1.3999999999999995,0.05000000000000001));
#1145=IFCAXIS2PLACEMENT2D(#1144,$);
#1146=IFCRECTANGLEPROFILEDEF(.AREA.,$,#1145,2.799999999999999,0.10000000000000002);
#1147=IFCCARTESIANPOINT((13.4,0.1,0.));
#1148=IFCAXIS2PLACEMENT3D(#1147,$,$);
#1149=IFCDIRECTION((0.,0.,1.));
#1150=IFCEXTRUDEDAREASOLID(#1146,#1148,#1149,0.04);
#1151=IFCSTYLEDITEM(#1150,(#914),$);
#1152=IFCCARTESIANPOINT((0.03500000000000014,0.05000000000000001));
#1153=IFCAXIS2PLACEMENT2D(#1152,$);
#1154=IFCRECTANGLEPROFILEDEF(.AREA.,$,#1153,0.07000000000000028,0.10000000000000002);
#1155=IFCCARTESIANPOINT((13.365,0.1,0.04));
#1156=IFCAXIS2PLACEMENT3D(#1155,$,$);
#1157=IFCDIRECTION((0.,0.,1.));
#1158=IFCEXTRUDEDAREASOLID(#1154,#1156,#1157,2.79);
#1159=IFCSTYLEDITEM(#1158,(#914),$);
#1160=IFCCARTESIANPOINT((0.034999999999999254,0.05000000000000001));
#1161=IFCAXIS2PLACEMENT2D(#1160,$);
#1162=IFCRECTANGLEPROFILEDEF(.AREA.,$,#1161,0.06999999999999851,0.10000000000000002);
#1163=IFCCARTESIANPOINT((14.765,0.1,0.04));
#1164=IFCAXIS2PLACEMENT3D(#1163,$,$);
#1165=IFCDIRECTION((0.,0.,1.));
#1166=IFCEXTRUDEDAREASOLID(#1162,#1164,#1165,2.79);
#1167=IFCSTYLEDITEM(#1166,(#914),$);
#1168=IFCCARTESIANPOINT((0.03500000000000014,0.05000000000000001));
#1169=IFCAXIS2PLACEMENT2D(#1168,$);
#1170=IFCRECTANGLEPROFILEDEF(.AREA.,$,#1169,0.07000000000000028,0.10000000000000002);
#1171=IFCCARTESIANPOINT((16.165,0.1,0.04));
#1172=IFCAXIS2PLACEMENT3D(#1171,$,$);
#1173=IFCDIRECTION((0.,0.,1.));
#1174=IFCEXTRUDEDAREASOLID(#1170,#1172,#1173,2.79);
#1175=IFCSTYLEDITEM(#1174,(#914),$);
#1176=IFCDOOR('2wIJWrPekG8ZBA1LfiGQHA',$,'Wing lounge doors leaf 1',$,$,#1179,#1188,$,$,$,$,$,$);
#1177=IFCCARTESIANPOINT((0.,0.,0.));
#1178=IFCAXIS2PLACEMENT3D(#1177,$,$);
#1179=IFCLOCALPLACEMENT(#26,#1178);
#1180=IFCCARTESIANPOINT((0.665,0.01200000000000001));
#1181=IFCAXIS2PLACEMENT2D(#1180,$);
#1182=IFCRECTANGLEPROFILEDEF(.AREA.,$,#1181,1.33,0.02400000000000002);
#1183=IFCCARTESIANPOINT((13.435,0.13799999999999998,0.04));
#1184=IFCAXIS2PLACEMENT3D(#1183,$,$);
#1185=IFCDIRECTION((0.,0.,1.));
#1186=IFCEXTRUDEDAREASOLID(#1182,#1184,#1185,2.79);
#1187=IFCSHAPEREPRESENTATION(#11,'Body','SweptSolid',(#1186));
#1188=IFCPRODUCTDEFINITIONSHAPE($,$,(#1187));
#1189=IFCSTYLEDITEM(#1186,(#978),$);
#1190=IFCDOOR('29oTDQuvDKekCMQLsalli0',$,'Wing lounge doors leaf 2',$,$,#1193,#1202,$,$,$,$,$,$);
#1191=IFCCARTESIANPOINT((0.,0.,0.));
#1192=IFCAXIS2PLACEMENT3D(#1191,$,$);
#1193=IFCLOCALPLACEMENT(#26,#1192);
#1194=IFCCARTESIANPOINT((0.665,0.01200000000000001));
#1195=IFCAXIS2PLACEMENT2D(#1194,$);
#1196=IFCRECTANGLEPROFILEDEF(.AREA.,$,#1195,1.33,0.02400000000000002);
#1197=IFCCARTESIANPOINT((14.835,0.13799999999999998,0.04));
#1198=IFCAXIS2PLACEMENT3D(#1197,$,$);
#1199=IFCDIRECTION((0.,0.,1.));
#1200=IFCEXTRUDEDAREASOLID(#1196,#1198,#1199,2.79);
#1201=IFCSHAPEREPRESENTATION(#11,'Body','SweptSolid',(#1200));
#1202=IFCPRODUCTDEFINITIONSHAPE($,$,(#1201));
#1203=IFCSTYLEDITEM(#1200,(#978),$);
#1204=IFCCOLUMN('2SeI1hLa2uEUAY6w5zrfKq',$,'Stone pier, wing',$,$,#1207,#1216,$,$);
#1205=IFCCARTESIANPOINT((0.,0.,0.));
#1206=IFCAXIS2PLACEMENT3D(#1205,$,$);
#1207=IFCLOCALPLACEMENT(#26,#1206);
#1208=IFCCARTESIANPOINT((0.40000000000000036,0.375));
#1209=IFCAXIS2PLACEMENT2D(#1208,$);
#1210=IFCRECTANGLEPROFILEDEF(.AREA.,$,#1209,0.8000000000000007,0.75);
#1211=IFCCARTESIANPOINT((16.2,-0.3,0.));
#1212=IFCAXIS2PLACEMENT3D(#1211,$,$);
#1213=IFCDIRECTION((0.,0.,1.));
#1214=IFCEXTRUDEDAREASOLID(#1210,#1212,#1213,3.3);
#1215=IFCSHAPEREPRESENTATION(#11,'Body','SweptSolid',(#1214));
#1216=IFCPRODUCTDEFINITIONSHAPE($,$,(#1215));
#1217=IFCSTYLEDITEM(#1214,(#282),$);
#1218=IFCWALL('0hThpJ2ERRAOgecXuKEvn$',$,'Guest bedroom front wall west',$,$,#1221,#1230,$,$);
#1219=IFCCARTESIANPOINT((17.,-0.85,0.));
#1220=IFCAXIS2PLACEMENT3D(#1219,$,$);
#1221=IFCLOCALPLACEMENT(#26,#1220);
#1222=IFCCARTESIANPOINT((0.5999999999999996,0.));
#1223=IFCAXIS2PLACEMENT2D(#1222,$);
#1224=IFCRECTANGLEPROFILEDEF(.AREA.,$,#1223,1.1999999999999993,0.3);
#1225=IFCCARTESIANPOINT((0.,0.,0.));
#1226=IFCAXIS2PLACEMENT3D(#1225,$,$);
#1227=IFCDIRECTION((0.,0.,1.));
#1228=IFCEXTRUDEDAREASOLID(#1224,#1226,#1227,3.6);
#1229=IFCSHAPEREPRESENTATION(#11,'Body','SweptSolid',(#1228));
#1230=IFCPRODUCTDEFINITIONSHAPE($,$,(#1229));
#1231=IFCCOLOURRGB($,0.27,0.28,0.3);
#1232=IFCSURFACESTYLERENDERING(#1231,0.,$,$,$,$,$,$,.NOTDEFINED.);
#1233=IFCSURFACESTYLE('rgba 0.27 0.28 0.3 1',.BOTH.,(#1232));
#1234=IFCSTYLEDITEM(#1228,(#1233),$);
#1235=IFCPROPERTYSINGLEVALUE('IsExternal',$,IFCBOOLEAN(.T.),$);
#1236=IFCPROPERTYSET('3kXyD8x1_a0Gc6K2s$eQFn',$,'Pset_WallCommon',$,(#1235));
#1237=IFCRELDEFINESBYPROPERTIES('0rAJzkX7IsZnZsCNyZccWD',$,$,$,(#1218),#1236);
#1238=IFCWALL('1WxL08rixTkZ$pQVIeA7_b',$,'Guest bedroom front wall east',$,$,#1241,#1250,$,$);
#1239=IFCCARTESIANPOINT((20.,-0.85,0.));
#1240=IFCAXIS2PLACEMENT3D(#1239,$,$);
#1241=IFCLOCALPLACEMENT(#26,#1240);
#1242=IFCCARTESIANPOINT((0.5,0.));
#1243=IFCAXIS2PLACEMENT2D(#1242,$);
#1244=IFCRECTANGLEPROFILEDEF(.AREA.,$,#1243,1.,0.3);
#1245=IFCCARTESIANPOINT((0.,0.,0.));
#1246=IFCAXIS2PLACEMENT3D(#1245,$,$);
#1247=IFCDIRECTION((0.,0.,1.));
#1248=IFCEXTRUDEDAREASOLID(#1244,#1246,#1247,3.6);
#1249=IFCSHAPEREPRESENTATION(#11,'Body','SweptSolid',(#1248));
#1250=IFCPRODUCTDEFINITIONSHAPE($,$,(#1249));
#1251=IFCSTYLEDITEM(#1248,(#1233),$);
#1252=IFCPROPERTYSINGLEVALUE('IsExternal',$,IFCBOOLEAN(.T.),$);
#1253=IFCPROPERTYSET('2aVHT3OIeVwbfK9m6OMijh',$,'Pset_WallCommon',$,(#1252));
#1254=IFCRELDEFINESBYPROPERTIES('1o2bH5V4O4UCRkx8NGNKwI',$,$,$,(#1238),#1253);
#1255=IFCCOVERING('293_8guOAcE6NpFAvHxN4B',$,'Guest bedroom lintel cladding',$,$,#1258,#1267,$,.CLADDING.);
#1256=IFCCARTESIANPOINT((0.,0.,0.));
#1257=IFCAXIS2PLACEMENT3D(#1256,$,$);
#1258=IFCLOCALPLACEMENT(#26,#1257);
#1259=IFCCARTESIANPOINT((0.9000000000000004,0.15000000000000002));
#1260=IFCAXIS2PLACEMENT2D(#1259,$);
#1261=IFCRECTANGLEPROFILEDEF(.AREA.,$,#1260,1.8000000000000007,0.30000000000000004);
#1262=IFCCARTESIANPOINT((18.2,-1.,2.9));
#1263=IFCAXIS2PLACEMENT3D(#1262,$,$);
#1264=IFCDIRECTION((0.,0.,1.));
#1265=IFCEXTRUDEDAREASOLID(#1261,#1263,#1264,0.7000000000000002);
#1266=IFCSHAPEREPRESENTATION(#11,'Body','SweptSolid',(#1265));
#1267=IFCPRODUCTDEFINITIONSHAPE($,$,(#1266));
#1268=IFCSTYLEDITEM(#1265,(#1233),$);
#1269=IFCMEMBER('1uorqFKFN_N31N$$YM9pbN',$,'Guest bedroom doors frame',$,$,#1272,#1281,$,.MULLION.);
#1270=IFCCARTESIANPOINT((0.,0.,0.));
#1271=IFCAXIS2PLACEMENT3D(#1270,$,$);
#1272=IFCLOCALPLACEMENT(#26,#1271);
#1273=IFCCARTESIANPOINT((0.9000000000000004,0.05000000000000004));
#1274=IFCAXIS2PLACEMENT2D(#1273,$);
#1275=IFCRECTANGLEPROFILEDEF(.AREA.,$,#1274,1.8000000000000007,0.10000000000000007);
#1276=IFCCARTESIANPOINT((18.2,-0.9,2.83));
#1277=IFCAXIS2PLACEMENT3D(#1276,$,$);
#1278=IFCDIRECTION((0.,0.,1.));
#1279=IFCEXTRUDEDAREASOLID(#1275,#1277,#1278,0.06999999999999984);
#1280=IFCSHAPEREPRESENTATION(#11,'Body','SweptSolid',(#1279,#1289,#1297,#1305,#1313));
#1281=IFCPRODUCTDEFINITIONSHAPE($,$,(#1280));
#1282=IFCSTYLEDITEM(#1279,(#910),$);
#1283=IFCCARTESIANPOINT((0.9000000000000004,0.05000000000000004));
#1284=IFCAXIS2PLACEMENT2D(#1283,$);
#1285=IFCRECTANGLEPROFILEDEF(.AREA.,$,#1284,1.8000000000000007,0.10000000000000007);
#1286=IFCCARTESIANPOINT((18.2,-0.9,0.));
#1287=IFCAXIS2PLACEMENT3D(#1286,$,$);
#1288=IFCDIRECTION((0.,0.,1.));
#1289=IFCEXTRUDEDAREASOLID(#1285,#1287,#1288,0.04);
#1290=IFCSTYLEDITEM(#1289,(#914),$);
#1291=IFCCARTESIANPOINT((0.03500000000000014,0.05000000000000004));
#1292=IFCAXIS2PLACEMENT2D(#1291,$);
#1293=IFCRECTANGLEPROFILEDEF(.AREA.,$,#1292,0.07000000000000028,0.10000000000000007);
#1294=IFCCARTESIANPOINT((18.165,-0.9,0.04));
#1295=IFCAXIS2PLACEMENT3D(#1294,$,$);
#1296=IFCDIRECTION((0.,0.,1.));
#1297=IFCEXTRUDEDAREASOLID(#1293,#1295,#1296,2.79);
#1298=IFCSTYLEDITEM(#1297,(#914),$);
#1299=IFCCARTESIANPOINT((0.034999999999998366,0.05000000000000004));
#1300=IFCAXIS2PLACEMENT2D(#1299,$);
#1301=IFCRECTANGLEPROFILEDEF(.AREA.,$,#1300,0.06999999999999673,0.10000000000000007);
#1302=IFCCARTESIANPOINT((19.065,-0.9,0.04));
#1303=IFCAXIS2PLACEMENT3D(#1302,$,$);
#1304=IFCDIRECTION((0.,0.,1.));
#1305=IFCEXTRUDEDAREASOLID(#1301,#1303,#1304,2.79);
#1306=IFCSTYLEDITEM(#1305,(#914),$);
#1307=IFCCARTESIANPOINT((0.03500000000000014,0.05000000000000004));
#1308=IFCAXIS2PLACEMENT2D(#1307,$);
#1309=IFCRECTANGLEPROFILEDEF(.AREA.,$,#1308,0.07000000000000028,0.10000000000000007);
#1310=IFCCARTESIANPOINT((19.965,-0.9,0.04));
#1311=IFCAXIS2PLACEMENT3D(#1310,$,$);
#1312=IFCDIRECTION((0.,0.,1.));
#1313=IFCEXTRUDEDAREASOLID(#1309,#1311,#1312,2.79);
#1314=IFCSTYLEDITEM(#1313,(#914),$);
#1315=IFCDOOR('0Rer3jbsvR9_zRDdM3F0yR',$,'Guest bedroom doors leaf 1',$,$,#1318,#1327,$,$,$,$,$,$);
#1316=IFCCARTESIANPOINT((0.,0.,0.));
#1317=IFCAXIS2PLACEMENT3D(#1316,$,$);
#1318=IFCLOCALPLACEMENT(#26,#1317);
#1319=IFCCARTESIANPOINT((0.4150000000000009,0.01200000000000001));
#1320=IFCAXIS2PLACEMENT2D(#1319,$);
#1321=IFCRECTANGLEPROFILEDEF(.AREA.,$,#1320,0.8300000000000018,0.02400000000000002);
#1322=IFCCARTESIANPOINT((18.235,-0.862,0.04));
#1323=IFCAXIS2PLACEMENT3D(#1322,$,$);
#1324=IFCDIRECTION((0.,0.,1.));
#1325=IFCEXTRUDEDAREASOLID(#1321,#1323,#1324,2.79);
#1326=IFCSHAPEREPRESENTATION(#11,'Body','SweptSolid',(#1325));
#1327=IFCPRODUCTDEFINITIONSHAPE($,$,(#1326));
#1328=IFCSTYLEDITEM(#1325,(#978),$);
#1329=IFCDOOR('1pgPw9x4eytDRIw3s1XCvV',$,'Guest bedroom doors leaf 2',$,$,#1332,#1341,$,$,$,$,$,$);
#1330=IFCCARTESIANPOINT((0.,0.,0.));
#1331=IFCAXIS2PLACEMENT3D(#1330,$,$);
#1332=IFCLOCALPLACEMENT(#26,#1331);
#1333=IFCCARTESIANPOINT((0.4150000000000009,0.01200000000000001));
#1334=IFCAXIS2PLACEMENT2D(#1333,$);
#1335=IFCRECTANGLEPROFILEDEF(.AREA.,$,#1334,0.8300000000000018,0.02400000000000002);
#1336=IFCCARTESIANPOINT((19.135,-0.862,0.04));
#1337=IFCAXIS2PLACEMENT3D(#1336,$,$);
#1338=IFCDIRECTION((0.,0.,1.));
#1339=IFCEXTRUDEDAREASOLID(#1335,#1337,#1338,2.79);
#1340=IFCSHAPEREPRESENTATION(#11,'Body','SweptSolid',(#1339));
#1341=IFCPRODUCTDEFINITIONSHAPE($,$,(#1340));
#1342=IFCSTYLEDITEM(#1339,(#978),$);
#1343=IFCWALL('1KgJJofvUrODg0JGs48UDn',$,'Guest bedroom west cheek',$,$,#1347,#1356,$,$);
#1344=IFCCARTESIANPOINT((17.15,-1.,0.));
#1345=IFCDIRECTION((0.,1.,0.));
#1346=IFCAXIS2PLACEMENT3D(#1344,$,#1345);
#1347=IFCLOCALPLACEMENT(#26,#1346);
#1348=IFCCARTESIANPOINT((0.5,0.));
#1349=IFCAXIS2PLACEMENT2D(#1348,$);
#1350=IFCRECTANGLEPROFILEDEF(.AREA.,$,#1349,1.,0.3);
#1351=IFCCARTESIANPOINT((0.,0.,0.));
#1352=IFCAXIS2PLACEMENT3D(#1351,$,$);
#1353=IFCDIRECTION((0.,0.,1.));
#1354=IFCEXTRUDEDAREASOLID(#1350,#1352,#1353,3.6);
#1355=IFCSHAPEREPRESENTATION(#11,'Body','SweptSolid',(#1354));
#1356=IFCPRODUCTDEFINITIONSHAPE($,$,(#1355));
#1357=IFCSTYLEDITEM(#1354,(#1233),$);
#1358=IFCPROPERTYSINGLEVALUE('IsExternal',$,IFCBOOLEAN(.T.),$);
#1359=IFCPROPERTYSET('1lvc$lm3AnB_M796kG$smH',$,'Pset_WallCommon',$,(#1358));
#1360=IFCRELDEFINESBYPROPERTIES('3XRvK3KbrmrDTD6GadpEFx',$,$,$,(#1343),#1359);
#1361=IFCWALL('2jWJvQVPVIml94bv4COG8X',$,'East wall',$,$,#1365,#1374,$,$);
#1362=IFCCARTESIANPOINT((20.85,-1.,0.));
#1363=IFCDIRECTION((0.,1.,0.));
#1364=IFCAXIS2PLACEMENT3D(#1362,$,#1363);
#1365=IFCLOCALPLACEMENT(#26,#1364);
#1366=IFCCARTESIANPOINT((5.,0.));
#1367=IFCAXIS2PLACEMENT2D(#1366,$);
#1368=IFCRECTANGLEPROFILEDEF(.AREA.,$,#1367,10.,0.3);
#1369=IFCCARTESIANPOINT((0.,0.,0.));
#1370=IFCAXIS2PLACEMENT3D(#1369,$,$);
#1371=IFCDIRECTION((0.,0.,1.));
#1372=IFCEXTRUDEDAREASOLID(#1368,#1370,#1371,3.6);
#1373=IFCSHAPEREPRESENTATION(#11,'Body','SweptSolid',(#1372));
#1374=IFCPRODUCTDEFINITIONSHAPE($,$,(#1373));
#1375=IFCSTYLEDITEM(#1372,(#189),$);
#1376=IFCPROPERTYSINGLEVALUE('IsExternal',$,IFCBOOLEAN(.T.),$);
#1377=IFCPROPERTYSET('0SSA6iY4DXJsrswHU7OJ2m',$,'Pset_WallCommon',$,(#1376));
#1378=IFCRELDEFINESBYPROPERTIES('3wrBb04lTwRjFmjMvCqM1v',$,$,$,(#1361),#1377);
#1379=IFCOPENINGELEMENT('0nPdceCjfhyO0W7F2CxsPb',$,'Opening',$,$,#1382,#1391,$,$);
#1380=IFCCARTESIANPOINT((5.5,0.,0.9));
#1381=IFCAXIS2PLACEMENT3D(#1380,$,$);
#1382=IFCLOCALPLACEMENT(#1365,#1381);
#1383=IFCCARTESIANPOINT((0.8,0.));
#1384=IFCAXIS2PLACEMENT2D(#1383,$);
#1385=IFCRECTANGLEPROFILEDEF(.AREA.,$,#1384,1.6,0.4);
#1386=IFCCARTESIANPOINT((0.,0.,0.));
#1387=IFCAXIS2PLACEMENT3D(#1386,$,$);
#1388=IFCDIRECTION((0.,0.,1.));
#1389=IFCEXTRUDEDAREASOLID(#1385,#1387,#1388,1.4);
#1390=IFCSHAPEREPRESENTATION(#11,'Body','SweptSolid',(#1389));
#1391=IFCPRODUCTDEFINITIONSHAPE($,$,(#1390));
#1392=IFCRELVOIDSELEMENT('2dXe05_ZDenzxh4mZ0KSU5',$,$,$,#1361,#1379);
#1393=IFCWINDOW('1ImzjRkn1GLVybPMKZc2_C',$,'Guest bathroom window',$,$,#1396,#1405,$,1.4,1.6,$,$,$);
#1394=IFCCARTESIANPOINT((0.,0.,0.));
#1395=IFCAXIS2PLACEMENT3D(#1394,$,$);
#1396=IFCLOCALPLACEMENT(#1382,#1395);
#1397=IFCCARTESIANPOINT((0.8,0.));
#1398=IFCAXIS2PLACEMENT2D(#1397,$);
#1399=IFCRECTANGLEPROFILEDEF(.AREA.,$,#1398,1.6,0.05);
#1400=IFCCARTESIANPOINT((0.,0.,0.));
#1401=IFCAXIS2PLACEMENT3D(#1400,$,$);
#1402=IFCDIRECTION((0.,0.,1.));
#1403=IFCEXTRUDEDAREASOLID(#1399,#1401,#1402,1.4);
#1404=IFCSHAPEREPRESENTATION(#11,'Body','SweptSolid',(#1403));
#1405=IFCPRODUCTDEFINITIONSHAPE($,$,(#1404));
#1406=IFCSTYLEDITEM(#1403,(#978),$);
#1407=IFCRELFILLSELEMENT('00eAYjqE4dEr9KjZC3r$CV',$,$,$,#1379,#1393);
#1408=IFCWALL('30GxZm8PExmRw6co6Gpg$C',$,'North wall',$,$,#1412,#1421,$,$);
#1409=IFCCARTESIANPOINT((21.,8.85,0.));
#1410=IFCDIRECTION((-1.,0.,0.));
#1411=IFCAXIS2PLACEMENT3D(#1409,$,#1410);
#1412=IFCLOCALPLACEMENT(#26,#1411);
#1413=IFCCARTESIANPOINT((10.5,0.));
#1414=IFCAXIS2PLACEMENT2D(#1413,$);
#1415=IFCRECTANGLEPROFILEDEF(.AREA.,$,#1414,21.,0.3);
#1416=IFCCARTESIANPOINT((0.,0.,0.));
#1417=IFCAXIS2PLACEMENT3D(#1416,$,$);
#1418=IFCDIRECTION((0.,0.,1.));
#1419=IFCEXTRUDEDAREASOLID(#1415,#1417,#1418,2.9);
#1420=IFCSHAPEREPRESENTATION(#11,'Body','SweptSolid',(#1419));
#1421=IFCPRODUCTDEFINITIONSHAPE($,$,(#1420));
#1422=IFCSTYLEDITEM(#1419,(#189),$);
#1423=IFCPROPERTYSINGLEVALUE('IsExternal',$,IFCBOOLEAN(.T.),$);
#1424=IFCPROPERTYSET('0$atS_wu2oQAXpLet4YK_7',$,'Pset_WallCommon',$,(#1423));
#1425=IFCRELDEFINESBYPROPERTIES('3fij1MNoY4AAs092WeElzH',$,$,$,(#1408),#1424);
#1426=IFCOPENINGELEMENT('3G4RmGwV8aXzEwEyHpAc0b',$,'Opening',$,$,#1429,#1438,$,$);
#1427=IFCCARTESIANPOINT((2.,0.,1.));
#1428=IFCAXIS2PLACEMENT3D(#1427,$,$);
#1429=IFCLOCALPLACEMENT(#1412,#1428);
#1430=IFCCARTESIANPOINT((0.9,0.));
#1431=IFCAXIS2PLACEMENT2D(#1430,$);
#1432=IFCRECTANGLEPROFILEDEF(.AREA.,$,#1431,1.8,0.4);
#1433=IFCCARTESIANPOINT((0.,0.,0.));
#1434=IFCAXIS2PLACEMENT3D(#1433,$,$);
#1435=IFCDIRECTION((0.,0.,1.));
#1436=IFCEXTRUDEDAREASOLID(#1432,#1434,#1435,1.3);
#1437=IFCSHAPEREPRESENTATION(#11,'Body','SweptSolid',(#1436));
#1438=IFCPRODUCTDEFINITIONSHAPE($,$,(#1437));
#1439=IFCRELVOIDSELEMENT('2PkFzmtxoqIutONJDvlKPs',$,$,$,#1408,#1426);
#1440=IFCWINDOW('08CYGS4cZnVXtTruLxNtug',$,'North window 1',$,$,#1443,#1452,$,1.3,1.8,$,$,$);
#1441=IFCCARTESIANPOINT((0.,0.,0.));
#1442=IFCAXIS2PLACEMENT3D(#1441,$,$);
#1443=IFCLOCALPLACEMENT(#1429,#1442);
#1444=IFCCARTESIANPOINT((0.9,0.));
#1445=IFCAXIS2PLACEMENT2D(#1444,$);
#1446=IFCRECTANGLEPROFILEDEF(.AREA.,$,#1445,1.8,0.05);
#1447=IFCCARTESIANPOINT((0.,0.,0.));
#1448=IFCAXIS2PLACEMENT3D(#1447,$,$);
#1449=IFCDIRECTION((0.,0.,1.));
#1450=IFCEXTRUDEDAREASOLID(#1446,#1448,#1449,1.3);
#1451=IFCSHAPEREPRESENTATION(#11,'Body','SweptSolid',(#1450));
#1452=IFCPRODUCTDEFINITIONSHAPE($,$,(#1451));
#1453=IFCSTYLEDITEM(#1450,(#978),$);
#1454=IFCRELFILLSELEMENT('2pAltip1lyOg_CA4Bj7QiX',$,$,$,#1426,#1440);
#1455=IFCOPENINGELEMENT('0tAMOkROC5oXaEHiIhP3oM',$,'Opening',$,$,#1458,#1467,$,$);
#1456=IFCCARTESIANPOINT((6.5,0.,1.));
#1457=IFCAXIS2PLACEMENT3D(#1456,$,$);
#1458=IFCLOCALPLACEMENT(#1412,#1457);
#1459=IFCCARTESIANPOINT((0.9,0.));
#1460=IFCAXIS2PLACEMENT2D(#1459,$);
#1461=IFCRECTANGLEPROFILEDEF(.AREA.,$,#1460,1.8,0.4);
#1462=IFCCARTESIANPOINT((0.,0.,0.));
#1463=IFCAXIS2PLACEMENT3D(#1462,$,$);
#1464=IFCDIRECTION((0.,0.,1.));
#1465=IFCEXTRUDEDAREASOLID(#1461,#1463,#1464,1.3);
#1466=IFCSHAPEREPRESENTATION(#11,'Body','SweptSolid',(#1465));
#1467=IFCPRODUCTDEFINITIONSHAPE($,$,(#1466));
#1468=IFCRELVOIDSELEMENT('0NVYawn6e_naAXu4VXyA7T',$,$,$,#1408,#1455);
#1469=IFCWINDOW('2T$IuN_hzibu7agssjSPle',$,'North window 2',$,$,#1472,#1481,$,1.3,1.8,$,$,$);
#1470=IFCCARTESIANPOINT((0.,0.,0.));
#1471=IFCAXIS2PLACEMENT3D(#1470,$,$);
#1472=IFCLOCALPLACEMENT(#1458,#1471);
#1473=IFCCARTESIANPOINT((0.9,0.));
#1474=IFCAXIS2PLACEMENT2D(#1473,$);
#1475=IFCRECTANGLEPROFILEDEF(.AREA.,$,#1474,1.8,0.05);
#1476=IFCCARTESIANPOINT((0.,0.,0.));
#1477=IFCAXIS2PLACEMENT3D(#1476,$,$);
#1478=IFCDIRECTION((0.,0.,1.));
#1479=IFCEXTRUDEDAREASOLID(#1475,#1477,#1478,1.3);
#1480=IFCSHAPEREPRESENTATION(#11,'Body','SweptSolid',(#1479));
#1481=IFCPRODUCTDEFINITIONSHAPE($,$,(#1480));
#1482=IFCSTYLEDITEM(#1479,(#978),$);
#1483=IFCRELFILLSELEMENT('04T4V3HcccWmxcgdCIbNki',$,$,$,#1455,#1469);
#1484=IFCOPENINGELEMENT('2hJdnLLEu0e9ketdiO2Bzx',$,'Opening',$,$,#1487,#1496,$,$);
#1485=IFCCARTESIANPOINT((11.,0.,1.));
#1486=IFCAXIS2PLACEMENT3D(#1485,$,$);
#1487=IFCLOCALPLACEMENT(#1412,#1486);
#1488=IFCCARTESIANPOINT((0.9,0.));
#1489=IFCAXIS2PLACEMENT2D(#1488,$);
#1490=IFCRECTANGLEPROFILEDEF(.AREA.,$,#1489,1.8,0.4);
#1491=IFCCARTESIANPOINT((0.,0.,0.));
#1492=IFCAXIS2PLACEMENT3D(#1491,$,$);
#1493=IFCDIRECTION((0.,0.,1.));
#1494=IFCEXTRUDEDAREASOLID(#1490,#1492,#1493,1.3);
#1495=IFCSHAPEREPRESENTATION(#11,'Body','SweptSolid',(#1494));
#1496=IFCPRODUCTDEFINITIONSHAPE($,$,(#1495));
#1497=IFCRELVOIDSELEMENT('3r5v97Z6yLNQT8xz2$pUCx',$,$,$,#1408,#1484);
#1498=IFCWINDOW('3sr_E0_rxrp8tJuzLGwNWa',$,'North window 3',$,$,#1501,#1510,$,1.3,1.8,$,$,$);
#1499=IFCCARTESIANPOINT((0.,0.,0.));
#1500=IFCAXIS2PLACEMENT3D(#1499,$,$);
#1501=IFCLOCALPLACEMENT(#1487,#1500);
#1502=IFCCARTESIANPOINT((0.9,0.));
#1503=IFCAXIS2PLACEMENT2D(#1502,$);
#1504=IFCRECTANGLEPROFILEDEF(.AREA.,$,#1503,1.8,0.05);
#1505=IFCCARTESIANPOINT((0.,0.,0.));
#1506=IFCAXIS2PLACEMENT3D(#1505,$,$);
#1507=IFCDIRECTION((0.,0.,1.));
#1508=IFCEXTRUDEDAREASOLID(#1504,#1506,#1507,1.3);
#1509=IFCSHAPEREPRESENTATION(#11,'Body','SweptSolid',(#1508));
#1510=IFCPRODUCTDEFINITIONSHAPE($,$,(#1509));
#1511=IFCSTYLEDITEM(#1508,(#978),$);
#1512=IFCRELFILLSELEMENT('2fi52QDvTyVb6cuMRXEHmr',$,$,$,#1484,#1498);
#1513=IFCOPENINGELEMENT('2DRDAU_8gU64YOyqDlp73O',$,'Opening',$,$,#1516,#1525,$,$);
#1514=IFCCARTESIANPOINT((15.5,0.,1.));
#1515=IFCAXIS2PLACEMENT3D(#1514,$,$);
#1516=IFCLOCALPLACEMENT(#1412,#1515);
#1517=IFCCARTESIANPOINT((0.9,0.));
#1518=IFCAXIS2PLACEMENT2D(#1517,$);
#1519=IFCRECTANGLEPROFILEDEF(.AREA.,$,#1518,1.8,0.4);
#1520=IFCCARTESIANPOINT((0.,0.,0.));
#1521=IFCAXIS2PLACEMENT3D(#1520,$,$);
#1522=IFCDIRECTION((0.,0.,1.));
#1523=IFCEXTRUDEDAREASOLID(#1519,#1521,#1522,1.3);
#1524=IFCSHAPEREPRESENTATION(#11,'Body','SweptSolid',(#1523));
#1525=IFCPRODUCTDEFINITIONSHAPE($,$,(#1524));
#1526=IFCRELVOIDSELEMENT('3o7AdNDj3H1qvAJOBND_1P',$,$,$,#1408,#1513);
#1527=IFCWINDOW('1DaQXOiuDEd9dazW4fPrfe',$,'North window 4',$,$,#1530,#1539,$,1.3,1.8,$,$,$);
#1528=IFCCARTESIANPOINT((0.,0.,0.));
#1529=IFCAXIS2PLACEMENT3D(#1528,$,$);
#1530=IFCLOCALPLACEMENT(#1516,#1529);
#1531=IFCCARTESIANPOINT((0.9,0.));
#1532=IFCAXIS2PLACEMENT2D(#1531,$);
#1533=IFCRECTANGLEPROFILEDEF(.AREA.,$,#1532,1.8,0.05);
#1534=IFCCARTESIANPOINT((0.,0.,0.));
#1535=IFCAXIS2PLACEMENT3D(#1534,$,$);
#1536=IFCDIRECTION((0.,0.,1.));
#1537=IFCEXTRUDEDAREASOLID(#1533,#1535,#1536,1.3);
#1538=IFCSHAPEREPRESENTATION(#11,'Body','SweptSolid',(#1537));
#1539=IFCPRODUCTDEFINITIONSHAPE($,$,(#1538));
#1540=IFCSTYLEDITEM(#1537,(#978),$);
#1541=IFCRELFILLSELEMENT('2jC_tMT_oQMtnH_yqmTjz0',$,$,$,#1513,#1527);
#1542=IFCWALL('0X24qzWwff1E9f5SsYFKqh',$,'West wall, upper part',$,$,#1546,#1555,$,$);
#1543=IFCCARTESIANPOINT((0.15,8.,0.));
#1544=IFCDIRECTION((0.,1.,0.));
#1545=IFCAXIS2PLACEMENT3D(#1543,$,#1544);
#1546=IFCLOCALPLACEMENT(#26,#1545);
#1547=IFCCARTESIANPOINT((0.5,0.));
#1548=IFCAXIS2PLACEMENT2D(#1547,$);
#1549=IFCRECTANGLEPROFILEDEF(.AREA.,$,#1548,1.,0.3);
#1550=IFCCARTESIANPOINT((0.,0.,0.));
#1551=IFCAXIS2PLACEMENT3D(#1550,$,$);
#1552=IFCDIRECTION((0.,0.,1.));
#1553=IFCEXTRUDEDAREASOLID(#1549,#1551,#1552,2.9);
#1554=IFCSHAPEREPRESENTATION(#11,'Body','SweptSolid',(#1553));
#1555=IFCPRODUCTDEFINITIONSHAPE($,$,(#1554));
#1556=IFCSTYLEDITEM(#1553,(#189),$);
#1557=IFCPROPERTYSINGLEVALUE('IsExternal',$,IFCBOOLEAN(.T.),$);
#1558=IFCPROPERTYSET('3zxRrLWw$CTQ2X2N_jn7ab',$,'Pset_WallCommon',$,(#1557));
#1559=IFCRELDEFINESBYPROPERTIES('3ycVTHMtI2R_MA_lA6vggj',$,$,$,(#1542),#1558);
#1560=IFCWALL('3FHDdil_WvPjcZH65poJAe',$,'West wall, front part',$,$,#1564,#1573,$,$);
#1561=IFCCARTESIANPOINT((0.15,0.45,0.));
#1562=IFCDIRECTION((0.,1.,0.));
#1563=IFCAXIS2PLACEMENT3D(#1561,$,#1562);
#1564=IFCLOCALPLACEMENT(#26,#1563);
#1565=IFCCARTESIANPOINT((0.275,0.));
#1566=IFCAXIS2PLACEMENT2D(#1565,$);
#1567=IFCRECTANGLEPROFILEDEF(.AREA.,$,#1566,0.55,0.3);
#1568=IFCCARTESIANPOINT((0.,0.,0.));
#1569=IFCAXIS2PLACEMENT3D(#1568,$,$);
#1570=IFCDIRECTION((0.,0.,1.));
#1571=IFCEXTRUDEDAREASOLID(#1567,#1569,#1570,2.9);
#1572=IFCSHAPEREPRESENTATION(#11,'Body','SweptSolid',(#1571));
#1573=IFCPRODUCTDEFINITIONSHAPE($,$,(#1572));
#1574=IFCSTYLEDITEM(#1571,(#189),$);
#1575=IFCPROPERTYSINGLEVALUE('IsExternal',$,IFCBOOLEAN(.T.),$);
#1576=IFCPROPERTYSET('0nBr5oFuPe4SHINXfCbnin',$,'Pset_WallCommon',$,(#1575));
#1577=IFCRELDEFINESBYPROPERTIES('3mhpYaAn0Sx4lI4ObxxRUi',$,$,$,(#1560),#1576);
#1578=IFCWALL('3VpWFd8_9DpzJbL1D_DOVG',$,'Annex north wall',$,$,#1582,#1591,$,$);
#1579=IFCCARTESIANPOINT((0.,7.85,0.));
#1580=IFCDIRECTION((-1.,0.,0.));
#1581=IFCAXIS2PLACEMENT3D(#1579,$,#1580);
#1582=IFCLOCALPLACEMENT(#26,#1581);
#1583=IFCCARTESIANPOINT((3.5,0.));
#1584=IFCAXIS2PLACEMENT2D(#1583,$);
#1585=IFCRECTANGLEPROFILEDEF(.AREA.,$,#1584,7.,0.3);
#1586=IFCCARTESIANPOINT((0.,0.,0.));
#1587=IFCAXIS2PLACEMENT3D(#1586,$,$);
#1588=IFCDIRECTION((0.,0.,1.));
#1589=IFCEXTRUDEDAREASOLID(#1585,#1587,#1588,2.9);
#1590=IFCSHAPEREPRESENTATION(#11,'Body','SweptSolid',(#1589));
#1591=IFCPRODUCTDEFINITIONSHAPE($,$,(#1590));
#1592=IFCSTYLEDITEM(#1589,(#189),$);
#1593=IFCPROPERTYSINGLEVALUE('IsExternal',$,IFCBOOLEAN(.T.),$);
#1594=IFCPROPERTYSET('2ppj7QeAvoJP_6tD1mRzoW',$,'Pset_WallCommon',$,(#1593));
#1595=IFCRELDEFINESBYPROPERTIES('2Lbwof6wz2JbmqOBYTzEt0',$,$,$,(#1578),#1594);
#1596=IFCWALL('1VU71PtGYjENxq_zl5zmEt',$,'Annex west wall',$,$,#1600,#1609,$,$);
#1597=IFCCARTESIANPOINT((-6.85,8.,0.));
#1598=IFCDIRECTION((0.,-1.,0.));
#1599=IFCAXIS2PLACEMENT3D(#1597,$,#1598);
#1600=IFCLOCALPLACEMENT(#26,#1599);
#1601=IFCCARTESIANPOINT((3.5,0.));
#1602=IFCAXIS2PLACEMENT2D(#1601,$);
#1603=IFCRECTANGLEPROFILEDEF(.AREA.,$,#1602,7.,0.3);
#1604=IFCCARTESIANPOINT((0.,0.,0.));
#1605=IFCAXIS2PLACEMENT3D(#1604,$,$);
#1606=IFCDIRECTION((0.,0.,1.));
#1607=IFCEXTRUDEDAREASOLID(#1603,#1605,#1606,2.9);
#1608=IFCSHAPEREPRESENTATION(#11,'Body','SweptSolid',(#1607));
#1609=IFCPRODUCTDEFINITIONSHAPE($,$,(#1608));
#1610=IFCSTYLEDITEM(#1607,(#189),$);
#1611=IFCPROPERTYSINGLEVALUE('IsExternal',$,IFCBOOLEAN(.T.),$);
#1612=IFCPROPERTYSET('3kkSlUwDGP_DAqR$YF3OVg',$,'Pset_WallCommon',$,(#1611));
#1613=IFCRELDEFINESBYPROPERTIES('2ebqH1aozKvxbzzjnF3kaj',$,$,$,(#1596),#1612);
#1614=IFCOPENINGELEMENT('1SOTfsO$gGBMEZhV0aVfU6',$,'Opening',$,$,#1617,#1626,$,$);
#1615=IFCCARTESIANPOINT((2.2,0.,1.05));
#1616=IFCAXIS2PLACEMENT3D(#1615,$,$);
#1617=IFCLOCALPLACEMENT(#1600,#1616);
#1618=IFCCARTESIANPOINT((1.3,0.));
#1619=IFCAXIS2PLACEMENT2D(#1618,$);
#1620=IFCRECTANGLEPROFILEDEF(.AREA.,$,#1619,2.6,0.4);
#1621=IFCCARTESIANPOINT((0.,0.,0.));
#1622=IFCAXIS2PLACEMENT3D(#1621,$,$);
#1623=IFCDIRECTION((0.,0.,1.));
#1624=IFCEXTRUDEDAREASOLID(#1620,#1622,#1623,1.2);
#1625=IFCSHAPEREPRESENTATION(#11,'Body','SweptSolid',(#1624));
#1626=IFCPRODUCTDEFINITIONSHAPE($,$,(#1625));
#1627=IFCRELVOIDSELEMENT('3Z$3FUbi3TYO3f$rLrXhaa',$,$,$,#1596,#1614);
#1628=IFCWINDOW('3oLCmVI2hKTJMe5hOiGthB',$,'Kitchen window',$,$,#1631,#1640,$,1.2,2.6,$,$,$);
#1629=IFCCARTESIANPOINT((0.,0.,0.));
#1630=IFCAXIS2PLACEMENT3D(#1629,$,$);
#1631=IFCLOCALPLACEMENT(#1617,#1630);
#1632=IFCCARTESIANPOINT((1.3,0.));
#1633=IFCAXIS2PLACEMENT2D(#1632,$);
#1634=IFCRECTANGLEPROFILEDEF(.AREA.,$,#1633,2.6,0.05);
#1635=IFCCARTESIANPOINT((0.,0.,0.));
#1636=IFCAXIS2PLACEMENT3D(#1635,$,$);
#1637=IFCDIRECTION((0.,0.,1.));
#1638=IFCEXTRUDEDAREASOLID(#1634,#1636,#1637,1.2);
#1639=IFCSHAPEREPRESENTATION(#11,'Body','SweptSolid',(#1638));
#1640=IFCPRODUCTDEFINITIONSHAPE($,$,(#1639));
#1641=IFCSTYLEDITEM(#1638,(#978),$);
#1642=IFCRELFILLSELEMENT('0IWqlaIRzgqVBxEOfpI7fg',$,$,$,#1614,#1628);
#1643=IFCMEMBER('042Tj5DePGKthmjbNirvQA',$,'Kitchen glazing frame',$,$,#1646,#1655,$,.MULLION.);
#1644=IFCCARTESIANPOINT((0.,0.,0.));
#1645=IFCAXIS2PLACEMENT3D(#1644,$,$);
#1646=IFCLOCALPLACEMENT(#26,#1645);
#1647=IFCCARTESIANPOINT((3.35,0.05000000000000004));
#1648=IFCAXIS2PLACEMENT2D(#1647,$);
#1649=IFCRECTANGLEPROFILEDEF(.AREA.,$,#1648,6.7,0.10000000000000007);
#1650=IFCCARTESIANPOINT((-6.7,1.1,2.83));
#1651=IFCAXIS2PLACEMENT3D(#1650,$,$);
#1652=IFCDIRECTION((0.,0.,1.));
#1653=IFCEXTRUDEDAREASOLID(#1649,#1651,#1652,0.06999999999999984);
#1654=IFCSHAPEREPRESENTATION(#11,'Body','SweptSolid',(#1653,#1663,#1671,#1679,#1687,#1695,#1703,#1711));
#1655=IFCPRODUCTDEFINITIONSHAPE($,$,(#1654));
#1656=IFCSTYLEDITEM(#1653,(#910),$);
#1657=IFCCARTESIANPOINT((3.35,0.05000000000000004));
#1658=IFCAXIS2PLACEMENT2D(#1657,$);
#1659=IFCRECTANGLEPROFILEDEF(.AREA.,$,#1658,6.7,0.10000000000000007);
#1660=IFCCARTESIANPOINT((-6.7,1.1,0.));
#1661=IFCAXIS2PLACEMENT3D(#1660,$,$);
#1662=IFCDIRECTION((0.,0.,1.));
#1663=IFCEXTRUDEDAREASOLID(#1659,#1661,#1662,0.04);
#1664=IFCSTYLEDITEM(#1663,(#914),$);
#1665=IFCCARTESIANPOINT((0.03500000000000014,0.05000000000000004));
#1666=IFCAXIS2PLACEMENT2D(#1665,$);
#1667=IFCRECTANGLEPROFILEDEF(.AREA.,$,#1666,0.07000000000000028,0.10000000000000007);
#1668=IFCCARTESIANPOINT((-6.735,1.1,0.04));
#1669=IFCAXIS2PLACEMENT3D(#1668,$,$);
#1670=IFCDIRECTION((0.,0.,1.));
#1671=IFCEXTRUDEDAREASOLID(#1667,#1669,#1670,2.79);
#1672=IFCSTYLEDITEM(#1671,(#914),$);
#1673=IFCCARTESIANPOINT((0.0349999999999997,0.05000000000000004));
#1674=IFCAXIS2PLACEMENT2D(#1673,$);
#1675=IFCRECTANGLEPROFILEDEF(.AREA.,$,#1674,0.0699999999999994,0.10000000000000007);
#1676=IFCCARTESIANPOINT((-5.395,1.1,0.04));
#1677=IFCAXIS2PLACEMENT3D(#1676,$,$);
#1678=IFCDIRECTION((0.,0.,1.));
#1679=IFCEXTRUDEDAREASOLID(#1675,#1677,#1678,2.79);
#1680=IFCSTYLEDITEM(#1679,(#914),$);
#1681=IFCCARTESIANPOINT((0.03499999999999992,0.05000000000000004));
#1682=IFCAXIS2PLACEMENT2D(#1681,$);
#1683=IFCRECTANGLEPROFILEDEF(.AREA.,$,#1682,0.06999999999999984,0.10000000000000007);
#1684=IFCCARTESIANPOINT((-4.055,1.1,0.04));
#1685=IFCAXIS2PLACEMENT3D(#1684,$,$);
#1686=IFCDIRECTION((0.,0.,1.));
#1687=IFCEXTRUDEDAREASOLID(#1683,#1685,#1686,2.79);
#1688=IFCSTYLEDITEM(#1687,(#914),$);
#1689=IFCCARTESIANPOINT((0.03500000000000014,0.05000000000000004));
#1690=IFCAXIS2PLACEMENT2D(#1689,$);
#1691=IFCRECTANGLEPROFILEDEF(.AREA.,$,#1690,0.07000000000000028,0.10000000000000007);
#1692=IFCCARTESIANPOINT((-2.715,1.1,0.04));
#1693=IFCAXIS2PLACEMENT3D(#1692,$,$);
#1694=IFCDIRECTION((0.,0.,1.));
#1695=IFCEXTRUDEDAREASOLID(#1691,#1693,#1694,2.79);
#1696=IFCSTYLEDITEM(#1695,(#914),$);
#1697=IFCCARTESIANPOINT((0.03500000000000014,0.05000000000000004));
#1698=IFCAXIS2PLACEMENT2D(#1697,$);
#1699=IFCRECTANGLEPROFILEDEF(.AREA.,$,#1698,0.07000000000000028,0.10000000000000007);
#1700=IFCCARTESIANPOINT((-1.375,1.1,0.04));
#1701=IFCAXIS2PLACEMENT3D(#1700,$,$);
#1702=IFCDIRECTION((0.,0.,1.));
#1703=IFCEXTRUDEDAREASOLID(#1699,#1701,#1702,2.79);
#1704=IFCSTYLEDITEM(#1703,(#914),$);
#1705=IFCCARTESIANPOINT((0.03500000000000014,0.05000000000000004));
#1706=IFCAXIS2PLACEMENT2D(#1705,$);
#1707=IFCRECTANGLEPROFILEDEF(.AREA.,$,#1706,0.07000000000000028,0.10000000000000007);
#1708=IFCCARTESIANPOINT((-0.03500000000000014,1.1,0.04));
#1709=IFCAXIS2PLACEMENT3D(#1708,$,$);
#1710=IFCDIRECTION((0.,0.,1.));
#1711=IFCEXTRUDEDAREASOLID(#1707,#1709,#1710,2.79);
#1712=IFCSTYLEDITEM(#1711,(#914),$);
#1713=IFCDOOR('2HQ_1zuTgoZ$UWpcVEOsG2',$,'Kitchen glazing leaf 1',$,$,#1716,#1725,$,$,$,$,$,$);
#1714=IFCCARTESIANPOINT((0.,0.,0.));
#1715=IFCAXIS2PLACEMENT3D(#1714,$,$);
#1716=IFCLOCALPLACEMENT(#26,#1715);
#1717=IFCCARTESIANPOINT((0.6350000000000002,0.01200000000000001));
#1718=IFCAXIS2PLACEMENT2D(#1717,$);
#1719=IFCRECTANGLEPROFILEDEF(.AREA.,$,#1718,1.2700000000000005,0.02400000000000002);
#1720=IFCCARTESIANPOINT((-6.665,1.138,0.04));
#1721=IFCAXIS2PLACEMENT3D(#1720,$,$);
#1722=IFCDIRECTION((0.,0.,1.));
#1723=IFCEXTRUDEDAREASOLID(#1719,#1721,#1722,2.79);
#1724=IFCSHAPEREPRESENTATION(#11,'Body','SweptSolid',(#1723));
#1725=IFCPRODUCTDEFINITIONSHAPE($,$,(#1724));
#1726=IFCSTYLEDITEM(#1723,(#978),$);
#1727=IFCDOOR('1nunN0XLIprs8TTLg4KLqK',$,'Kitchen glazing leaf 2',$,$,#1730,#1739,$,$,$,$,$,$);
#1728=IFCCARTESIANPOINT((0.,0.,0.));
#1729=IFCAXIS2PLACEMENT3D(#1728,$,$);
#1730=IFCLOCALPLACEMENT(#26,#1729);
#1731=IFCCARTESIANPOINT((0.6350000000000002,0.01200000000000001));
#1732=IFCAXIS2PLACEMENT2D(#1731,$);
#1733=IFCRECTANGLEPROFILEDEF(.AREA.,$,#1732,1.2700000000000005,0.02400000000000002);
#1734=IFCCARTESIANPOINT((-5.325,1.138,0.04));
#1735=IFCAXIS2PLACEMENT3D(#1734,$,$);
#1736=IFCDIRECTION((0.,0.,1.));
#1737=IFCEXTRUDEDAREASOLID(#1733,#1735,#1736,2.79);
#1738=IFCSHAPEREPRESENTATION(#11,'Body','SweptSolid',(#1737));
#1739=IFCPRODUCTDEFINITIONSHAPE($,$,(#1738));
#1740=IFCSTYLEDITEM(#1737,(#978),$);
#1741=IFCDOOR('3O56J6idI6y6Js$qNYDCL2',$,'Kitchen glazing leaf 3',$,$,#1744,#1753,$,$,$,$,$,$);
#1742=IFCCARTESIANPOINT((0.,0.,0.));
#1743=IFCAXIS2PLACEMENT3D(#1742,$,$);
#1744=IFCLOCALPLACEMENT(#26,#1743);
#1745=IFCCARTESIANPOINT((0.635,0.01200000000000001));
#1746=IFCAXIS2PLACEMENT2D(#1745,$);
#1747=IFCRECTANGLEPROFILEDEF(.AREA.,$,#1746,1.27,0.02400000000000002);
#1748=IFCCARTESIANPOINT((-3.985,1.138,0.04));
#1749=IFCAXIS2PLACEMENT3D(#1748,$,$);
#1750=IFCDIRECTION((0.,0.,1.));
#1751=IFCEXTRUDEDAREASOLID(#1747,#1749,#1750,2.79);
#1752=IFCSHAPEREPRESENTATION(#11,'Body','SweptSolid',(#1751));
#1753=IFCPRODUCTDEFINITIONSHAPE($,$,(#1752));
#1754=IFCSTYLEDITEM(#1751,(#978),$);
#1755=IFCDOOR('1pni7nHJIEC1zGz_mGCm$T',$,'Kitchen glazing leaf 4',$,$,#1758,#1767,$,$,$,$,$,$);
#1756=IFCCARTESIANPOINT((0.,0.,0.));
#1757=IFCAXIS2PLACEMENT3D(#1756,$,$);
#1758=IFCLOCALPLACEMENT(#26,#1757);
#1759=IFCCARTESIANPOINT((0.6349999999999998,0.01200000000000001));
#1760=IFCAXIS2PLACEMENT2D(#1759,$);
#1761=IFCRECTANGLEPROFILEDEF(.AREA.,$,#1760,1.2699999999999996,0.02400000000000002);
#1762=IFCCARTESIANPOINT((-2.6449999999999996,1.138,0.04));
#1763=IFCAXIS2PLACEMENT3D(#1762,$,$);
#1764=IFCDIRECTION((0.,0.,1.));
#1765=IFCEXTRUDEDAREASOLID(#1761,#1763,#1764,2.79);
#1766=IFCSHAPEREPRESENTATION(#11,'Body','SweptSolid',(#1765));
#1767=IFCPRODUCTDEFINITIONSHAPE($,$,(#1766));
#1768=IFCSTYLEDITEM(#1765,(#978),$);
#1769=IFCDOOR('3NEIOqWyOVY53CPwdr41UY',$,'Kitchen glazing leaf 5',$,$,#1772,#1781,$,$,$,$,$,$);
#1770=IFCCARTESIANPOINT((0.,0.,0.));
#1771=IFCAXIS2PLACEMENT3D(#1770,$,$);
#1772=IFCLOCALPLACEMENT(#26,#1771);
#1773=IFCCARTESIANPOINT((0.6349999999999998,0.01200000000000001));
#1774=IFCAXIS2PLACEMENT2D(#1773,$);
#1775=IFCRECTANGLEPROFILEDEF(.AREA.,$,#1774,1.2699999999999996,0.02400000000000002);
#1776=IFCCARTESIANPOINT((-1.3049999999999995,1.138,0.04));
#1777=IFCAXIS2PLACEMENT3D(#1776,$,$);
#1778=IFCDIRECTION((0.,0.,1.));
#1779=IFCEXTRUDEDAREASOLID(#1775,#1777,#1778,2.79);
#1780=IFCSHAPEREPRESENTATION(#11,'Body','SweptSolid',(#1779));
#1781=IFCPRODUCTDEFINITIONSHAPE($,$,(#1780));
#1782=IFCSTYLEDITEM(#1779,(#978),$);
#1783=IFCWALL('0HV8ov0DjKMpAZJ9PMa1iu',$,'Wall living room / garden room',$,$,#1787,#1796,$,$);
#1784=IFCCARTESIANPOINT((9.5,0.3,0.));
#1785=IFCDIRECTION((0.,1.,0.));
#1786=IFCAXIS2PLACEMENT3D(#1784,$,#1785);
#1787=IFCLOCALPLACEMENT(#26,#1786);
#1788=IFCCARTESIANPOINT((2.95,0.));
#1789=IFCAXIS2PLACEMENT2D(#1788,$);
#1790=IFCRECTANGLEPROFILEDEF(.AREA.,$,#1789,5.9,0.15);
#1791=IFCCARTESIANPOINT((0.,0.,0.));
#1792=IFCAXIS2PLACEMENT3D(#1791,$,$);
#1793=IFCDIRECTION((0.,0.,1.));
#1794=IFCEXTRUDEDAREASOLID(#1790,#1792,#1793,2.9);
#1795=IFCSHAPEREPRESENTATION(#11,'Body','SweptSolid',(#1794));
#1796=IFCPRODUCTDEFINITIONSHAPE($,$,(#1795));
#1797=IFCSTYLEDITEM(#1794,(#189),$);
#1798=IFCPROPERTYSINGLEVALUE('IsExternal',$,IFCBOOLEAN(.F.),$);
#1799=IFCPROPERTYSET('1OTuDUQixfAgWL6ZonJaVV',$,'Pset_WallCommon',$,(#1798));
#1800=IFCRELDEFINESBYPROPERTIES('07cilIx_R9u0JBJCXwVF6N',$,$,$,(#1783),#1799);
#1801=IFCOPENINGELEMENT('0XiowXAzK$bybrwpNuJ3ck',$,'Opening',$,$,#1804,#1813,$,$);
#1802=IFCCARTESIANPOINT((3.2,0.,0.));
#1803=IFCAXIS2PLACEMENT3D(#1802,$,$);
#1804=IFCLOCALPLACEMENT(#1787,#1803);
#1805=IFCCARTESIANPOINT((0.5,0.));
#1806=IFCAXIS2PLACEMENT2D(#1805,$);
#1807=IFCRECTANGLEPROFILEDEF(.AREA.,$,#1806,1.,0.25);
#1808=IFCCARTESIANPOINT((0.,0.,0.));
#1809=IFCAXIS2PLACEMENT3D(#1808,$,$);
#1810=IFCDIRECTION((0.,0.,1.));
#1811=IFCEXTRUDEDAREASOLID(#1807,#1809,#1810,2.2);
#1812=IFCSHAPEREPRESENTATION(#11,'Body','SweptSolid',(#1811));
#1813=IFCPRODUCTDEFINITIONSHAPE($,$,(#1812));
#1814=IFCRELVOIDSELEMENT('3iceUyiDWgGoIXn4UzxZNO',$,$,$,#1783,#1801);
#1815=IFCDOOR('2VaGq5Nb_tTNovqsVd$kqp',$,'Door to the garden room',$,$,#1818,#1827,$,2.2,1.,$,$,$);
#1816=IFCCARTESIANPOINT((0.,0.,0.));
#1817=IFCAXIS2PLACEMENT3D(#1816,$,$);
#1818=IFCLOCALPLACEMENT(#1804,#1817);
#1819=IFCCARTESIANPOINT((0.5,0.));
#1820=IFCAXIS2PLACEMENT2D(#1819,$);
#1821=IFCRECTANGLEPROFILEDEF(.AREA.,$,#1820,1.,0.05);
#1822=IFCCARTESIANPOINT((0.,0.,0.));
#1823=IFCAXIS2PLACEMENT3D(#1822,$,$);
#1824=IFCDIRECTION((0.,0.,1.));
#1825=IFCEXTRUDEDAREASOLID(#1821,#1823,#1824,2.2);
#1826=IFCSHAPEREPRESENTATION(#11,'Body','SweptSolid',(#1825));
#1827=IFCPRODUCTDEFINITIONSHAPE($,$,(#1826));
#1828=IFCCOLOURRGB($,0.75,0.6,0.42);
#1829=IFCSURFACESTYLERENDERING(#1828,0.,$,$,$,$,$,$,.NOTDEFINED.);
#1830=IFCSURFACESTYLE('rgba 0.75 0.6 0.42 1',.BOTH.,(#1829));
#1831=IFCSTYLEDITEM(#1825,(#1830),$);
#1832=IFCRELFILLSELEMENT('2ua6lCBOjFIW3myBGuV18X',$,$,$,#1801,#1815);
#1833=IFCWALL('0O8qhbAvtixT4gR61yao0_',$,'Wall wing lounge / guest bedroom',$,$,#1837,#1846,$,$);
#1834=IFCCARTESIANPOINT((17.,0.,0.));
#1835=IFCDIRECTION((0.,1.,0.));
#1836=IFCAXIS2PLACEMENT3D(#1834,$,#1835);
#1837=IFCLOCALPLACEMENT(#26,#1836);
#1838=IFCCARTESIANPOINT((4.35,0.));
#1839=IFCAXIS2PLACEMENT2D(#1838,$);
#1840=IFCRECTANGLEPROFILEDEF(.AREA.,$,#1839,8.7,0.15);
#1841=IFCCARTESIANPOINT((0.,0.,0.));
#1842=IFCAXIS2PLACEMENT3D(#1841,$,$);
#1843=IFCDIRECTION((0.,0.,1.));
#1844=IFCEXTRUDEDAREASOLID(#1840,#1842,#1843,2.9);
#1845=IFCSHAPEREPRESENTATION(#11,'Body','SweptSolid',(#1844));
#1846=IFCPRODUCTDEFINITIONSHAPE($,$,(#1845));
#1847=IFCSTYLEDITEM(#1844,(#189),$);
#1848=IFCPROPERTYSINGLEVALUE('IsExternal',$,IFCBOOLEAN(.F.),$);
#1849=IFCPROPERTYSET('06njzrsAzg9GxzrIlcWys0',$,'Pset_WallCommon',$,(#1848));
#1850=IFCRELDEFINESBYPROPERTIES('3L3dRMM_yKYCHu_uxRw1SV',$,$,$,(#1833),#1849);
#1851=IFCOPENINGELEMENT('3N2w77TTtQB9PMS_NXSrOb',$,'Opening',$,$,#1854,#1863,$,$);
#1852=IFCCARTESIANPOINT((3.5,0.,0.));
#1853=IFCAXIS2PLACEMENT3D(#1852,$,$);
#1854=IFCLOCALPLACEMENT(#1837,#1853);
#1855=IFCCARTESIANPOINT((0.45,0.));
#1856=IFCAXIS2PLACEMENT2D(#1855,$);
#1857=IFCRECTANGLEPROFILEDEF(.AREA.,$,#1856,0.9,0.25);
#1858=IFCCARTESIANPOINT((0.,0.,0.));
#1859=IFCAXIS2PLACEMENT3D(#1858,$,$);
#1860=IFCDIRECTION((0.,0.,1.));
#1861=IFCEXTRUDEDAREASOLID(#1857,#1859,#1860,2.1);
#1862=IFCSHAPEREPRESENTATION(#11,'Body','SweptSolid',(#1861));
#1863=IFCPRODUCTDEFINITIONSHAPE($,$,(#1862));
#1864=IFCRELVOIDSELEMENT('06dxCDyxZ8UgoizdxMT1Vz',$,$,$,#1833,#1851);
#1865=IFCDOOR('2hxk$g4ZYu5x2Ov6G3CdqF',$,'Guest bedroom door',$,$,#1868,#1877,$,2.1,0.9,$,$,$);
#1866=IFCCARTESIANPOINT((0.,0.,0.));
#1867=IFCAXIS2PLACEMENT3D(#1866,$,$);
#1868=IFCLOCALPLACEMENT(#1854,#1867);
#1869=IFCCARTESIANPOINT((0.45,0.));
#1870=IFCAXIS2PLACEMENT2D(#1869,$);
#1871=IFCRECTANGLEPROFILEDEF(.AREA.,$,#1870,0.9,0.05);
#1872=IFCCARTESIANPOINT((0.,0.,0.));
#1873=IFCAXIS2PLACEMENT3D(#1872,$,$);
#1874=IFCDIRECTION((0.,0.,1.));
#1875=IFCEXTRUDEDAREASOLID(#1871,#1873,#1874,2.1);
#1876=IFCSHAPEREPRESENTATION(#11,'Body','SweptSolid',(#1875));
#1877=IFCPRODUCTDEFINITIONSHAPE($,$,(#1876));
#1878=IFCSTYLEDITEM(#1875,(#1830),$);
#1879=IFCRELFILLSELEMENT('3eyVUVygN4CilaPd_01j53',$,$,$,#1851,#1865);
#1880=IFCWALL('3YXe$BLS3tkjzKobiy3fUb',$,'Guest bathroom wall',$,$,#1883,#1892,$,$);
#1881=IFCCARTESIANPOINT((17.,5.,0.));
#1882=IFCAXIS2PLACEMENT3D(#1881,$,$);
#1883=IFCLOCALPLACEMENT(#26,#1882);
#1884=IFCCARTESIANPOINT((1.8499999999999996,0.));
#1885=IFCAXIS2PLACEMENT2D(#1884,$);
#1886=IFCRECTANGLEPROFILEDEF(.AREA.,$,#1885,3.6999999999999993,0.12);
#1887=IFCCARTESIANPOINT((0.,0.,0.));
#1888=IFCAXIS2PLACEMENT3D(#1887,$,$);
#1889=IFCDIRECTION((0.,0.,1.));
#1890=IFCEXTRUDEDAREASOLID(#1886,#1888,#1889,2.9);
#1891=IFCSHAPEREPRESENTATION(#11,'Body','SweptSolid',(#1890));
#1892=IFCPRODUCTDEFINITIONSHAPE($,$,(#1891));
#1893=IFCSTYLEDITEM(#1890,(#189),$);
#1894=IFCPROPERTYSINGLEVALUE('IsExternal',$,IFCBOOLEAN(.F.),$);
#1895=IFCPROPERTYSET('0ysnk3TPRdFFObrzMU55m2',$,'Pset_WallCommon',$,(#1894));
#1896=IFCRELDEFINESBYPROPERTIES('2B0yPqz3z7ArvhI56F_a1x',$,$,$,(#1880),#1895);
#1897=IFCSTAIRFLIGHT('0iyZPTyFU0eza0XxtAYazc',$,'Stair to the first floor',$,$,#1900,#1904,$,$,$,$,$,$);
#1898=IFCCARTESIANPOINT((0.,0.,0.));
#1899=IFCAXIS2PLACEMENT3D(#1898,$,$);
#1900=IFCLOCALPLACEMENT(#26,#1899);
#1901=IFCCARTESIANPOINTLIST3D(((7.,7.7,0.),(7.28,7.7,0.),(7.28,8.7,0.),(7.,8.7,0.),(7.,7.7,0.174),(7.28,7.7,0.174),(7.28,8.7,0.174),(7.,8.7,0.174),(7.28,7.7,0.),(7.56,7.7,0.),(7.56,8.7,0.),(7.28,8.7,0.),(7.28,7.7,0.347),(7.56,7.7,0.347),(7.56,8.7,0.347),(7.28,8.7,0.347),(7.56,7.7,0.174),(7.84,7.7,0.174),(7.84,8.7,0.174),(7.56,8.7,0.174),(7.56,7.7,0.521),(7.84,7.7,0.521),(7.84,8.7,0.521),(7.56,8.7,0.521),(7.84,7.7,0.347),(8.12,7.7,0.347),(8.12,8.7,0.347),(7.84,8.7,0.347),(7.84,7.7,0.695),(8.12,7.7,0.695),(8.12,8.7,0.695),(7.84,8.7,0.695),(8.12,7.7,0.521),(8.4,7.7,0.521),(8.4,8.7,0.521),(8.12,8.7,0.521),(8.12,7.7,0.868),(8.4,7.7,0.868),(8.4,8.7,0.868),(8.12,8.7,0.868),(8.4,7.7,0.695),(8.68,7.7,0.695),(8.68,8.7,0.695),(8.4,8.7,0.695),(8.4,7.7,1.042),(8.68,7.7,1.042),(8.68,8.7,1.042),(8.4,8.7,1.042),(8.68,7.7,0.868),(8.96,7.7,0.868),(8.96,8.7,0.868),(8.68,8.7,0.868),(8.68,7.7,1.216),(8.96,7.7,1.216),(8.96,8.7,1.216),(8.68,8.7,1.216),(8.96,7.7,1.042),(9.24,7.7,1.042),(9.24,8.7,1.042),(8.96,8.7,1.042),(8.96,7.7,1.389),(9.24,7.7,1.389),(9.24,8.7,1.389),(8.96,8.7,1.389),(9.24,7.7,1.216),(9.52,7.7,1.216),(9.52,8.7,1.216),(9.24,8.7,1.216),(9.24,7.7,1.563),(9.52,7.7,1.563),(9.52,8.7,1.563),(9.24,8.7,1.563),(9.52,7.7,1.389),(9.8,7.7,1.389),(9.8,8.7,1.389),(9.52,8.7,1.389),(9.52,7.7,1.737),(9.8,7.7,1.737),(9.8,8.7,1.737),(9.52,8.7,1.737),(9.8,7.7,1.563),(10.08,7.7,1.563),(10.08,8.7,1.563),(9.8,8.7,1.563),(9.8,7.7,1.911),(10.08,7.7,1.911),(10.08,8.7,1.911),(9.8,8.7,1.911),(10.08,7.7,1.737),(10.36,7.7,1.737),(10.36,8.7,1.737),(10.08,8.7,1.737),(10.08,7.7,2.084),(10.36,7.7,2.084),(10.36,8.7,2.084),(10.08,8.7,2.084),(10.36,7.7,1.911),(10.64,7.7,1.911),(10.64,8.7,1.911),(10.36,8.7,1.911),(10.36,7.7,2.258),(10.64,7.7,2.258),(10.64,8.7,2.258),(10.36,8.7,2.258),(10.64,7.7,2.084),(10.92,7.7,2.084),(10.92,8.7,2.084),(10.64,8.7,2.084),(10.64,7.7,2.432),(10.92,7.7,2.432),(10.92,8.7,2.432),(10.64,8.7,2.432),(10.92,7.7,2.258),(11.2,7.7,2.258),(11.2,8.7,2.258),(10.92,8.7,2.258),(10.92,7.7,2.605),(11.2,7.7,2.605),(11.2,8.7,2.605),(10.92,8.7,2.605),(11.2,7.7,2.432),(11.48,7.7,2.432),(11.48,8.7,2.432),(11.2,8.7,2.432),(11.2,7.7,2.779),(11.48,7.7,2.779),(11.48,8.7,2.779),(11.2,8.7,2.779),(11.48,7.7,2.605),(11.76,7.7,2.605),(11.76,8.7,2.605),(11.48,8.7,2.605),(11.48,7.7,2.953),(11.76,7.7,2.953),(11.76,8.7,2.953),(11.48,8.7,2.953),(11.76,7.7,2.779),(12.04,7.7,2.779),(12.04,8.7,2.779),(11.76,8.7,2.779),(11.76,7.7,3.126),(12.04,7.7,3.126),(12.04,8.7,3.126),(11.76,8.7,3.126),(12.04,7.7,2.953),(12.32,7.7,2.953),(12.32,8.7,2.953),(12.04,8.7,2.953),(12.04,7.7,3.3),(12.32,7.7,3.3),(12.32,8.7,3.3),(12.04,8.7,3.3)));
#1902=IFCTRIANGULATEDFACESET(#1901,$,$,((1,3,2),(1,4,3),(5,6,7),(5,7,8),(1,2,6),(1,6,5),(2,3,7),(2,7,6),(3,4,8),(3,8,7),(4,1,5),(4,5,8),(9,11,10),(9,12,11),(13,14,15),(13,15,16),(9,10,14),(9,14,13),(10,11,15),(10,15,14),(11,12,16),(11,16,15),(12,9,13),(12,13,16),(17,19,18),(17,20,19),(21,22,23),(21,23,24),(17,18,22),(17,22,21),(18,19,23),(18,23,22),(19,20,24),(19,24,23),(20,17,21),(20,21,24),(25,27,26),(25,28,27),(29,30,31),(29,31,32),(25,26,30),(25,30,29),(26,27,31),(26,31,30),(27,28,32),(27,32,31),(28,25,29),(28,29,32),(33,35,34),(33,36,35),(37,38,39),(37,39,40),(33,34,38),(33,38,37),(34,35,39),(34,39,38),(35,36,40),(35,40,39),(36,33,37),(36,37,40),(41,43,42),(41,44,43),(45,46,47),(45,47,48),(41,42,46),(41,46,45),(42,43,47),(42,47,46),(43,44,48),(43,48,47),(44,41,45),(44,45,48),(49,51,50),(49,52,51),(53,54,55),(53,55,56),(49,50,54),(49,54,53),(50,51,55),(50,55,54),(51,52,56),(51,56,55),(52,49,53),(52,53,56),(57,59,58),(57,60,59),(61,62,63),(61,63,64),(57,58,62),(57,62,61),(58,59,63),(58,63,62),(59,60,64),(59,64,63),(60,57,61),(60,61,64),(65,67,66),(65,68,67),(69,70,71),(69,71,72),(65,66,70),(65,70,69),(66,67,71),(66,71,70),(67,68,72),(67,72,71),(68,65,69),(68,69,72),(73,75,74),(73,76,75),(77,78,79),(77,79,80),(73,74,78),(73,78,77),(74,75,79),(74,79,78),(75,76,80),(75,80,79),(76,73,77),(76,77,80),(81,83,82),(81,84,83),(85,86,87),(85,87,88),(81,82,86),(81,86,85),(82,83,87),(82,87,86),(83,84,88),(83,88,87),(84,81,85),(84,85,88),(89,91,90),(89,92,91),(93,94,95),(93,95,96),(89,90,94),(89,94,93),(90,91,95),(90,95,94),(91,92,96),(91,96,95),(92,89,93),(92,93,96),(97,99,98),(97,100,99),(101,102,103),(101,103,104),(97,98,102),(97,102,101),(98,99,103),(98,103,102),(99,100,104),(99,104,103),(100,97,101),(100,101,104),(105,107,106),(105,108,107),(109,110,111),(109,111,112),(105,106,110),(105,110,109),(106,107,111),(106,111,110),(107,108,112),(107,112,111),(108,105,109),(108,109,112),(113,115,114),(113,116,115),(117,118,119),(117,119,120),(113,114,118),(113,118,117),(114,115,119),(114,119,118),(115,116,120),(115,120,119),(116,113,117),(116,117,120),(121,123,122),(121,124,123),(125,126,127),(125,127,128),(121,122,126),(121,126,125),(122,123,127),(122,127,126),(123,124,128),(123,128,127),(124,121,125),(124,125,128),(129,131,130),(129,132,131),(133,134,135),(133,135,136),(129,130,134),(129,134,133),(130,131,135),(130,135,134),(131,132,136),(131,136,135),(132,129,133),(132,133,136),(137,139,138),(137,140,139),(141,142,143),(141,143,144),(137,138,142),(137,142,141),(138,139,143),(138,143,142),(139,140,144),(139,144,143),(140,137,141),(140,141,144),(145,147,146),(145,148,147),(149,150,151),(149,151,152),(145,146,150),(145,150,149),(146,147,151),(146,151,150),(147,148,152),(147,152,151),(148,145,149),(148,149,152)),$);
#1903=IFCSHAPEREPRESENTATION(#11,'Body','Tessellation',(#1902));
#1904=IFCPRODUCTDEFINITIONSHAPE($,$,(#1903));
#1905=IFCSTYLEDITEM(#1902,(#1830),$);
#1906=IFCRAILING('30CTEtpxQInGtIAFM0$am0',$,'Stair balustrade',$,$,#1909,#1918,$,.BALUSTRADE.);
#1907=IFCCARTESIANPOINT((0.,0.,0.));
#1908=IFCAXIS2PLACEMENT3D(#1907,$,$);
#1909=IFCLOCALPLACEMENT(#26,#1908);
#1910=IFCCARTESIANPOINT((2.6500000000000004,0.020000000000000014));
#1911=IFCAXIS2PLACEMENT2D(#1910,$);
#1912=IFCRECTANGLEPROFILEDEF(.AREA.,$,#1911,5.300000000000001,0.04000000000000003);
#1913=IFCCARTESIANPOINT((7.,7.66,0.));
#1914=IFCAXIS2PLACEMENT3D(#1913,$,$);
#1915=IFCDIRECTION((0.,0.,1.));
#1916=IFCEXTRUDEDAREASOLID(#1912,#1914,#1915,4.3);
#1917=IFCSHAPEREPRESENTATION(#11,'Body','SweptSolid',(#1916));
#1918=IFCPRODUCTDEFINITIONSHAPE($,$,(#1917));
#1919=IFCSTYLEDITEM(#1916,(#978),$);
#1920=IFCSLAB('353NBYtsdpd9A$8oFN_6di',$,'First floor slab with balcony',$,$,#1923,#1939,$,.FLOOR.);
#1921=IFCCARTESIANPOINT((0.,0.,2.9));
#1922=IFCAXIS2PLACEMENT3D(#1921,$,$);
#1923=IFCLOCALPLACEMENT(#26,#1922);
#1924=IFCCARTESIANPOINT((0.,-0.4));
#1925=IFCCARTESIANPOINT((17.,-0.4));
#1926=IFCCARTESIANPOINT((17.,9.));
#1927=IFCCARTESIANPOINT((12.4,9.));
#1928=IFCCARTESIANPOINT((12.4,7.7));
#1929=IFCCARTESIANPOINT((7.3,7.7));
#1930=IFCCARTESIANPOINT((7.3,9.));
#1931=IFCCARTESIANPOINT((0.,9.));
#1932=IFCPOLYLINE((#1924,#1925,#1926,#1927,#1928,#1929,#1930,#1931,#1924));
#1933=IFCARBITRARYCLOSEDPROFILEDEF(.AREA.,$,#1932);
#1934=IFCCARTESIANPOINT((0.,0.,0.));
#1935=IFCAXIS2PLACEMENT3D(#1934,$,$);
#1936=IFCDIRECTION((0.,0.,1.));
#1937=IFCEXTRUDEDAREASOLID(#1933,#1935,#1936,0.3999999999999999);
#1938=IFCSHAPEREPRESENTATION(#11,'Body','SweptSolid',(#1937));
#1939=IFCPRODUCTDEFINITIONSHAPE($,$,(#1938));
#1940=IFCSTYLEDITEM(#1937,(#189),$);
#1941=IFCSLAB('3RsZaTTcSlBXyvKCcZKol$',$,'Guest block roof',$,$,#1945,#1957,$,.ROOF.);
#1942=IFCRELCONTAINEDINSPATIALSTRUCTURE('0iP2y2DkQ_6DtQbYZ1urFB',$,$,$,(#1941,#2598,#2616,#2634,#2666,#2681,#2735,#2749,#2763,#2777,#2791,#2837,#2851,#2865,#2883,#2901,#2915,#2929,#2943,#5336,#5390,#5404,#5418,#5432,#5446,#5524,#5538,#5552,#5646,#5692,#5706,#5720,#5734,#5748,#5763,#5778,#5793,#5808,#5823,#5838,#5853,#5866,#5879),#28);
#1943=IFCCARTESIANPOINT((0.,0.,0.30000000000000027));
#1944=IFCAXIS2PLACEMENT3D(#1943,$,$);
#1945=IFCLOCALPLACEMENT(#31,#1944);
#1946=IFCCARTESIANPOINT((17.,-1.));
#1947=IFCCARTESIANPOINT((21.,-1.));
#1948=IFCCARTESIANPOINT((21.,9.));
#1949=IFCCARTESIANPOINT((17.,9.));
#1950=IFCPOLYLINE((#1946,#1947,#1948,#1949,#1946));
#1951=IFCARBITRARYCLOSEDPROFILEDEF(.AREA.,$,#1950);
#1952=IFCCARTESIANPOINT((0.,0.,0.));
#1953=IFCAXIS2PLACEMENT3D(#1952,$,$);
#1954=IFCDIRECTION((0.,0.,1.));
#1955=IFCEXTRUDEDAREASOLID(#1951,#1953,#1954,0.3);
#1956=IFCSHAPEREPRESENTATION(#11,'Body','SweptSolid',(#1955));
#1957=IFCPRODUCTDEFINITIONSHAPE($,$,(#1956));
#1958=IFCSTYLEDITEM(#1955,(#189),$);
#1959=IFCSLAB('0839_18Ah9qVfu2su0WfBK',$,'Annex roof',$,$,#1962,#1974,$,.ROOF.);
#1960=IFCCARTESIANPOINT((0.,0.,2.9));
#1961=IFCAXIS2PLACEMENT3D(#1960,$,$);
#1962=IFCLOCALPLACEMENT(#26,#1961);
#1963=IFCCARTESIANPOINT((-7.,1.));
#1964=IFCCARTESIANPOINT((0.,1.));
#1965=IFCCARTESIANPOINT((0.,8.));
#1966=IFCCARTESIANPOINT((-7.,8.));
#1967=IFCPOLYLINE((#1963,#1964,#1965,#1966,#1963));
#1968=IFCARBITRARYCLOSEDPROFILEDEF(.AREA.,$,#1967);
#1969=IFCCARTESIANPOINT((0.,0.,0.));
#1970=IFCAXIS2PLACEMENT3D(#1969,$,$);
#1971=IFCDIRECTION((0.,0.,1.));
#1972=IFCEXTRUDEDAREASOLID(#1968,#1970,#1971,0.35);
#1973=IFCSHAPEREPRESENTATION(#11,'Body','SweptSolid',(#1972));
#1974=IFCPRODUCTDEFINITIONSHAPE($,$,(#1973));
#1975=IFCSTYLEDITEM(#1972,(#189),$);
#1976=IFCCOVERING('0TXWviWchGrNJ3VEJnWoaj',$,'Annex roof gravel',$,$,#1979,#1988,$,.ROOFING.);
#1977=IFCCARTESIANPOINT((0.,0.,0.));
#1978=IFCAXIS2PLACEMENT3D(#1977,$,$);
#1979=IFCLOCALPLACEMENT(#26,#1978);
#1980=IFCCARTESIANPOINT((3.3000000000000003,3.2));
#1981=IFCAXIS2PLACEMENT2D(#1980,$);
#1982=IFCRECTANGLEPROFILEDEF(.AREA.,$,#1981,6.6000000000000005,6.4);
#1983=IFCCARTESIANPOINT((-6.7,1.3,3.25));
#1984=IFCAXIS2PLACEMENT3D(#1983,$,$);
#1985=IFCDIRECTION((0.,0.,1.));
#1986=IFCEXTRUDEDAREASOLID(#1982,#1984,#1985,0.04999999999999982);
#1987=IFCSHAPEREPRESENTATION(#11,'Body','SweptSolid',(#1986));
#1988=IFCPRODUCTDEFINITIONSHAPE($,$,(#1987));
#1989=IFCCOLOURRGB($,0.8,0.78,0.73);
#1990=IFCSURFACESTYLERENDERING(#1989,0.,$,$,$,$,$,$,.NOTDEFINED.);
#1991=IFCSURFACESTYLE('rgba 0.8 0.78 0.73 1',.BOTH.,(#1990));
#1992=IFCSTYLEDITEM(#1986,(#1991),$);
#1993=IFCWALL('3d$o4jxvDMmcVT8btVAXVY',$,'Annex parapet south',$,$,#1996,#2005,$,.PARAPET.);
#1994=IFCCARTESIANPOINT((0.,0.,0.));
#1995=IFCAXIS2PLACEMENT3D(#1994,$,$);
#1996=IFCLOCALPLACEMENT(#26,#1995);
#1997=IFCCARTESIANPOINT((3.5,0.15000000000000002));
#1998=IFCAXIS2PLACEMENT2D(#1997,$);
#1999=IFCRECTANGLEPROFILEDEF(.AREA.,$,#1998,7.,0.30000000000000004);
#2000=IFCCARTESIANPOINT((-7.,1.,3.25));
#2001=IFCAXIS2PLACEMENT3D(#2000,$,$);
#2002=IFCDIRECTION((0.,0.,1.));
#2003=IFCEXTRUDEDAREASOLID(#1999,#2001,#2002,0.25);
#2004=IFCSHAPEREPRESENTATION(#11,'Body','SweptSolid',(#2003));
#2005=IFCPRODUCTDEFINITIONSHAPE($,$,(#2004));
#2006=IFCSTYLEDITEM(#2003,(#189),$);
#2007=IFCWALL('1iL_c4JvXLyGkq$WglkpMj',$,'Annex parapet west',$,$,#2010,#2019,$,.PARAPET.);
#2008=IFCCARTESIANPOINT((0.,0.,0.));
#2009=IFCAXIS2PLACEMENT3D(#2008,$,$);
#2010=IFCLOCALPLACEMENT(#26,#2009);
#2011=IFCCARTESIANPOINT((0.1499999999999999,3.2));
#2012=IFCAXIS2PLACEMENT2D(#2011,$);
#2013=IFCRECTANGLEPROFILEDEF(.AREA.,$,#2012,0.2999999999999998,6.4);
#2014=IFCCARTESIANPOINT((-7.,1.3,3.25));
#2015=IFCAXIS2PLACEMENT3D(#2014,$,$);
#2016=IFCDIRECTION((0.,0.,1.));
#2017=IFCEXTRUDEDAREASOLID(#2013,#2015,#2016,0.25);
#2018=IFCSHAPEREPRESENTATION(#11,'Body','SweptSolid',(#2017));
#2019=IFCPRODUCTDEFINITIONSHAPE($,$,(#2018));
#2020=IFCSTYLEDITEM(#2017,(#189),$);
#2021=IFCWALL('0L5cFHCwYNTzeUIVBCpEzg',$,'Annex parapet north',$,$,#2024,#2033,$,.PARAPET.);
#2022=IFCCARTESIANPOINT((0.,0.,0.));
#2023=IFCAXIS2PLACEMENT3D(#2022,$,$);
#2024=IFCLOCALPLACEMENT(#26,#2023);
#2025=IFCCARTESIANPOINT((3.5,0.1499999999999999));
#2026=IFCAXIS2PLACEMENT2D(#2025,$);
#2027=IFCRECTANGLEPROFILEDEF(.AREA.,$,#2026,7.,0.2999999999999998);
#2028=IFCCARTESIANPOINT((-7.,7.7,3.25));
#2029=IFCAXIS2PLACEMENT3D(#2028,$,$);
#2030=IFCDIRECTION((0.,0.,1.));
#2031=IFCEXTRUDEDAREASOLID(#2027,#2029,#2030,0.25);
#2032=IFCSHAPEREPRESENTATION(#11,'Body','SweptSolid',(#2031));
#2033=IFCPRODUCTDEFINITIONSHAPE($,$,(#2032));
#2034=IFCSTYLEDITEM(#2031,(#189),$);
#2035=IFCWALL('3N7PjhGC6_$I$1Rl3UJVVe',$,'Guest block parapet',$,$,#2038,#2047,$,.PARAPET.);
#2036=IFCCARTESIANPOINT((0.,0.,0.));
#2037=IFCAXIS2PLACEMENT3D(#2036,$,$);
#2038=IFCLOCALPLACEMENT(#26,#2037);
#2039=IFCCARTESIANPOINT((2.,0.15000000000000002));
#2040=IFCAXIS2PLACEMENT2D(#2039,$);
#2041=IFCRECTANGLEPROFILEDEF(.AREA.,$,#2040,4.,0.30000000000000004);
#2042=IFCCARTESIANPOINT((17.,-1.,3.9));
#2043=IFCAXIS2PLACEMENT3D(#2042,$,$);
#2044=IFCDIRECTION((0.,0.,1.));
#2045=IFCEXTRUDEDAREASOLID(#2041,#2043,#2044,0.30000000000000027);
#2046=IFCSHAPEREPRESENTATION(#11,'Body','SweptSolid',(#2045));
#2047=IFCPRODUCTDEFINITIONSHAPE($,$,(#2046));
#2048=IFCSTYLEDITEM(#2045,(#189),$);
#2049=IFCWALL('04FgkoyNlAI_ifKc5G_zmg',$,'Guest block parapet east',$,$,#2052,#2061,$,.PARAPET.);
#2050=IFCCARTESIANPOINT((0.,0.,0.));
#2051=IFCAXIS2PLACEMENT3D(#2050,$,$);
#2052=IFCLOCALPLACEMENT(#26,#2051);
#2053=IFCCARTESIANPOINT((0.15000000000000036,4.85));
#2054=IFCAXIS2PLACEMENT2D(#2053,$);
#2055=IFCRECTANGLEPROFILEDEF(.AREA.,$,#2054,0.3000000000000007,9.7);
#2056=IFCCARTESIANPOINT((20.7,-0.7,3.9));
#2057=IFCAXIS2PLACEMENT3D(#2056,$,$);
#2058=IFCDIRECTION((0.,0.,1.));
#2059=IFCEXTRUDEDAREASOLID(#2055,#2057,#2058,0.30000000000000027);
#2060=IFCSHAPEREPRESENTATION(#11,'Body','SweptSolid',(#2059));
#2061=IFCPRODUCTDEFINITIONSHAPE($,$,(#2060));
#2062=IFCSTYLEDITEM(#2059,(#189),$);
#2063=IFCWALL('0cDi8PHG8wjGJ6waLFUQto',$,'Guest block parapet north',$,$,#2066,#2075,$,.PARAPET.);
#2064=IFCCARTESIANPOINT((0.,0.,0.));
#2065=IFCAXIS2PLACEMENT3D(#2064,$,$);
#2066=IFCLOCALPLACEMENT(#26,#2065);
#2067=IFCCARTESIANPOINT((1.8499999999999996,0.15000000000000036));
#2068=IFCAXIS2PLACEMENT2D(#2067,$);
#2069=IFCRECTANGLEPROFILEDEF(.AREA.,$,#2068,3.6999999999999993,0.3000000000000007);
#2070=IFCCARTESIANPOINT((17.,8.7,3.9));
#2071=IFCAXIS2PLACEMENT3D(#2070,$,$);
#2072=IFCDIRECTION((0.,0.,1.));
#2073=IFCEXTRUDEDAREASOLID(#2069,#2071,#2072,0.30000000000000027);
#2074=IFCSHAPEREPRESENTATION(#11,'Body','SweptSolid',(#2073));
#2075=IFCPRODUCTDEFINITIONSHAPE($,$,(#2074));
#2076=IFCSTYLEDITEM(#2073,(#189),$);
#2077=IFCCOVERING('3zKQAjHeMZTC_MTK82N8N$',$,'Guest block cladding towards the roof terrace',$,$,#2080,#2089,$,.CLADDING.);
#2078=IFCCARTESIANPOINT((0.,0.,0.));
#2079=IFCAXIS2PLACEMENT3D(#2078,$,$);
#2080=IFCLOCALPLACEMENT(#26,#2079);
#2081=IFCCARTESIANPOINT((0.15000000000000036,4.35));
#2082=IFCAXIS2PLACEMENT2D(#2081,$);
#2083=IFCRECTANGLEPROFILEDEF(.AREA.,$,#2082,0.3000000000000007,8.7);
#2084=IFCCARTESIANPOINT((17.,0.,3.3));
#2085=IFCAXIS2PLACEMENT3D(#2084,$,$);
#2086=IFCDIRECTION((0.,0.,1.));
#2087=IFCEXTRUDEDAREASOLID(#2083,#2085,#2086,0.6000000000000001);
#2088=IFCSHAPEREPRESENTATION(#11,'Body','SweptSolid',(#2087));
#2089=IFCPRODUCTDEFINITIONSHAPE($,$,(#2088));
#2090=IFCSTYLEDITEM(#2087,(#1233),$);
#2091=IFCWALL('0Z2U6Es0X3$dFrmZ9Gz2Wu',$,'Guest block parapet west',$,$,#2094,#2103,$,.PARAPET.);
#2092=IFCCARTESIANPOINT((0.,0.,0.));
#2093=IFCAXIS2PLACEMENT3D(#2092,$,$);
#2094=IFCLOCALPLACEMENT(#26,#2093);
#2095=IFCCARTESIANPOINT((0.15000000000000036,4.7));
#2096=IFCAXIS2PLACEMENT2D(#2095,$);
#2097=IFCRECTANGLEPROFILEDEF(.AREA.,$,#2096,0.3000000000000007,9.4);
#2098=IFCCARTESIANPOINT((17.,-0.7,3.9));
#2099=IFCAXIS2PLACEMENT3D(#2098,$,$);
#2100=IFCDIRECTION((0.,0.,1.));
#2101=IFCEXTRUDEDAREASOLID(#2097,#2099,#2100,0.30000000000000027);
#2102=IFCSHAPEREPRESENTATION(#11,'Body','SweptSolid',(#2101));
#2103=IFCPRODUCTDEFINITIONSHAPE($,$,(#2102));
#2104=IFCSTYLEDITEM(#2101,(#189),$);
#2105=IFCWALL('24lmwMQELVxoo4mtoBzNqz',$,'Guest block north wall head',$,$,#2108,#2117,$,$);
#2106=IFCCARTESIANPOINT((0.,0.,0.));
#2107=IFCAXIS2PLACEMENT3D(#2106,$,$);
#2108=IFCLOCALPLACEMENT(#26,#2107);
#2109=IFCCARTESIANPOINT((2.,0.15000000000000036));
#2110=IFCAXIS2PLACEMENT2D(#2109,$);
#2111=IFCRECTANGLEPROFILEDEF(.AREA.,$,#2110,4.,0.3000000000000007);
#2112=IFCCARTESIANPOINT((17.,8.7,2.9));
#2113=IFCAXIS2PLACEMENT3D(#2112,$,$);
#2114=IFCDIRECTION((0.,0.,1.));
#2115=IFCEXTRUDEDAREASOLID(#2111,#2113,#2114,0.7000000000000002);
#2116=IFCSHAPEREPRESENTATION(#11,'Body','SweptSolid',(#2115));
#2117=IFCPRODUCTDEFINITIONSHAPE($,$,(#2116));
#2118=IFCSTYLEDITEM(#2115,(#189),$);
#2119=IFCCOVERING('3r6Xwks6Y5cQEvhbD0EHX6',$,'Guest block roof gravel',$,$,#2122,#2131,$,.ROOFING.);
#2120=IFCCARTESIANPOINT((0.,0.,0.));
#2121=IFCAXIS2PLACEMENT3D(#2120,$,$);
#2122=IFCLOCALPLACEMENT(#26,#2121);
#2123=IFCCARTESIANPOINT((1.6999999999999993,4.7));
#2124=IFCAXIS2PLACEMENT2D(#2123,$);
#2125=IFCRECTANGLEPROFILEDEF(.AREA.,$,#2124,3.3999999999999986,9.4);
#2126=IFCCARTESIANPOINT((17.3,-0.7,3.9));
#2127=IFCAXIS2PLACEMENT3D(#2126,$,$);
#2128=IFCDIRECTION((0.,0.,1.));
#2129=IFCEXTRUDEDAREASOLID(#2125,#2127,#2128,0.050000000000000266);
#2130=IFCSHAPEREPRESENTATION(#11,'Body','SweptSolid',(#2129));
#2131=IFCPRODUCTDEFINITIONSHAPE($,$,(#2130));
#2132=IFCSTYLEDITEM(#2129,(#1991),$);
#2133=IFCBUILDINGELEMENTPROXY('1s057L7WXfbQ3xdWgP5RH4',$,'Pergola steel frame',$,'Pergola',#2136,#2145,$,$);
#2134=IFCCARTESIANPOINT((0.,0.,0.));
#2135=IFCAXIS2PLACEMENT3D(#2134,$,$);
#2136=IFCLOCALPLACEMENT(#26,#2135);
#2137=IFCCARTESIANPOINT((0.07000000000000028,0.06999999999999984));
#2138=IFCAXIS2PLACEMENT2D(#2137,$);
#2139=IFCRECTANGLEPROFILEDEF(.AREA.,$,#2138,0.14000000000000057,0.13999999999999968);
#2140=IFCCARTESIANPOINT((-9.,-5.,0.));
#2141=IFCAXIS2PLACEMENT3D(#2140,$,$);
#2142=IFCDIRECTION((0.,0.,1.));
#2143=IFCEXTRUDEDAREASOLID(#2139,#2141,#2142,2.8);
#2144=IFCSHAPEREPRESENTATION(#11,'Body','SweptSolid',(#2143,#2153,#2161,#2169,#2177,#2185,#2193,#2201,#2209,#2217,#2225,#2233,#2241,#2249,#2257));
#2145=IFCPRODUCTDEFINITIONSHAPE($,$,(#2144));
#2146=IFCSTYLEDITEM(#2143,(#910),$);
#2147=IFCCARTESIANPOINT((0.07000000000000028,0.07));
#2148=IFCAXIS2PLACEMENT2D(#2147,$);
#2149=IFCRECTANGLEPROFILEDEF(.AREA.,$,#2148,0.14000000000000057,0.14);
#2150=IFCCARTESIANPOINT((-9.,0.8,0.));
#2151=IFCAXIS2PLACEMENT3D(#2150,$,$);
#2152=IFCDIRECTION((0.,0.,1.));
#2153=IFCEXTRUDEDAREASOLID(#2149,#2151,#2152,2.8);
#2154=IFCSTYLEDITEM(#2153,(#914),$);
#2155=IFCCARTESIANPOINT((0.06999999999999984,0.06999999999999984));
#2156=IFCAXIS2PLACEMENT2D(#2155,$);
#2157=IFCRECTANGLEPROFILEDEF(.AREA.,$,#2156,0.13999999999999968,0.13999999999999968);
#2158=IFCCARTESIANPOINT((-4.6,-5.,0.));
#2159=IFCAXIS2PLACEMENT3D(#2158,$,$);
#2160=IFCDIRECTION((0.,0.,1.));
#2161=IFCEXTRUDEDAREASOLID(#2157,#2159,#2160,2.8);
#2162=IFCSTYLEDITEM(#2161,(#914),$);
#2163=IFCCARTESIANPOINT((0.06999999999999984,0.07));
#2164=IFCAXIS2PLACEMENT2D(#2163,$);
#2165=IFCRECTANGLEPROFILEDEF(.AREA.,$,#2164,0.13999999999999968,0.14);
#2166=IFCCARTESIANPOINT((-4.6,0.8,0.));
#2167=IFCAXIS2PLACEMENT3D(#2166,$,$);
#2168=IFCDIRECTION((0.,0.,1.));
#2169=IFCEXTRUDEDAREASOLID(#2165,#2167,#2168,2.8);
#2170=IFCSTYLEDITEM(#2169,(#914),$);
#2171=IFCCARTESIANPOINT((0.07,0.06999999999999984));
#2172=IFCAXIS2PLACEMENT2D(#2171,$);
#2173=IFCRECTANGLEPROFILEDEF(.AREA.,$,#2172,0.14,0.13999999999999968);
#2174=IFCCARTESIANPOINT((-0.2,-5.,0.));
#2175=IFCAXIS2PLACEMENT3D(#2174,$,$);
#2176=IFCDIRECTION((0.,0.,1.));
#2177=IFCEXTRUDEDAREASOLID(#2173,#2175,#2176,2.8);
#2178=IFCSTYLEDITEM(#2177,(#914),$);
#2179=IFCCARTESIANPOINT((0.07,0.07));
#2180=IFCAXIS2PLACEMENT2D(#2179,$);
#2181=IFCRECTANGLEPROFILEDEF(.AREA.,$,#2180,0.14,0.14);
#2182=IFCCARTESIANPOINT((-0.2,0.8,0.));
#2183=IFCAXIS2PLACEMENT3D(#2182,$,$);
#2184=IFCDIRECTION((0.,0.,1.));
#2185=IFCEXTRUDEDAREASOLID(#2181,#2183,#2184,2.8);
#2186=IFCSTYLEDITEM(#2185,(#914),$);
#2187=IFCCARTESIANPOINT((4.47,0.06999999999999984));
#2188=IFCAXIS2PLACEMENT2D(#2187,$);
#2189=IFCRECTANGLEPROFILEDEF(.AREA.,$,#2188,8.94,0.13999999999999968);
#2190=IFCCARTESIANPOINT((-9.,-5.,2.8));
#2191=IFCAXIS2PLACEMENT3D(#2190,$,$);
#2192=IFCDIRECTION((0.,0.,1.));
#2193=IFCEXTRUDEDAREASOLID(#2189,#2191,#2192,0.2200000000000002);
#2194=IFCSTYLEDITEM(#2193,(#914),$);
#2195=IFCCARTESIANPOINT((4.47,0.07));
#2196=IFCAXIS2PLACEMENT2D(#2195,$);
#2197=IFCRECTANGLEPROFILEDEF(.AREA.,$,#2196,8.94,0.14);
#2198=IFCCARTESIANPOINT((-9.,0.8,2.8));
#2199=IFCAXIS2PLACEMENT3D(#2198,$,$);
#2200=IFCDIRECTION((0.,0.,1.));
#2201=IFCEXTRUDEDAREASOLID(#2197,#2199,#2200,0.2200000000000002);
#2202=IFCSTYLEDITEM(#2201,(#914),$);
#2203=IFCCARTESIANPOINT((0.04999999999999982,2.9699999999999998));
#2204=IFCAXIS2PLACEMENT2D(#2203,$);
#2205=IFCRECTANGLEPROFILEDEF(.AREA.,$,#2204,0.09999999999999964,5.9399999999999995);
#2206=IFCCARTESIANPOINT((-9.,-5.,2.8));
#2207=IFCAXIS2PLACEMENT3D(#2206,$,$);
#2208=IFCDIRECTION((0.,0.,1.));
#2209=IFCEXTRUDEDAREASOLID(#2205,#2207,#2208,0.2200000000000002);
#2210=IFCSTYLEDITEM(#2209,(#914),$);
#2211=IFCCARTESIANPOINT((0.04999999999999982,2.9699999999999998));
#2212=IFCAXIS2PLACEMENT2D(#2211,$);
#2213=IFCRECTANGLEPROFILEDEF(.AREA.,$,#2212,0.09999999999999964,5.9399999999999995);
#2214=IFCCARTESIANPOINT((-7.533333333333333,-5.,2.8));
#2215=IFCAXIS2PLACEMENT3D(#2214,$,$);
#2216=IFCDIRECTION((0.,0.,1.));
#2217=IFCEXTRUDEDAREASOLID(#2213,#2215,#2216,0.2200000000000002);
#2218=IFCSTYLEDITEM(#2217,(#914),$);
#2219=IFCCARTESIANPOINT((0.04999999999999982,2.9699999999999998));
#2220=IFCAXIS2PLACEMENT2D(#2219,$);
#2221=IFCRECTANGLEPROFILEDEF(.AREA.,$,#2220,0.09999999999999964,5.9399999999999995);
#2222=IFCCARTESIANPOINT((-6.066666666666666,-5.,2.8));
#2223=IFCAXIS2PLACEMENT3D(#2222,$,$);
#2224=IFCDIRECTION((0.,0.,1.));
#2225=IFCEXTRUDEDAREASOLID(#2221,#2223,#2224,0.2200000000000002);
#2226=IFCSTYLEDITEM(#2225,(#914),$);
#2227=IFCCARTESIANPOINT((0.04999999999999982,2.9699999999999998));
#2228=IFCAXIS2PLACEMENT2D(#2227,$);
#2229=IFCRECTANGLEPROFILEDEF(.AREA.,$,#2228,0.09999999999999964,5.9399999999999995);
#2230=IFCCARTESIANPOINT((-4.6,-5.,2.8));
#2231=IFCAXIS2PLACEMENT3D(#2230,$,$);
#2232=IFCDIRECTION((0.,0.,1.));
#2233=IFCEXTRUDEDAREASOLID(#2229,#2231,#2232,0.2200000000000002);
#2234=IFCSTYLEDITEM(#2233,(#914),$);
#2235=IFCCARTESIANPOINT((0.05000000000000004,2.9699999999999998));
#2236=IFCAXIS2PLACEMENT2D(#2235,$);
#2237=IFCRECTANGLEPROFILEDEF(.AREA.,$,#2236,0.10000000000000007,5.9399999999999995);
#2238=IFCCARTESIANPOINT((-3.133333333333333,-5.,2.8));
#2239=IFCAXIS2PLACEMENT3D(#2238,$,$);
#2240=IFCDIRECTION((0.,0.,1.));
#2241=IFCEXTRUDEDAREASOLID(#2237,#2239,#2240,0.2200000000000002);
#2242=IFCSTYLEDITEM(#2241,(#914),$);
#2243=IFCCARTESIANPOINT((0.05000000000000004,2.9699999999999998));
#2244=IFCAXIS2PLACEMENT2D(#2243,$);
#2245=IFCRECTANGLEPROFILEDEF(.AREA.,$,#2244,0.10000000000000007,5.9399999999999995);
#2246=IFCCARTESIANPOINT((-1.666666666666666,-5.,2.8));
#2247=IFCAXIS2PLACEMENT3D(#2246,$,$);
#2248=IFCDIRECTION((0.,0.,1.));
#2249=IFCEXTRUDEDAREASOLID(#2245,#2247,#2248,0.2200000000000002);
#2250=IFCSTYLEDITEM(#2249,(#914),$);
#2251=IFCCARTESIANPOINT((0.05,2.9699999999999998));
#2252=IFCAXIS2PLACEMENT2D(#2251,$);
#2253=IFCRECTANGLEPROFILEDEF(.AREA.,$,#2252,0.1,5.9399999999999995);
#2254=IFCCARTESIANPOINT((-0.1999999999999993,-5.,2.8));
#2255=IFCAXIS2PLACEMENT3D(#2254,$,$);
#2256=IFCDIRECTION((0.,0.,1.));
#2257=IFCEXTRUDEDAREASOLID(#2253,#2255,#2256,0.2200000000000002);
#2258=IFCSTYLEDITEM(#2257,(#914),$);
#2259=IFCPLATE('0t5Vm3jcSSMJDrdaH8fqwL',$,'Solar glass 1.1',$,'Photovoltaic glass',#2262,#2271,$,$);
#2260=IFCCARTESIANPOINT((0.,0.,0.));
#2261=IFCAXIS2PLACEMENT3D(#2260,$,$);
#2262=IFCLOCALPLACEMENT(#26,#2261);
#2263=IFCCARTESIANPOINT((0.6633333333333336,0.7149999999999997));
#2264=IFCAXIS2PLACEMENT2D(#2263,$);
#2265=IFCRECTANGLEPROFILEDEF(.AREA.,$,#2264,1.326666666666667,1.4299999999999995);
#2266=IFCCARTESIANPOINT((-8.88,-4.95,3.02));
#2267=IFCAXIS2PLACEMENT3D(#2266,$,$);
#2268=IFCDIRECTION((0.,0.,1.));
#2269=IFCEXTRUDEDAREASOLID(#2265,#2267,#2268,0.029999999999999805);
#2270=IFCSHAPEREPRESENTATION(#11,'Body','SweptSolid',(#2269));
#2271=IFCPRODUCTDEFINITIONSHAPE($,$,(#2270));
#2272=IFCCOLOURRGB($,0.1,0.16,0.3);
#2273=IFCSURFACESTYLERENDERING(#2272,0.25,$,$,$,$,$,$,.NOTDEFINED.);
#2274=IFCSURFACESTYLE('rgba 0.1 0.16 0.3 0.75',.BOTH.,(#2273));
#2275=IFCSTYLEDITEM(#2269,(#2274),$);
#2276=IFCPLATE('1r8EFC6oK9ipf2lzG9picb',$,'Solar glass 1.2',$,'Photovoltaic glass',#2279,#2288,$,$);
#2277=IFCCARTESIANPOINT((0.,0.,0.));
#2278=IFCAXIS2PLACEMENT3D(#2277,$,$);
#2279=IFCLOCALPLACEMENT(#26,#2278);
#2280=IFCCARTESIANPOINT((0.6633333333333336,0.7149999999999997));
#2281=IFCAXIS2PLACEMENT2D(#2280,$);
#2282=IFCRECTANGLEPROFILEDEF(.AREA.,$,#2281,1.326666666666667,1.4299999999999995);
#2283=IFCCARTESIANPOINT((-8.88,-3.4800000000000004,3.02));
#2284=IFCAXIS2PLACEMENT3D(#2283,$,$);
#2285=IFCDIRECTION((0.,0.,1.));
#2286=IFCEXTRUDEDAREASOLID(#2282,#2284,#2285,0.029999999999999805);
#2287=IFCSHAPEREPRESENTATION(#11,'Body','SweptSolid',(#2286));
#2288=IFCPRODUCTDEFINITIONSHAPE($,$,(#2287));
#2289=IFCSTYLEDITEM(#2286,(#2274),$);
#2290=IFCPLATE('1canFwXCVPrUMz3tZARyL1',$,'Solar glass 1.3',$,'Photovoltaic glass',#2293,#2302,$,$);
#2291=IFCCARTESIANPOINT((0.,0.,0.));
#2292=IFCAXIS2PLACEMENT3D(#2291,$,$);
#2293=IFCLOCALPLACEMENT(#26,#2292);
#2294=IFCCARTESIANPOINT((0.6633333333333336,0.715));
#2295=IFCAXIS2PLACEMENT2D(#2294,$);
#2296=IFCRECTANGLEPROFILEDEF(.AREA.,$,#2295,1.326666666666667,1.43);
#2297=IFCCARTESIANPOINT((-8.88,-2.01,3.02));
#2298=IFCAXIS2PLACEMENT3D(#2297,$,$);
#2299=IFCDIRECTION((0.,0.,1.));
#2300=IFCEXTRUDEDAREASOLID(#2296,#2298,#2299,0.029999999999999805);
#2301=IFCSHAPEREPRESENTATION(#11,'Body','SweptSolid',(#2300));
#2302=IFCPRODUCTDEFINITIONSHAPE($,$,(#2301));
#2303=IFCSTYLEDITEM(#2300,(#2274),$);
#2304=IFCPLATE('3Fq3tWos92epdHIXylELy7',$,'Solar glass 1.4',$,'Photovoltaic glass',#2307,#2316,$,$);
#2305=IFCCARTESIANPOINT((0.,0.,0.));
#2306=IFCAXIS2PLACEMENT3D(#2305,$,$);
#2307=IFCLOCALPLACEMENT(#26,#2306);
#2308=IFCCARTESIANPOINT((0.6633333333333336,0.715));
#2309=IFCAXIS2PLACEMENT2D(#2308,$);
#2310=IFCRECTANGLEPROFILEDEF(.AREA.,$,#2309,1.326666666666667,1.43);
#2311=IFCCARTESIANPOINT((-8.88,-0.54,3.02));
#2312=IFCAXIS2PLACEMENT3D(#2311,$,$);
#2313=IFCDIRECTION((0.,0.,1.));
#2314=IFCEXTRUDEDAREASOLID(#2310,#2312,#2313,0.029999999999999805);
#2315=IFCSHAPEREPRESENTATION(#11,'Body','SweptSolid',(#2314));
#2316=IFCPRODUCTDEFINITIONSHAPE($,$,(#2315));
#2317=IFCSTYLEDITEM(#2314,(#2274),$);
#2318=IFCPLATE('0ibREDpKSiu89Bfu_Q7h5u',$,'Solar glass 2.1',$,'Photovoltaic glass',#2321,#2330,$,$);
#2319=IFCCARTESIANPOINT((0.,0.,0.));
#2320=IFCAXIS2PLACEMENT3D(#2319,$,$);
#2321=IFCLOCALPLACEMENT(#26,#2320);
#2322=IFCCARTESIANPOINT((0.6633333333333336,0.7149999999999997));
#2323=IFCAXIS2PLACEMENT2D(#2322,$);
#2324=IFCRECTANGLEPROFILEDEF(.AREA.,$,#2323,1.326666666666667,1.4299999999999995);
#2325=IFCCARTESIANPOINT((-7.413333333333333,-4.95,3.02));
#2326=IFCAXIS2PLACEMENT3D(#2325,$,$);
#2327=IFCDIRECTION((0.,0.,1.));
#2328=IFCEXTRUDEDAREASOLID(#2324,#2326,#2327,0.029999999999999805);
#2329=IFCSHAPEREPRESENTATION(#11,'Body','SweptSolid',(#2328));
#2330=IFCPRODUCTDEFINITIONSHAPE($,$,(#2329));
#2331=IFCSTYLEDITEM(#2328,(#2274),$);
#2332=IFCPLATE('2jhxkk1Jev1uTQKobsdZeP',$,'Solar glass 2.2',$,'Photovoltaic glass',#2335,#2344,$,$);
#2333=IFCCARTESIANPOINT((0.,0.,0.));
#2334=IFCAXIS2PLACEMENT3D(#2333,$,$);
#2335=IFCLOCALPLACEMENT(#26,#2334);
#2336=IFCCARTESIANPOINT((0.6633333333333336,0.7149999999999997));
#2337=IFCAXIS2PLACEMENT2D(#2336,$);
#2338=IFCRECTANGLEPROFILEDEF(.AREA.,$,#2337,1.326666666666667,1.4299999999999995);
#2339=IFCCARTESIANPOINT((-7.413333333333333,-3.4800000000000004,3.02));
#2340=IFCAXIS2PLACEMENT3D(#2339,$,$);
#2341=IFCDIRECTION((0.,0.,1.));
#2342=IFCEXTRUDEDAREASOLID(#2338,#2340,#2341,0.029999999999999805);
#2343=IFCSHAPEREPRESENTATION(#11,'Body','SweptSolid',(#2342));
#2344=IFCPRODUCTDEFINITIONSHAPE($,$,(#2343));
#2345=IFCSTYLEDITEM(#2342,(#2274),$);
#2346=IFCPLATE('35tsz2nw4N5O0ir2wy6E_t',$,'Solar glass 2.3',$,'Photovoltaic glass',#2349,#2358,$,$);
#2347=IFCCARTESIANPOINT((0.,0.,0.));
#2348=IFCAXIS2PLACEMENT3D(#2347,$,$);
#2349=IFCLOCALPLACEMENT(#26,#2348);
#2350=IFCCARTESIANPOINT((0.6633333333333336,0.715));
#2351=IFCAXIS2PLACEMENT2D(#2350,$);
#2352=IFCRECTANGLEPROFILEDEF(.AREA.,$,#2351,1.326666666666667,1.43);
#2353=IFCCARTESIANPOINT((-7.413333333333333,-2.01,3.02));
#2354=IFCAXIS2PLACEMENT3D(#2353,$,$);
#2355=IFCDIRECTION((0.,0.,1.));
#2356=IFCEXTRUDEDAREASOLID(#2352,#2354,#2355,0.029999999999999805);
#2357=IFCSHAPEREPRESENTATION(#11,'Body','SweptSolid',(#2356));
#2358=IFCPRODUCTDEFINITIONSHAPE($,$,(#2357));
#2359=IFCSTYLEDITEM(#2356,(#2274),$);
#2360=IFCPLATE('2HRgZFKMHeo_BxH8Zxhd2z',$,'Solar glass 2.4',$,'Photovoltaic glass',#2363,#2372,$,$);
#2361=IFCCARTESIANPOINT((0.,0.,0.));
#2362=IFCAXIS2PLACEMENT3D(#2361,$,$);
#2363=IFCLOCALPLACEMENT(#26,#2362);
#2364=IFCCARTESIANPOINT((0.6633333333333336,0.715));
#2365=IFCAXIS2PLACEMENT2D(#2364,$);
#2366=IFCRECTANGLEPROFILEDEF(.AREA.,$,#2365,1.326666666666667,1.43);
#2367=IFCCARTESIANPOINT((-7.413333333333333,-0.54,3.02));
#2368=IFCAXIS2PLACEMENT3D(#2367,$,$);
#2369=IFCDIRECTION((0.,0.,1.));
#2370=IFCEXTRUDEDAREASOLID(#2366,#2368,#2369,0.029999999999999805);
#2371=IFCSHAPEREPRESENTATION(#11,'Body','SweptSolid',(#2370));
#2372=IFCPRODUCTDEFINITIONSHAPE($,$,(#2371));
#2373=IFCSTYLEDITEM(#2370,(#2274),$);
#2374=IFCPLATE('1Z7W5gTTX6JepaW3LOfILw',$,'Solar glass 3.1',$,'Photovoltaic glass',#2377,#2386,$,$);
#2375=IFCCARTESIANPOINT((0.,0.,0.));
#2376=IFCAXIS2PLACEMENT3D(#2375,$,$);
#2377=IFCLOCALPLACEMENT(#26,#2376);
#2378=IFCCARTESIANPOINT((0.6633333333333336,0.7149999999999997));
#2379=IFCAXIS2PLACEMENT2D(#2378,$);
#2380=IFCRECTANGLEPROFILEDEF(.AREA.,$,#2379,1.326666666666667,1.4299999999999995);
#2381=IFCCARTESIANPOINT((-5.946666666666666,-4.95,3.02));
#2382=IFCAXIS2PLACEMENT3D(#2381,$,$);
#2383=IFCDIRECTION((0.,0.,1.));
#2384=IFCEXTRUDEDAREASOLID(#2380,#2382,#2383,0.029999999999999805);
#2385=IFCSHAPEREPRESENTATION(#11,'Body','SweptSolid',(#2384));
#2386=IFCPRODUCTDEFINITIONSHAPE($,$,(#2385));
#2387=IFCSTYLEDITEM(#2384,(#2274),$);
#2388=IFCPLATE('0OmcTb_g4mNBxsjUPV0909',$,'Solar glass 3.2',$,'Photovoltaic glass',#2391,#2400,$,$);
#2389=IFCCARTESIANPOINT((0.,0.,0.));
#2390=IFCAXIS2PLACEMENT3D(#2389,$,$);
#2391=IFCLOCALPLACEMENT(#26,#2390);
#2392=IFCCARTESIANPOINT((0.6633333333333336,0.7149999999999997));
#2393=IFCAXIS2PLACEMENT2D(#2392,$);
#2394=IFCRECTANGLEPROFILEDEF(.AREA.,$,#2393,1.326666666666667,1.4299999999999995);
#2395=IFCCARTESIANPOINT((-5.946666666666666,-3.4800000000000004,3.02));
#2396=IFCAXIS2PLACEMENT3D(#2395,$,$);
#2397=IFCDIRECTION((0.,0.,1.));
#2398=IFCEXTRUDEDAREASOLID(#2394,#2396,#2397,0.029999999999999805);
#2399=IFCSHAPEREPRESENTATION(#11,'Body','SweptSolid',(#2398));
#2400=IFCPRODUCTDEFINITIONSHAPE($,$,(#2399));
#2401=IFCSTYLEDITEM(#2398,(#2274),$);
#2402=IFCPLATE('1qc2Peyoq0G0klrzdYX$$2',$,'Solar glass 3.3',$,'Photovoltaic glass',#2405,#2414,$,$);
#2403=IFCCARTESIANPOINT((0.,0.,0.));
#2404=IFCAXIS2PLACEMENT3D(#2403,$,$);
#2405=IFCLOCALPLACEMENT(#26,#2404);
#2406=IFCCARTESIANPOINT((0.6633333333333336,0.715));
#2407=IFCAXIS2PLACEMENT2D(#2406,$);
#2408=IFCRECTANGLEPROFILEDEF(.AREA.,$,#2407,1.326666666666667,1.43);
#2409=IFCCARTESIANPOINT((-5.946666666666666,-2.01,3.02));
#2410=IFCAXIS2PLACEMENT3D(#2409,$,$);
#2411=IFCDIRECTION((0.,0.,1.));
#2412=IFCEXTRUDEDAREASOLID(#2408,#2410,#2411,0.029999999999999805);
#2413=IFCSHAPEREPRESENTATION(#11,'Body','SweptSolid',(#2412));
#2414=IFCPRODUCTDEFINITIONSHAPE($,$,(#2413));
#2415=IFCSTYLEDITEM(#2412,(#2274),$);
#2416=IFCPLATE('0ZRDi5LdnBpNnd8w$lCOQs',$,'Solar glass 3.4',$,'Photovoltaic glass',#2419,#2428,$,$);
#2417=IFCCARTESIANPOINT((0.,0.,0.));
#2418=IFCAXIS2PLACEMENT3D(#2417,$,$);
#2419=IFCLOCALPLACEMENT(#26,#2418);
#2420=IFCCARTESIANPOINT((0.6633333333333336,0.715));
#2421=IFCAXIS2PLACEMENT2D(#2420,$);
#2422=IFCRECTANGLEPROFILEDEF(.AREA.,$,#2421,1.326666666666667,1.43);
#2423=IFCCARTESIANPOINT((-5.946666666666666,-0.54,3.02));
#2424=IFCAXIS2PLACEMENT3D(#2423,$,$);
#2425=IFCDIRECTION((0.,0.,1.));
#2426=IFCEXTRUDEDAREASOLID(#2422,#2424,#2425,0.029999999999999805);
#2427=IFCSHAPEREPRESENTATION(#11,'Body','SweptSolid',(#2426));
#2428=IFCPRODUCTDEFINITIONSHAPE($,$,(#2427));
#2429=IFCSTYLEDITEM(#2426,(#2274),$);
#2430=IFCPLATE('2huvyeMQ_yak0SAy_87Rju',$,'Solar glass 4.1',$,'Photovoltaic glass',#2433,#2442,$,$);
#2431=IFCCARTESIANPOINT((0.,0.,0.));
#2432=IFCAXIS2PLACEMENT3D(#2431,$,$);
#2433=IFCLOCALPLACEMENT(#26,#2432);
#2434=IFCCARTESIANPOINT((0.6633333333333334,0.7149999999999997));
#2435=IFCAXIS2PLACEMENT2D(#2434,$);
#2436=IFCRECTANGLEPROFILEDEF(.AREA.,$,#2435,1.3266666666666669,1.4299999999999995);
#2437=IFCCARTESIANPOINT((-4.4799999999999995,-4.95,3.02));
#2438=IFCAXIS2PLACEMENT3D(#2437,$,$);
#2439=IFCDIRECTION((0.,0.,1.));
#2440=IFCEXTRUDEDAREASOLID(#2436,#2438,#2439,0.029999999999999805);
#2441=IFCSHAPEREPRESENTATION(#11,'Body','SweptSolid',(#2440));
#2442=IFCPRODUCTDEFINITIONSHAPE($,$,(#2441));
#2443=IFCSTYLEDITEM(#2440,(#2274),$);
#2444=IFCPLATE('3K7LzAarIfMB$c4Kx81yTK',$,'Solar glass 4.2',$,'Photovoltaic glass',#2447,#2456,$,$);
#2445=IFCCARTESIANPOINT((0.,0.,0.));
#2446=IFCAXIS2PLACEMENT3D(#2445,$,$);
#2447=IFCLOCALPLACEMENT(#26,#2446);
#2448=IFCCARTESIANPOINT((0.6633333333333334,0.7149999999999997));
#2449=IFCAXIS2PLACEMENT2D(#2448,$);
#2450=IFCRECTANGLEPROFILEDEF(.AREA.,$,#2449,1.3266666666666669,1.4299999999999995);
#2451=IFCCARTESIANPOINT((-4.4799999999999995,-3.4800000000000004,3.02));
#2452=IFCAXIS2PLACEMENT3D(#2451,$,$);
#2453=IFCDIRECTION((0.,0.,1.));
#2454=IFCEXTRUDEDAREASOLID(#2450,#2452,#2453,0.029999999999999805);
#2455=IFCSHAPEREPRESENTATION(#11,'Body','SweptSolid',(#2454));
#2456=IFCPRODUCTDEFINITIONSHAPE($,$,(#2455));
#2457=IFCSTYLEDITEM(#2454,(#2274),$);
#2458=IFCPLATE('0VQxfqVbPys2GkO$GOO18$',$,'Solar glass 4.3',$,'Photovoltaic glass',#2461,#2470,$,$);
#2459=IFCCARTESIANPOINT((0.,0.,0.));
#2460=IFCAXIS2PLACEMENT3D(#2459,$,$);
#2461=IFCLOCALPLACEMENT(#26,#2460);
#2462=IFCCARTESIANPOINT((0.6633333333333334,0.715));
#2463=IFCAXIS2PLACEMENT2D(#2462,$);
#2464=IFCRECTANGLEPROFILEDEF(.AREA.,$,#2463,1.3266666666666669,1.43);
#2465=IFCCARTESIANPOINT((-4.4799999999999995,-2.01,3.02));
#2466=IFCAXIS2PLACEMENT3D(#2465,$,$);
#2467=IFCDIRECTION((0.,0.,1.));
#2468=IFCEXTRUDEDAREASOLID(#2464,#2466,#2467,0.029999999999999805);
#2469=IFCSHAPEREPRESENTATION(#11,'Body','SweptSolid',(#2468));
#2470=IFCPRODUCTDEFINITIONSHAPE($,$,(#2469));
#2471=IFCSTYLEDITEM(#2468,(#2274),$);
#2472=IFCPLATE('1BFu3Dey$nPRUThHpJFZrk',$,'Solar glass 4.4',$,'Photovoltaic glass',#2475,#2484,$,$);
#2473=IFCCARTESIANPOINT((0.,0.,0.));
#2474=IFCAXIS2PLACEMENT3D(#2473,$,$);
#2475=IFCLOCALPLACEMENT(#26,#2474);
#2476=IFCCARTESIANPOINT((0.6633333333333334,0.715));
#2477=IFCAXIS2PLACEMENT2D(#2476,$);
#2478=IFCRECTANGLEPROFILEDEF(.AREA.,$,#2477,1.3266666666666669,1.43);
#2479=IFCCARTESIANPOINT((-4.4799999999999995,-0.54,3.02));
#2480=IFCAXIS2PLACEMENT3D(#2479,$,$);
#2481=IFCDIRECTION((0.,0.,1.));
#2482=IFCEXTRUDEDAREASOLID(#2478,#2480,#2481,0.029999999999999805);
#2483=IFCSHAPEREPRESENTATION(#11,'Body','SweptSolid',(#2482));
#2484=IFCPRODUCTDEFINITIONSHAPE($,$,(#2483));
#2485=IFCSTYLEDITEM(#2482,(#2274),$);
#2486=IFCPLATE('0FJeLcEY78VNluQPXugBfL',$,'Solar glass 5.1',$,'Photovoltaic glass',#2489,#2498,$,$);
#2487=IFCCARTESIANPOINT((0.,0.,0.));
#2488=IFCAXIS2PLACEMENT3D(#2487,$,$);
#2489=IFCLOCALPLACEMENT(#26,#2488);
#2490=IFCCARTESIANPOINT((0.6633333333333334,0.7149999999999997));
#2491=IFCAXIS2PLACEMENT2D(#2490,$);
#2492=IFCRECTANGLEPROFILEDEF(.AREA.,$,#2491,1.3266666666666669,1.4299999999999995);
#2493=IFCCARTESIANPOINT((-3.0133333333333328,-4.95,3.02));
#2494=IFCAXIS2PLACEMENT3D(#2493,$,$);
#2495=IFCDIRECTION((0.,0.,1.));
#2496=IFCEXTRUDEDAREASOLID(#2492,#2494,#2495,0.029999999999999805);
#2497=IFCSHAPEREPRESENTATION(#11,'Body','SweptSolid',(#2496));
#2498=IFCPRODUCTDEFINITIONSHAPE($,$,(#2497));
#2499=IFCSTYLEDITEM(#2496,(#2274),$);
#2500=IFCPLATE('38hz9pbWRgOUe04rGMf5aY',$,'Solar glass 5.2',$,'Photovoltaic glass',#2503,#2512,$,$);
#2501=IFCCARTESIANPOINT((0.,0.,0.));
#2502=IFCAXIS2PLACEMENT3D(#2501,$,$);
#2503=IFCLOCALPLACEMENT(#26,#2502);
#2504=IFCCARTESIANPOINT((0.6633333333333334,0.7149999999999997));
#2505=IFCAXIS2PLACEMENT2D(#2504,$);
#2506=IFCRECTANGLEPROFILEDEF(.AREA.,$,#2505,1.3266666666666669,1.4299999999999995);
#2507=IFCCARTESIANPOINT((-3.0133333333333328,-3.4800000000000004,3.02));
#2508=IFCAXIS2PLACEMENT3D(#2507,$,$);
#2509=IFCDIRECTION((0.,0.,1.));
#2510=IFCEXTRUDEDAREASOLID(#2506,#2508,#2509,0.029999999999999805);
#2511=IFCSHAPEREPRESENTATION(#11,'Body','SweptSolid',(#2510));
#2512=IFCPRODUCTDEFINITIONSHAPE($,$,(#2511));
#2513=IFCSTYLEDITEM(#2510,(#2274),$);
#2514=IFCPLATE('1sj25hHB7bLmEjPzArtpKs',$,'Solar glass 5.3',$,'Photovoltaic glass',#2517,#2526,$,$);
#2515=IFCCARTESIANPOINT((0.,0.,0.));
#2516=IFCAXIS2PLACEMENT3D(#2515,$,$);
#2517=IFCLOCALPLACEMENT(#26,#2516);
#2518=IFCCARTESIANPOINT((0.6633333333333334,0.715));
#2519=IFCAXIS2PLACEMENT2D(#2518,$);
#2520=IFCRECTANGLEPROFILEDEF(.AREA.,$,#2519,1.3266666666666669,1.43);
#2521=IFCCARTESIANPOINT((-3.0133333333333328,-2.01,3.02));
#2522=IFCAXIS2PLACEMENT3D(#2521,$,$);
#2523=IFCDIRECTION((0.,0.,1.));
#2524=IFCEXTRUDEDAREASOLID(#2520,#2522,#2523,0.029999999999999805);
#2525=IFCSHAPEREPRESENTATION(#11,'Body','SweptSolid',(#2524));
#2526=IFCPRODUCTDEFINITIONSHAPE($,$,(#2525));
#2527=IFCSTYLEDITEM(#2524,(#2274),$);
#2528=IFCPLATE('3SgAy2bsfa6BbddurwE_BM',$,'Solar glass 5.4',$,'Photovoltaic glass',#2531,#2540,$,$);
#2529=IFCCARTESIANPOINT((0.,0.,0.));
#2530=IFCAXIS2PLACEMENT3D(#2529,$,$);
#2531=IFCLOCALPLACEMENT(#26,#2530);
#2532=IFCCARTESIANPOINT((0.6633333333333334,0.715));
#2533=IFCAXIS2PLACEMENT2D(#2532,$);
#2534=IFCRECTANGLEPROFILEDEF(.AREA.,$,#2533,1.3266666666666669,1.43);
#2535=IFCCARTESIANPOINT((-3.0133333333333328,-0.54,3.02));
#2536=IFCAXIS2PLACEMENT3D(#2535,$,$);
#2537=IFCDIRECTION((0.,0.,1.));
#2538=IFCEXTRUDEDAREASOLID(#2534,#2536,#2537,0.029999999999999805);
#2539=IFCSHAPEREPRESENTATION(#11,'Body','SweptSolid',(#2538));
#2540=IFCPRODUCTDEFINITIONSHAPE($,$,(#2539));
#2541=IFCSTYLEDITEM(#2538,(#2274),$);
#2542=IFCPLATE('2rrpKRSuYUqSTzJvRm7JRb',$,'Solar glass 6.1',$,'Photovoltaic glass',#2545,#2554,$,$);
#2543=IFCCARTESIANPOINT((0.,0.,0.));
#2544=IFCAXIS2PLACEMENT3D(#2543,$,$);
#2545=IFCLOCALPLACEMENT(#26,#2544);
#2546=IFCCARTESIANPOINT((0.6633333333333334,0.7149999999999997));
#2547=IFCAXIS2PLACEMENT2D(#2546,$);
#2548=IFCRECTANGLEPROFILEDEF(.AREA.,$,#2547,1.3266666666666669,1.4299999999999995);
#2549=IFCCARTESIANPOINT((-1.546666666666666,-4.95,3.02));
#2550=IFCAXIS2PLACEMENT3D(#2549,$,$);
#2551=IFCDIRECTION((0.,0.,1.));
#2552=IFCEXTRUDEDAREASOLID(#2548,#2550,#2551,0.029999999999999805);
#2553=IFCSHAPEREPRESENTATION(#11,'Body','SweptSolid',(#2552));
#2554=IFCPRODUCTDEFINITIONSHAPE($,$,(#2553));
#2555=IFCSTYLEDITEM(#2552,(#2274),$);
#2556=IFCPLATE('1dwjEuXxU7Taf2Upnmemfw',$,'Solar glass 6.2',$,'Photovoltaic glass',#2559,#2568,$,$);
#2557=IFCCARTESIANPOINT((0.,0.,0.));
#2558=IFCAXIS2PLACEMENT3D(#2557,$,$);
#2559=IFCLOCALPLACEMENT(#26,#2558);
#2560=IFCCARTESIANPOINT((0.6633333333333334,0.7149999999999997));
#2561=IFCAXIS2PLACEMENT2D(#2560,$);
#2562=IFCRECTANGLEPROFILEDEF(.AREA.,$,#2561,1.3266666666666669,1.4299999999999995);
#2563=IFCCARTESIANPOINT((-1.546666666666666,-3.4800000000000004,3.02));
#2564=IFCAXIS2PLACEMENT3D(#2563,$,$);
#2565=IFCDIRECTION((0.,0.,1.));
#2566=IFCEXTRUDEDAREASOLID(#2562,#2564,#2565,0.029999999999999805);
#2567=IFCSHAPEREPRESENTATION(#11,'Body','SweptSolid',(#2566));
#2568=IFCPRODUCTDEFINITIONSHAPE($,$,(#2567));
#2569=IFCSTYLEDITEM(#2566,(#2274),$);
#2570=IFCPLATE('08bELmrWtKq$qeavvHUw6f',$,'Solar glass 6.3',$,'Photovoltaic glass',#2573,#2582,$,$);
#2571=IFCCARTESIANPOINT((0.,0.,0.));
#2572=IFCAXIS2PLACEMENT3D(#2571,$,$);
#2573=IFCLOCALPLACEMENT(#26,#2572);
#2574=IFCCARTESIANPOINT((0.6633333333333334,0.715));
#2575=IFCAXIS2PLACEMENT2D(#2574,$);
#2576=IFCRECTANGLEPROFILEDEF(.AREA.,$,#2575,1.3266666666666669,1.43);
#2577=IFCCARTESIANPOINT((-1.546666666666666,-2.01,3.02));
#2578=IFCAXIS2PLACEMENT3D(#2577,$,$);
#2579=IFCDIRECTION((0.,0.,1.));
#2580=IFCEXTRUDEDAREASOLID(#2576,#2578,#2579,0.029999999999999805);
#2581=IFCSHAPEREPRESENTATION(#11,'Body','SweptSolid',(#2580));
#2582=IFCPRODUCTDEFINITIONSHAPE($,$,(#2581));
#2583=IFCSTYLEDITEM(#2580,(#2274),$);
#2584=IFCPLATE('1ZXtlXGKIyIzF$mYmSl2RA',$,'Solar glass 6.4',$,'Photovoltaic glass',#2587,#2596,$,$);
#2585=IFCCARTESIANPOINT((0.,0.,0.));
#2586=IFCAXIS2PLACEMENT3D(#2585,$,$);
#2587=IFCLOCALPLACEMENT(#26,#2586);
#2588=IFCCARTESIANPOINT((0.6633333333333334,0.715));
#2589=IFCAXIS2PLACEMENT2D(#2588,$);
#2590=IFCRECTANGLEPROFILEDEF(.AREA.,$,#2589,1.3266666666666669,1.43);
#2591=IFCCARTESIANPOINT((-1.546666666666666,-0.54,3.02));
#2592=IFCAXIS2PLACEMENT3D(#2591,$,$);
#2593=IFCDIRECTION((0.,0.,1.));
#2594=IFCEXTRUDEDAREASOLID(#2590,#2592,#2593,0.029999999999999805);
#2595=IFCSHAPEREPRESENTATION(#11,'Body','SweptSolid',(#2594));
#2596=IFCPRODUCTDEFINITIONSHAPE($,$,(#2595));
#2597=IFCSTYLEDITEM(#2594,(#2274),$);
#2598=IFCWALL('3_q5g9W6sX$TGh3vXXpzT_',$,'First floor west wall',$,$,#2602,#2611,$,$);
#2599=IFCCARTESIANPOINT((0.15,1.,0.));
#2600=IFCDIRECTION((0.,1.,0.));
#2601=IFCAXIS2PLACEMENT3D(#2599,$,#2600);
#2602=IFCLOCALPLACEMENT(#31,#2601);
#2603=IFCCARTESIANPOINT((4.,0.));
#2604=IFCAXIS2PLACEMENT2D(#2603,$);
#2605=IFCRECTANGLEPROFILEDEF(.AREA.,$,#2604,8.,0.3);
#2606=IFCCARTESIANPOINT((0.,0.,0.));
#2607=IFCAXIS2PLACEMENT3D(#2606,$,$);
#2608=IFCDIRECTION((0.,0.,1.));
#2609=IFCEXTRUDEDAREASOLID(#2605,#2607,#2608,2.9);
#2610=IFCSHAPEREPRESENTATION(#11,'Body','SweptSolid',(#2609));
#2611=IFCPRODUCTDEFINITIONSHAPE($,$,(#2610));
#2612=IFCSTYLEDITEM(#2609,(#189),$);
#2613=IFCPROPERTYSINGLEVALUE('IsExternal',$,IFCBOOLEAN(.T.),$);
#2614=IFCPROPERTYSET('3er2UQe4ZAO1dvx54irKVb',$,'Pset_WallCommon',$,(#2613));
#2615=IFCRELDEFINESBYPROPERTIES('34W7xrypVd9fxGA3$IMOAt',$,$,$,(#2598),#2614);
#2616=IFCWALL('05OGzVEedBPg5J3n$$PCJh',$,'First floor north wall',$,$,#2620,#2629,$,$);
#2617=IFCCARTESIANPOINT((13.,8.85,0.));
#2618=IFCDIRECTION((-1.,0.,0.));
#2619=IFCAXIS2PLACEMENT3D(#2617,$,#2618);
#2620=IFCLOCALPLACEMENT(#31,#2619);
#2621=IFCCARTESIANPOINT((6.5,0.));
#2622=IFCAXIS2PLACEMENT2D(#2621,$);
#2623=IFCRECTANGLEPROFILEDEF(.AREA.,$,#2622,13.,0.3);
#2624=IFCCARTESIANPOINT((0.,0.,0.));
#2625=IFCAXIS2PLACEMENT3D(#2624,$,$);
#2626=IFCDIRECTION((0.,0.,1.));
#2627=IFCEXTRUDEDAREASOLID(#2623,#2625,#2626,2.9);
#2628=IFCSHAPEREPRESENTATION(#11,'Body','SweptSolid',(#2627));
#2629=IFCPRODUCTDEFINITIONSHAPE($,$,(#2628));
#2630=IFCSTYLEDITEM(#2627,(#189),$);
#2631=IFCPROPERTYSINGLEVALUE('IsExternal',$,IFCBOOLEAN(.T.),$);
#2632=IFCPROPERTYSET('1feDzDarw2_NBNBO3gQc37',$,'Pset_WallCommon',$,(#2631));
#2633=IFCRELDEFINESBYPROPERTIES('3vfyYdQeQxQOZe_y4sYxD$',$,$,$,(#2616),#2632);
#2634=IFCWALL('0wrlL8lFSWE3rANBopAyND',$,'First floor east wall',$,$,#2638,#2647,$,$);
#2635=IFCCARTESIANPOINT((12.85,1.,0.));
#2636=IFCDIRECTION((0.,1.,0.));
#2637=IFCAXIS2PLACEMENT3D(#2635,$,#2636);
#2638=IFCLOCALPLACEMENT(#31,#2637);
#2639=IFCCARTESIANPOINT((4.,0.));
#2640=IFCAXIS2PLACEMENT2D(#2639,$);
#2641=IFCRECTANGLEPROFILEDEF(.AREA.,$,#2640,8.,0.3);
#2642=IFCCARTESIANPOINT((0.,0.,0.));
#2643=IFCAXIS2PLACEMENT3D(#2642,$,$);
#2644=IFCDIRECTION((0.,0.,1.));
#2645=IFCEXTRUDEDAREASOLID(#2641,#2643,#2644,2.9);
#2646=IFCSHAPEREPRESENTATION(#11,'Body','SweptSolid',(#2645));
#2647=IFCPRODUCTDEFINITIONSHAPE($,$,(#2646));
#2648=IFCSTYLEDITEM(#2645,(#189),$);
#2649=IFCPROPERTYSINGLEVALUE('IsExternal',$,IFCBOOLEAN(.T.),$);
#2650=IFCPROPERTYSET('2fRjfgz4xrYPJHR16N19bi',$,'Pset_WallCommon',$,(#2649));
#2651=IFCRELDEFINESBYPROPERTIES('2jIqkuuOxOEJUTLS29cRb8',$,$,$,(#2634),#2650);
#2652=IFCOPENINGELEMENT('1mraMBT56bHTdcEnz3Rhx$',$,'Opening',$,$,#2655,#2664,$,$);
#2653=IFCCARTESIANPOINT((2.2,0.,0.));
#2654=IFCAXIS2PLACEMENT3D(#2653,$,$);
#2655=IFCLOCALPLACEMENT(#2638,#2654);
#2656=IFCCARTESIANPOINT((1.2,0.));
#2657=IFCAXIS2PLACEMENT2D(#2656,$);
#2658=IFCRECTANGLEPROFILEDEF(.AREA.,$,#2657,2.4,0.4);
#2659=IFCCARTESIANPOINT((0.,0.,0.));
#2660=IFCAXIS2PLACEMENT3D(#2659,$,$);
#2661=IFCDIRECTION((0.,0.,1.));
#2662=IFCEXTRUDEDAREASOLID(#2658,#2660,#2661,2.3);
#2663=IFCSHAPEREPRESENTATION(#11,'Body','SweptSolid',(#2662));
#2664=IFCPRODUCTDEFINITIONSHAPE($,$,(#2663));
#2665=IFCRELVOIDSELEMENT('118UwFnJWpgXCI$I8OjxW5',$,$,$,#2634,#2652);
#2666=IFCDOOR('2XmnnOwMXleAzCWmRXqawg',$,'Door to the roof terrace',$,$,#2669,#2678,$,2.3,2.4,$,$,$);
#2667=IFCCARTESIANPOINT((0.,0.,0.));
#2668=IFCAXIS2PLACEMENT3D(#2667,$,$);
#2669=IFCLOCALPLACEMENT(#2655,#2668);
#2670=IFCCARTESIANPOINT((1.2,0.));
#2671=IFCAXIS2PLACEMENT2D(#2670,$);
#2672=IFCRECTANGLEPROFILEDEF(.AREA.,$,#2671,2.4,0.05);
#2673=IFCCARTESIANPOINT((0.,0.,0.));
#2674=IFCAXIS2PLACEMENT3D(#2673,$,$);
#2675=IFCDIRECTION((0.,0.,1.));
#2676=IFCEXTRUDEDAREASOLID(#2672,#2674,#2675,2.3);
#2677=IFCSHAPEREPRESENTATION(#11,'Body','SweptSolid',(#2676));
#2678=IFCPRODUCTDEFINITIONSHAPE($,$,(#2677));
#2679=IFCSTYLEDITEM(#2676,(#978),$);
#2680=IFCRELFILLSELEMENT('1q5J_JKXjRf6quxlP6wDvD',$,$,$,#2652,#2666);
#2681=IFCMEMBER('03ZRHQryuRk4L5zKhu8dat',$,'Master bedroom glazing frame',$,$,#2684,#2693,$,.MULLION.);
#2682=IFCCARTESIANPOINT((0.,0.,0.));
#2683=IFCAXIS2PLACEMENT3D(#2682,$,$);
#2684=IFCLOCALPLACEMENT(#31,#2683);
#2685=IFCCARTESIANPOINT((2.75,0.04999999999999982));
#2686=IFCAXIS2PLACEMENT2D(#2685,$);
#2687=IFCRECTANGLEPROFILEDEF(.AREA.,$,#2686,5.5,0.09999999999999964);
#2688=IFCCARTESIANPOINT((0.3,2.35,2.83));
#2689=IFCAXIS2PLACEMENT3D(#2688,$,$);
#2690=IFCDIRECTION((0.,0.,1.));
#2691=IFCEXTRUDEDAREASOLID(#2687,#2689,#2690,0.06999999999999984);
#2692=IFCSHAPEREPRESENTATION(#11,'Body','SweptSolid',(#2691,#2701,#2709,#2717,#2725,#2733));
#2693=IFCPRODUCTDEFINITIONSHAPE($,$,(#2692));
#2694=IFCSTYLEDITEM(#2691,(#910),$);
#2695=IFCCARTESIANPOINT((2.75,0.04999999999999982));
#2696=IFCAXIS2PLACEMENT2D(#2695,$);
#2697=IFCRECTANGLEPROFILEDEF(.AREA.,$,#2696,5.5,0.09999999999999964);
#2698=IFCCARTESIANPOINT((0.3,2.35,0.));
#2699=IFCAXIS2PLACEMENT3D(#2698,$,$);
#2700=IFCDIRECTION((0.,0.,1.));
#2701=IFCEXTRUDEDAREASOLID(#2697,#2699,#2700,0.04);
#2702=IFCSTYLEDITEM(#2701,(#914),$);
#2703=IFCCARTESIANPOINT((0.034999999999999976,0.04999999999999982));
#2704=IFCAXIS2PLACEMENT2D(#2703,$);
#2705=IFCRECTANGLEPROFILEDEF(.AREA.,$,#2704,0.06999999999999995,0.09999999999999964);
#2706=IFCCARTESIANPOINT((0.265,2.35,0.04));
#2707=IFCAXIS2PLACEMENT3D(#2706,$,$);
#2708=IFCDIRECTION((0.,0.,1.));
#2709=IFCEXTRUDEDAREASOLID(#2705,#2707,#2708,2.79);
#2710=IFCSTYLEDITEM(#2709,(#914),$);
#2711=IFCCARTESIANPOINT((0.03499999999999992,0.04999999999999982));
#2712=IFCAXIS2PLACEMENT2D(#2711,$);
#2713=IFCRECTANGLEPROFILEDEF(.AREA.,$,#2712,0.06999999999999984,0.09999999999999964);
#2714=IFCCARTESIANPOINT((2.098333333333333,2.35,0.04));
#2715=IFCAXIS2PLACEMENT3D(#2714,$,$);
#2716=IFCDIRECTION((0.,0.,1.));
#2717=IFCEXTRUDEDAREASOLID(#2713,#2715,#2716,2.79);
#2718=IFCSTYLEDITEM(#2717,(#914),$);
#2719=IFCCARTESIANPOINT((0.035000000000000364,0.04999999999999982));
#2720=IFCAXIS2PLACEMENT2D(#2719,$);
#2721=IFCRECTANGLEPROFILEDEF(.AREA.,$,#2720,0.07000000000000073,0.09999999999999964);
#2722=IFCCARTESIANPOINT((3.931666666666666,2.35,0.04));
#2723=IFCAXIS2PLACEMENT3D(#2722,$,$);
#2724=IFCDIRECTION((0.,0.,1.));
#2725=IFCEXTRUDEDAREASOLID(#2721,#2723,#2724,2.79);
#2726=IFCSTYLEDITEM(#2725,(#914),$);
#2727=IFCCARTESIANPOINT((0.03500000000000014,0.04999999999999982));
#2728=IFCAXIS2PLACEMENT2D(#2727,$);
#2729=IFCRECTANGLEPROFILEDEF(.AREA.,$,#2728,0.07000000000000028,0.09999999999999964);
#2730=IFCCARTESIANPOINT((5.765,2.35,0.04));
#2731=IFCAXIS2PLACEMENT3D(#2730,$,$);
#2732=IFCDIRECTION((0.,0.,1.));
#2733=IFCEXTRUDEDAREASOLID(#2729,#2731,#2732,2.79);
#2734=IFCSTYLEDITEM(#2733,(#914),$);
#2735=IFCDOOR('2PceqeCncFVj2YSwysZYUh',$,'Master bedroom glazing leaf 1',$,$,#2738,#2747,$,$,$,$,$,$);
#2736=IFCCARTESIANPOINT((0.,0.,0.));
#2737=IFCAXIS2PLACEMENT3D(#2736,$,$);
#2738=IFCLOCALPLACEMENT(#31,#2737);
#2739=IFCCARTESIANPOINT((0.8816666666666666,0.01200000000000001));
#2740=IFCAXIS2PLACEMENT2D(#2739,$);
#2741=IFCRECTANGLEPROFILEDEF(.AREA.,$,#2740,1.7633333333333332,0.02400000000000002);
#2742=IFCCARTESIANPOINT((0.33499999999999996,2.388,0.04));
#2743=IFCAXIS2PLACEMENT3D(#2742,$,$);
#2744=IFCDIRECTION((0.,0.,1.));
#2745=IFCEXTRUDEDAREASOLID(#2741,#2743,#2744,2.79);
#2746=IFCSHAPEREPRESENTATION(#11,'Body','SweptSolid',(#2745));
#2747=IFCPRODUCTDEFINITIONSHAPE($,$,(#2746));
#2748=IFCSTYLEDITEM(#2745,(#978),$);
#2749=IFCDOOR('0zJuhQIfweFYVzifG4$8w7',$,'Master bedroom glazing leaf 2',$,$,#2752,#2761,$,$,$,$,$,$);
#2750=IFCCARTESIANPOINT((0.,0.,0.));
#2751=IFCAXIS2PLACEMENT3D(#2750,$,$);
#2752=IFCLOCALPLACEMENT(#31,#2751);
#2753=IFCCARTESIANPOINT((0.8816666666666666,0.01200000000000001));
#2754=IFCAXIS2PLACEMENT2D(#2753,$);
#2755=IFCRECTANGLEPROFILEDEF(.AREA.,$,#2754,1.7633333333333332,0.02400000000000002);
#2756=IFCCARTESIANPOINT((2.168333333333333,2.388,0.04));
#2757=IFCAXIS2PLACEMENT3D(#2756,$,$);
#2758=IFCDIRECTION((0.,0.,1.));
#2759=IFCEXTRUDEDAREASOLID(#2755,#2757,#2758,2.79);
#2760=IFCSHAPEREPRESENTATION(#11,'Body','SweptSolid',(#2759));
#2761=IFCPRODUCTDEFINITIONSHAPE($,$,(#2760));
#2762=IFCSTYLEDITEM(#2759,(#978),$);
#2763=IFCDOOR('1msjttWHunPva1uNqM0$SR',$,'Master bedroom glazing leaf 3',$,$,#2766,#2775,$,$,$,$,$,$);
#2764=IFCCARTESIANPOINT((0.,0.,0.));
#2765=IFCAXIS2PLACEMENT3D(#2764,$,$);
#2766=IFCLOCALPLACEMENT(#31,#2765);
#2767=IFCCARTESIANPOINT((0.8816666666666664,0.01200000000000001));
#2768=IFCAXIS2PLACEMENT2D(#2767,$);
#2769=IFCRECTANGLEPROFILEDEF(.AREA.,$,#2768,1.7633333333333328,0.02400000000000002);
#2770=IFCCARTESIANPOINT((4.001666666666667,2.388,0.04));
#2771=IFCAXIS2PLACEMENT3D(#2770,$,$);
#2772=IFCDIRECTION((0.,0.,1.));
#2773=IFCEXTRUDEDAREASOLID(#2769,#2771,#2772,2.79);
#2774=IFCSHAPEREPRESENTATION(#11,'Body','SweptSolid',(#2773));
#2775=IFCPRODUCTDEFINITIONSHAPE($,$,(#2774));
#2776=IFCSTYLEDITEM(#2773,(#978),$);
#2777=IFCCOVERING('01kq7ZlT6Gs_elAB$G9b$q',$,'Tiled bay',$,$,#2780,#2789,$,.CLADDING.);
#2778=IFCCARTESIANPOINT((0.,0.,0.));
#2779=IFCAXIS2PLACEMENT3D(#2778,$,$);
#2780=IFCLOCALPLACEMENT(#31,#2779);
#2781=IFCCARTESIANPOINT((1.6999999999999997,0.5249999999999999));
#2782=IFCAXIS2PLACEMENT2D(#2781,$);
#2783=IFCRECTANGLEPROFILEDEF(.AREA.,$,#2782,3.3999999999999995,1.0499999999999998);
#2784=IFCCARTESIANPOINT((5.8,1.5,0.));
#2785=IFCAXIS2PLACEMENT3D(#2784,$,$);
#2786=IFCDIRECTION((0.,0.,1.));
#2787=IFCEXTRUDEDAREASOLID(#2783,#2785,#2786,2.9);
#2788=IFCSHAPEREPRESENTATION(#11,'Body','SweptSolid',(#2787));
#2789=IFCPRODUCTDEFINITIONSHAPE($,$,(#2788));
#2790=IFCSTYLEDITEM(#2787,(#1233),$);
#2791=IFCMEMBER('0Klki2efYLT5ESUxzheHQD',$,'Studio glazing frame',$,$,#2794,#2803,$,.MULLION.);
#2792=IFCCARTESIANPOINT((0.,0.,0.));
#2793=IFCAXIS2PLACEMENT3D(#2792,$,$);
#2794=IFCLOCALPLACEMENT(#31,#2793);
#2795=IFCCARTESIANPOINT((1.75,0.04999999999999982));
#2796=IFCAXIS2PLACEMENT2D(#2795,$);
#2797=IFCRECTANGLEPROFILEDEF(.AREA.,$,#2796,3.5,0.09999999999999964);
#2798=IFCCARTESIANPOINT((9.2,2.35,2.83));
#2799=IFCAXIS2PLACEMENT3D(#2798,$,$);
#2800=IFCDIRECTION((0.,0.,1.));
#2801=IFCEXTRUDEDAREASOLID(#2797,#2799,#2800,0.06999999999999984);
#2802=IFCSHAPEREPRESENTATION(#11,'Body','SweptSolid',(#2801,#2811,#2819,#2827,#2835));
#2803=IFCPRODUCTDEFINITIONSHAPE($,$,(#2802));
#2804=IFCSTYLEDITEM(#2801,(#910),$);
#2805=IFCCARTESIANPOINT((1.75,0.04999999999999982));
#2806=IFCAXIS2PLACEMENT2D(#2805,$);
#2807=IFCRECTANGLEPROFILEDEF(.AREA.,$,#2806,3.5,0.09999999999999964);
#2808=IFCCARTESIANPOINT((9.2,2.35,0.));
#2809=IFCAXIS2PLACEMENT3D(#2808,$,$);
#2810=IFCDIRECTION((0.,0.,1.));
#2811=IFCEXTRUDEDAREASOLID(#2807,#2809,#2810,0.04);
#2812=IFCSTYLEDITEM(#2811,(#914),$);
#2813=IFCCARTESIANPOINT((0.03500000000000014,0.04999999999999982));
#2814=IFCAXIS2PLACEMENT2D(#2813,$);
#2815=IFCRECTANGLEPROFILEDEF(.AREA.,$,#2814,0.07000000000000028,0.09999999999999964);
#2816=IFCCARTESIANPOINT((9.165,2.35,0.04));
#2817=IFCAXIS2PLACEMENT3D(#2816,$,$);
#2818=IFCDIRECTION((0.,0.,1.));
#2819=IFCEXTRUDEDAREASOLID(#2815,#2817,#2818,2.79);
#2820=IFCSTYLEDITEM(#2819,(#914),$);
#2821=IFCCARTESIANPOINT((0.03500000000000014,0.04999999999999982));
#2822=IFCAXIS2PLACEMENT2D(#2821,$);
#2823=IFCRECTANGLEPROFILEDEF(.AREA.,$,#2822,0.07000000000000028,0.09999999999999964);
#2824=IFCCARTESIANPOINT((10.915,2.35,0.04));
#2825=IFCAXIS2PLACEMENT3D(#2824,$,$);
#2826=IFCDIRECTION((0.,0.,1.));
#2827=IFCEXTRUDEDAREASOLID(#2823,#2825,#2826,2.79);
#2828=IFCSTYLEDITEM(#2827,(#914),$);
#2829=IFCCARTESIANPOINT((0.03500000000000014,0.04999999999999982));
#2830=IFCAXIS2PLACEMENT2D(#2829,$);
#2831=IFCRECTANGLEPROFILEDEF(.AREA.,$,#2830,0.07000000000000028,0.09999999999999964);
#2832=IFCCARTESIANPOINT((12.665,2.35,0.04));
#2833=IFCAXIS2PLACEMENT3D(#2832,$,$);
#2834=IFCDIRECTION((0.,0.,1.));
#2835=IFCEXTRUDEDAREASOLID(#2831,#2833,#2834,2.79);
#2836=IFCSTYLEDITEM(#2835,(#914),$);
#2837=IFCDOOR('33nia4g4Uwi5EsAaIWVz6K',$,'Studio glazing leaf 1',$,$,#2840,#2849,$,$,$,$,$,$);
#2838=IFCCARTESIANPOINT((0.,0.,0.));
#2839=IFCAXIS2PLACEMENT3D(#2838,$,$);
#2840=IFCLOCALPLACEMENT(#31,#2839);
#2841=IFCCARTESIANPOINT((0.8399999999999997,0.01200000000000001));
#2842=IFCAXIS2PLACEMENT2D(#2841,$);
#2843=IFCRECTANGLEPROFILEDEF(.AREA.,$,#2842,1.6799999999999995,0.02400000000000002);
#2844=IFCCARTESIANPOINT((9.235,2.388,0.04));
#2845=IFCAXIS2PLACEMENT3D(#2844,$,$);
#2846=IFCDIRECTION((0.,0.,1.));
#2847=IFCEXTRUDEDAREASOLID(#2843,#2845,#2846,2.79);
#2848=IFCSHAPEREPRESENTATION(#11,'Body','SweptSolid',(#2847));
#2849=IFCPRODUCTDEFINITIONSHAPE($,$,(#2848));
#2850=IFCSTYLEDITEM(#2847,(#978),$);
#2851=IFCDOOR('2ExAcTKbLg9SfLAV8xeBBq',$,'Studio glazing leaf 2',$,$,#2854,#2863,$,$,$,$,$,$);
#2852=IFCCARTESIANPOINT((0.,0.,0.));
#2853=IFCAXIS2PLACEMENT3D(#2852,$,$);
#2854=IFCLOCALPLACEMENT(#31,#2853);
#2855=IFCCARTESIANPOINT((0.8399999999999997,0.01200000000000001));
#2856=IFCAXIS2PLACEMENT2D(#2855,$);
#2857=IFCRECTANGLEPROFILEDEF(.AREA.,$,#2856,1.6799999999999995,0.02400000000000002);
#2858=IFCCARTESIANPOINT((10.985,2.388,0.04));
#2859=IFCAXIS2PLACEMENT3D(#2858,$,$);
#2860=IFCDIRECTION((0.,0.,1.));
#2861=IFCEXTRUDEDAREASOLID(#2857,#2859,#2860,2.79);
#2862=IFCSHAPEREPRESENTATION(#11,'Body','SweptSolid',(#2861));
#2863=IFCPRODUCTDEFINITIONSHAPE($,$,(#2862));
#2864=IFCSTYLEDITEM(#2861,(#978),$);
#2865=IFCWALL('1xfhESgysZEuZcgtmHO$Up',$,'Wall master bedroom / hall',$,$,#2869,#2878,$,$);
#2866=IFCCARTESIANPOINT((5.9,2.5,0.));
#2867=IFCDIRECTION((0.,1.,0.));
#2868=IFCAXIS2PLACEMENT3D(#2866,$,#2867);
#2869=IFCLOCALPLACEMENT(#31,#2868);
#2870=IFCCARTESIANPOINT((2.55,0.));
#2871=IFCAXIS2PLACEMENT2D(#2870,$);
#2872=IFCRECTANGLEPROFILEDEF(.AREA.,$,#2871,5.1,0.12);
#2873=IFCCARTESIANPOINT((0.,0.,0.));
#2874=IFCAXIS2PLACEMENT3D(#2873,$,$);
#2875=IFCDIRECTION((0.,0.,1.));
#2876=IFCEXTRUDEDAREASOLID(#2872,#2874,#2875,2.9);
#2877=IFCSHAPEREPRESENTATION(#11,'Body','SweptSolid',(#2876));
#2878=IFCPRODUCTDEFINITIONSHAPE($,$,(#2877));
#2879=IFCSTYLEDITEM(#2876,(#189),$);
#2880=IFCPROPERTYSINGLEVALUE('IsExternal',$,IFCBOOLEAN(.F.),$);
#2881=IFCPROPERTYSET('1xcGEuRc3utfZC8XIaEsxD',$,'Pset_WallCommon',$,(#2880));
#2882=IFCRELDEFINESBYPROPERTIES('2Iq7hgDMetVZtlmRDzi4V4',$,$,$,(#2865),#2881);
#2883=IFCWALL('37ut26lw8_2mNCJF0Brqk0',$,'Wall hall / studio',$,$,#2887,#2896,$,$);
#2884=IFCCARTESIANPOINT((9.1,2.5,0.));
#2885=IFCDIRECTION((0.,1.,0.));
#2886=IFCAXIS2PLACEMENT3D(#2884,$,#2885);
#2887=IFCLOCALPLACEMENT(#31,#2886);
#2888=IFCCARTESIANPOINT((2.55,0.));
#2889=IFCAXIS2PLACEMENT2D(#2888,$);
#2890=IFCRECTANGLEPROFILEDEF(.AREA.,$,#2889,5.1,0.12);
#2891=IFCCARTESIANPOINT((0.,0.,0.));
#2892=IFCAXIS2PLACEMENT3D(#2891,$,$);
#2893=IFCDIRECTION((0.,0.,1.));
#2894=IFCEXTRUDEDAREASOLID(#2890,#2892,#2893,2.9);
#2895=IFCSHAPEREPRESENTATION(#11,'Body','SweptSolid',(#2894));
#2896=IFCPRODUCTDEFINITIONSHAPE($,$,(#2895));
#2897=IFCSTYLEDITEM(#2894,(#189),$);
#2898=IFCPROPERTYSINGLEVALUE('IsExternal',$,IFCBOOLEAN(.F.),$);
#2899=IFCPROPERTYSET('0Udc52gRb5wr29InfXFC$H',$,'Pset_WallCommon',$,(#2898));
#2900=IFCRELDEFINESBYPROPERTIES('1X9yn1L0lZZQFmVQ4BbsMZ',$,$,$,(#2883),#2899);
#2901=IFCRAILING('3sKbaOvSL4rRJbXX_JGiqW',$,'Balcony balustrade',$,$,#2904,#2913,$,.BALUSTRADE.);
#2902=IFCCARTESIANPOINT((0.,0.,0.));
#2903=IFCAXIS2PLACEMENT3D(#2902,$,$);
#2904=IFCLOCALPLACEMENT(#31,#2903);
#2905=IFCCARTESIANPOINT((8.475,0.00999999999999998));
#2906=IFCAXIS2PLACEMENT2D(#2905,$);
#2907=IFCRECTANGLEPROFILEDEF(.AREA.,$,#2906,16.95,0.01999999999999996);
#2908=IFCCARTESIANPOINT((0.05,-0.36,0.));
#2909=IFCAXIS2PLACEMENT3D(#2908,$,$);
#2910=IFCDIRECTION((0.,0.,1.));
#2911=IFCEXTRUDEDAREASOLID(#2907,#2909,#2910,1.05);
#2912=IFCSHAPEREPRESENTATION(#11,'Body','SweptSolid',(#2911));
#2913=IFCPRODUCTDEFINITIONSHAPE($,$,(#2912));
#2914=IFCSTYLEDITEM(#2911,(#978),$);
#2915=IFCRAILING('1skRK5LmZ6fhLuspRyZx2H',$,'Balcony balustrade west',$,$,#2918,#2927,$,.BALUSTRADE.);
#2916=IFCCARTESIANPOINT((0.,0.,0.));
#2917=IFCAXIS2PLACEMENT3D(#2916,$,$);
#2918=IFCLOCALPLACEMENT(#31,#2917);
#2919=IFCCARTESIANPOINT((0.010000000000000002,0.67));
#2920=IFCAXIS2PLACEMENT2D(#2919,$);
#2921=IFCRECTANGLEPROFILEDEF(.AREA.,$,#2920,0.020000000000000004,1.34);
#2922=IFCCARTESIANPOINT((0.05,-0.34,0.));
#2923=IFCAXIS2PLACEMENT3D(#2922,$,$);
#2924=IFCDIRECTION((0.,0.,1.));
#2925=IFCEXTRUDEDAREASOLID(#2921,#2923,#2924,1.05);
#2926=IFCSHAPEREPRESENTATION(#11,'Body','SweptSolid',(#2925));
#2927=IFCPRODUCTDEFINITIONSHAPE($,$,(#2926));
#2928=IFCSTYLEDITEM(#2925,(#978),$);
#2929=IFCRAILING('0WN$1sDtG$dYAjXX7sciD$',$,'Roof terrace balustrade north',$,$,#2932,#2941,$,.BALUSTRADE.);
#2930=IFCCARTESIANPOINT((0.,0.,0.));
#2931=IFCAXIS2PLACEMENT3D(#2930,$,$);
#2932=IFCLOCALPLACEMENT(#31,#2931);
#2933=IFCCARTESIANPOINT((2.,0.009999999999999789));
#2934=IFCAXIS2PLACEMENT2D(#2933,$);
#2935=IFCRECTANGLEPROFILEDEF(.AREA.,$,#2934,4.,0.019999999999999577);
#2936=IFCCARTESIANPOINT((13.,8.9,0.));
#2937=IFCAXIS2PLACEMENT3D(#2936,$,$);
#2938=IFCDIRECTION((0.,0.,1.));
#2939=IFCEXTRUDEDAREASOLID(#2935,#2937,#2938,1.05);
#2940=IFCSHAPEREPRESENTATION(#11,'Body','SweptSolid',(#2939));
#2941=IFCPRODUCTDEFINITIONSHAPE($,$,(#2940));
#2942=IFCSTYLEDITEM(#2939,(#978),$);
#2943=IFCCOVERING('1DeZfAylf0k4TawCoEnrBU',$,'Roof terrace decking',$,$,#2946,#2955,$,.FLOORING.);
#2944=IFCCARTESIANPOINT((0.,0.,0.));
#2945=IFCAXIS2PLACEMENT3D(#2944,$,$);
#2946=IFCLOCALPLACEMENT(#31,#2945);
#2947=IFCCARTESIANPOINT((2.,4.45));
#2948=IFCAXIS2PLACEMENT2D(#2947,$);
#2949=IFCRECTANGLEPROFILEDEF(.AREA.,$,#2948,4.,8.9);
#2950=IFCCARTESIANPOINT((13.,0.,0.));
#2951=IFCAXIS2PLACEMENT3D(#2950,$,$);
#2952=IFCDIRECTION((0.,0.,1.));
#2953=IFCEXTRUDEDAREASOLID(#2949,#2951,#2952,0.03);
#2954=IFCSHAPEREPRESENTATION(#11,'Body','SweptSolid',(#2953));
#2955=IFCPRODUCTDEFINITIONSHAPE($,$,(#2954));
#2956=IFCSTYLEDITEM(#2953,(#1991),$);
#2957=IFCSLAB('2QSbkq21z$YQD7o9P3RxJd',$,'Roof slab',$,$,#2961,#2973,$,.ROOF.);
#2958=IFCRELCONTAINEDINSPATIALSTRUCTURE('1HLmW_juhnOcSOGGEEFmwK',$,$,$,(#2957,#2975,#2992,#3006,#3020,#3034,#3048,#3062,#3076,#3117,#3126,#3135,#3144),#32);
#2959=IFCCARTESIANPOINT((0.,0.,-0.3));
#2960=IFCAXIS2PLACEMENT3D(#2959,$,$);
#2961=IFCLOCALPLACEMENT(#35,#2960);
#2962=IFCCARTESIANPOINT((0.,1.));
#2963=IFCCARTESIANPOINT((13.,1.));
#2964=IFCCARTESIANPOINT((13.,9.));
#2965=IFCCARTESIANPOINT((0.,9.));
#2966=IFCPOLYLINE((#2962,#2963,#2964,#2965,#2962));
#2967=IFCARBITRARYCLOSEDPROFILEDEF(.AREA.,$,#2966);
#2968=IFCCARTESIANPOINT((0.,0.,0.));
#2969=IFCAXIS2PLACEMENT3D(#2968,$,$);
#2970=IFCDIRECTION((0.,0.,1.));
#2971=IFCEXTRUDEDAREASOLID(#2967,#2969,#2970,0.3);
#2972=IFCSHAPEREPRESENTATION(#11,'Body','SweptSolid',(#2971));
#2973=IFCPRODUCTDEFINITIONSHAPE($,$,(#2972));
#2974=IFCSTYLEDITEM(#2971,(#189),$);
#2975=IFCSLAB('35NRHKVXqeipGhHv2Ifr9d',$,'Raised roof',$,$,#2978,#2990,$,.ROOF.);
#2976=IFCCARTESIANPOINT((0.,0.,0.));
#2977=IFCAXIS2PLACEMENT3D(#2976,$,$);
#2978=IFCLOCALPLACEMENT(#35,#2977);
#2979=IFCCARTESIANPOINT((6.,4.));
#2980=IFCCARTESIANPOINT((13.,4.));
#2981=IFCCARTESIANPOINT((13.,9.));
#2982=IFCCARTESIANPOINT((6.,9.));
#2983=IFCPOLYLINE((#2979,#2980,#2981,#2982,#2979));
#2984=IFCARBITRARYCLOSEDPROFILEDEF(.AREA.,$,#2983);
#2985=IFCCARTESIANPOINT((0.,0.,0.));
#2986=IFCAXIS2PLACEMENT3D(#2985,$,$);
#2987=IFCDIRECTION((0.,0.,1.));
#2988=IFCEXTRUDEDAREASOLID(#2984,#2986,#2987,0.45);
#2989=IFCSHAPEREPRESENTATION(#11,'Body','SweptSolid',(#2988));
#2990=IFCPRODUCTDEFINITIONSHAPE($,$,(#2989));
#2991=IFCSTYLEDITEM(#2988,(#189),$);
#2992=IFCWALL('2m1Xd9uStZxkxhxGatxw2W',$,'Roof parapet south',$,$,#2995,#3004,$,.PARAPET.);
#2993=IFCCARTESIANPOINT((0.,0.,0.));
#2994=IFCAXIS2PLACEMENT3D(#2993,$,$);
#2995=IFCLOCALPLACEMENT(#35,#2994);
#2996=IFCCARTESIANPOINT((6.5,0.15000000000000002));
#2997=IFCAXIS2PLACEMENT2D(#2996,$);
#2998=IFCRECTANGLEPROFILEDEF(.AREA.,$,#2997,13.,0.30000000000000004);
#2999=IFCCARTESIANPOINT((0.,1.,0.));
#3000=IFCAXIS2PLACEMENT3D(#2999,$,$);
#3001=IFCDIRECTION((0.,0.,1.));
#3002=IFCEXTRUDEDAREASOLID(#2998,#3000,#3001,0.4);
#3003=IFCSHAPEREPRESENTATION(#11,'Body','SweptSolid',(#3002));
#3004=IFCPRODUCTDEFINITIONSHAPE($,$,(#3003));
#3005=IFCSTYLEDITEM(#3002,(#189),$);
#3006=IFCWALL('0cv__W$$7OjgTuFCAkrOZ3',$,'Roof parapet west',$,$,#3009,#3018,$,.PARAPET.);
#3007=IFCCARTESIANPOINT((0.,0.,0.));
#3008=IFCAXIS2PLACEMENT3D(#3007,$,$);
#3009=IFCLOCALPLACEMENT(#35,#3008);
#3010=IFCCARTESIANPOINT((0.15,3.85));
#3011=IFCAXIS2PLACEMENT2D(#3010,$);
#3012=IFCRECTANGLEPROFILEDEF(.AREA.,$,#3011,0.3,7.7);
#3013=IFCCARTESIANPOINT((0.,1.3,0.));
#3014=IFCAXIS2PLACEMENT3D(#3013,$,$);
#3015=IFCDIRECTION((0.,0.,1.));
#3016=IFCEXTRUDEDAREASOLID(#3012,#3014,#3015,0.4);
#3017=IFCSHAPEREPRESENTATION(#11,'Body','SweptSolid',(#3016));
#3018=IFCPRODUCTDEFINITIONSHAPE($,$,(#3017));
#3019=IFCSTYLEDITEM(#3016,(#189),$);
#3020=IFCWALL('3nOFo1e_1fVakPCh$Rj5Y2',$,'Roof parapet north',$,$,#3023,#3032,$,.PARAPET.);
#3021=IFCCARTESIANPOINT((0.,0.,0.));
#3022=IFCAXIS2PLACEMENT3D(#3021,$,$);
#3023=IFCLOCALPLACEMENT(#35,#3022);
#3024=IFCCARTESIANPOINT((2.85,0.15000000000000036));
#3025=IFCAXIS2PLACEMENT2D(#3024,$);
#3026=IFCRECTANGLEPROFILEDEF(.AREA.,$,#3025,5.7,0.3000000000000007);
#3027=IFCCARTESIANPOINT((0.3,8.7,0.));
#3028=IFCAXIS2PLACEMENT3D(#3027,$,$);
#3029=IFCDIRECTION((0.,0.,1.));
#3030=IFCEXTRUDEDAREASOLID(#3026,#3028,#3029,0.4);
#3031=IFCSHAPEREPRESENTATION(#11,'Body','SweptSolid',(#3030));
#3032=IFCPRODUCTDEFINITIONSHAPE($,$,(#3031));
#3033=IFCSTYLEDITEM(#3030,(#189),$);
#3034=IFCWALL('1lKB0tkJ1GOzaQfQf0omK4',$,'Roof parapet east',$,$,#3037,#3046,$,.PARAPET.);
#3035=IFCCARTESIANPOINT((0.,0.,0.));
#3036=IFCAXIS2PLACEMENT3D(#3035,$,$);
#3037=IFCLOCALPLACEMENT(#35,#3036);
#3038=IFCCARTESIANPOINT((0.15000000000000036,1.35));
#3039=IFCAXIS2PLACEMENT2D(#3038,$);
#3040=IFCRECTANGLEPROFILEDEF(.AREA.,$,#3039,0.3000000000000007,2.7);
#3041=IFCCARTESIANPOINT((12.7,1.3,0.));
#3042=IFCAXIS2PLACEMENT3D(#3041,$,$);
#3043=IFCDIRECTION((0.,0.,1.));
#3044=IFCEXTRUDEDAREASOLID(#3040,#3042,#3043,0.4);
#3045=IFCSHAPEREPRESENTATION(#11,'Body','SweptSolid',(#3044));
#3046=IFCPRODUCTDEFINITIONSHAPE($,$,(#3045));
#3047=IFCSTYLEDITEM(#3044,(#189),$);
#3048=IFCCOVERING('3uUj$kwmbZn1Ifc6OIdiTC',$,'Roof gravel',$,$,#3051,#3060,$,.ROOFING.);
#3049=IFCCARTESIANPOINT((0.,0.,0.));
#3050=IFCAXIS2PLACEMENT3D(#3049,$,$);
#3051=IFCLOCALPLACEMENT(#35,#3050);
#3052=IFCCARTESIANPOINT((6.2,1.35));
#3053=IFCAXIS2PLACEMENT2D(#3052,$);
#3054=IFCRECTANGLEPROFILEDEF(.AREA.,$,#3053,12.4,2.7);
#3055=IFCCARTESIANPOINT((0.3,1.3,0.));
#3056=IFCAXIS2PLACEMENT3D(#3055,$,$);
#3057=IFCDIRECTION((0.,0.,1.));
#3058=IFCEXTRUDEDAREASOLID(#3054,#3056,#3057,0.05);
#3059=IFCSHAPEREPRESENTATION(#11,'Body','SweptSolid',(#3058));
#3060=IFCPRODUCTDEFINITIONSHAPE($,$,(#3059));
#3061=IFCSTYLEDITEM(#3058,(#1991),$);
#3062=IFCCOVERING('0FpIrSyn_KfLIet0GRTs_j',$,'Roof gravel west',$,$,#3065,#3074,$,.ROOFING.);
#3063=IFCCARTESIANPOINT((0.,0.,0.));
#3064=IFCAXIS2PLACEMENT3D(#3063,$,$);
#3065=IFCLOCALPLACEMENT(#35,#3064);
#3066=IFCCARTESIANPOINT((2.85,2.3499999999999996));
#3067=IFCAXIS2PLACEMENT2D(#3066,$);
#3068=IFCRECTANGLEPROFILEDEF(.AREA.,$,#3067,5.7,4.699999999999999);
#3069=IFCCARTESIANPOINT((0.3,4.,0.));
#3070=IFCAXIS2PLACEMENT3D(#3069,$,$);
#3071=IFCDIRECTION((0.,0.,1.));
#3072=IFCEXTRUDEDAREASOLID(#3068,#3070,#3071,0.05);
#3073=IFCSHAPEREPRESENTATION(#11,'Body','SweptSolid',(#3072));
#3074=IFCPRODUCTDEFINITIONSHAPE($,$,(#3073));
#3075=IFCSTYLEDITEM(#3072,(#1991),$);
#3076=IFCUNITARYEQUIPMENT('3SudFTgn0_SfR3MG2ZA$$j',$,'Heat pump',$,$,#3079,#3088,$,.AIRCONDITIONINGUNIT.);
#3077=IFCCARTESIANPOINT((3.6,6.4,0.05));
#3078=IFCAXIS2PLACEMENT3D(#3077,$,$);
#3079=IFCLOCALPLACEMENT(#35,#3078);
#3080=IFCCARTESIANPOINT((0.75,0.375));
#3081=IFCAXIS2PLACEMENT2D(#3080,$);
#3082=IFCRECTANGLEPROFILEDEF(.AREA.,$,#3081,1.5,0.75);
#3083=IFCCARTESIANPOINT((0.,0.,0.1));
#3084=IFCAXIS2PLACEMENT3D(#3083,$,$);
#3085=IFCDIRECTION((0.,0.,1.));
#3086=IFCEXTRUDEDAREASOLID(#3082,#3084,#3085,0.95);
#3087=IFCSHAPEREPRESENTATION(#11,'Body','SweptSolid',(#3086,#3099,#3107,#3115));
#3088=IFCPRODUCTDEFINITIONSHAPE($,$,(#3087));
#3089=IFCCOLOURRGB($,0.75,0.76,0.78);
#3090=IFCSURFACESTYLERENDERING(#3089,0.,$,$,$,$,$,$,.NOTDEFINED.);
#3091=IFCSURFACESTYLE('rgba 0.75 0.76 0.78 1',.BOTH.,(#3090));
#3092=IFCSTYLEDITEM(#3086,(#3091),$);
#3093=IFCCARTESIANPOINT((0.6499999999999999,0.275));
#3094=IFCAXIS2PLACEMENT2D(#3093,$);
#3095=IFCRECTANGLEPROFILEDEF(.AREA.,$,#3094,1.2999999999999998,0.55);
#3096=IFCCARTESIANPOINT((0.1,0.1,0.));
#3097=IFCAXIS2PLACEMENT3D(#3096,$,$);
#3098=IFCDIRECTION((0.,0.,1.));
#3099=IFCEXTRUDEDAREASOLID(#3095,#3097,#3098,0.1);
#3100=IFCSTYLEDITEM(#3099,(#914),$);
#3101=IFCCARTESIANPOINT((0.45,0.375));
#3102=IFCAXIS2PLACEMENT2D(#3101,$);
#3103=IFCCIRCLEPROFILEDEF(.AREA.,$,#3102,0.3);
#3104=IFCCARTESIANPOINT((0.,0.,1.05));
#3105=IFCAXIS2PLACEMENT3D(#3104,$,$);
#3106=IFCDIRECTION((0.,0.,1.));
#3107=IFCEXTRUDEDAREASOLID(#3103,#3105,#3106,0.03);
#3108=IFCSTYLEDITEM(#3107,(#914),$);
#3109=IFCCARTESIANPOINT((1.08,0.375));
#3110=IFCAXIS2PLACEMENT2D(#3109,$);
#3111=IFCCIRCLEPROFILEDEF(.AREA.,$,#3110,0.3);
#3112=IFCCARTESIANPOINT((0.,0.,1.05));
#3113=IFCAXIS2PLACEMENT3D(#3112,$,$);
#3114=IFCDIRECTION((0.,0.,1.));
#3115=IFCEXTRUDEDAREASOLID(#3111,#3113,#3114,0.03);
#3116=IFCSTYLEDITEM(#3115,(#914),$);
#3117=IFCSOLARDEVICE('2jTPi$vYNT5M8smi4oF3au',$,'Solar panel 1',$,$,#3120,#3124,$,.SOLARPANEL.);
#3118=IFCCARTESIANPOINT((0.,0.,0.));
#3119=IFCAXIS2PLACEMENT3D(#3118,$,$);
#3120=IFCLOCALPLACEMENT(#35,#3119);
#3121=IFCCARTESIANPOINTLIST3D(((6.6,5.2,0.55),(7.64,5.2,0.55),(7.64,7.133,1.064),(6.6,7.133,1.064),(6.6,5.19,0.589),(7.64,5.19,0.589),(7.64,7.122,1.103),(6.6,7.122,1.103)));
#3122=IFCTRIANGULATEDFACESET(#3121,$,$,((1,3,2),(1,4,3),(5,6,7),(5,7,8),(1,2,6),(1,6,5),(2,3,7),(2,7,6),(3,4,8),(3,8,7),(4,1,5),(4,5,8)),$);
#3123=IFCSHAPEREPRESENTATION(#11,'Body','Tessellation',(#3122));
#3124=IFCPRODUCTDEFINITIONSHAPE($,$,(#3123));
#3125=IFCSTYLEDITEM(#3122,(#2274),$);
#3126=IFCSOLARDEVICE('3RIoRr1u9iEwvK60A85ovY',$,'Solar panel 2',$,$,#3129,#3133,$,.SOLARPANEL.);
#3127=IFCCARTESIANPOINT((0.,0.,0.));
#3128=IFCAXIS2PLACEMENT3D(#3127,$,$);
#3129=IFCLOCALPLACEMENT(#35,#3128);
#3130=IFCCARTESIANPOINTLIST3D(((7.72,5.2,0.55),(8.76,5.2,0.55),(8.76,7.133,1.064),(7.72,7.133,1.064),(7.72,5.19,0.589),(8.76,5.19,0.589),(8.76,7.122,1.103),(7.72,7.122,1.103)));
#3131=IFCTRIANGULATEDFACESET(#3130,$,$,((1,3,2),(1,4,3),(5,6,7),(5,7,8),(1,2,6),(1,6,5),(2,3,7),(2,7,6),(3,4,8),(3,8,7),(4,1,5),(4,5,8)),$);
#3132=IFCSHAPEREPRESENTATION(#11,'Body','Tessellation',(#3131));
#3133=IFCPRODUCTDEFINITIONSHAPE($,$,(#3132));
#3134=IFCSTYLEDITEM(#3131,(#2274),$);
#3135=IFCSOLARDEVICE('3uYHM_7pQThhej3yD63ZAg',$,'Solar panel 3',$,$,#3138,#3142,$,.SOLARPANEL.);
#3136=IFCCARTESIANPOINT((0.,0.,0.));
#3137=IFCAXIS2PLACEMENT3D(#3136,$,$);
#3138=IFCLOCALPLACEMENT(#35,#3137);
#3139=IFCCARTESIANPOINTLIST3D(((8.84,5.2,0.55),(9.88,5.2,0.55),(9.88,7.133,1.064),(8.84,7.133,1.064),(8.84,5.19,0.589),(9.88,5.19,0.589),(9.88,7.122,1.103),(8.84,7.122,1.103)));
#3140=IFCTRIANGULATEDFACESET(#3139,$,$,((1,3,2),(1,4,3),(5,6,7),(5,7,8),(1,2,6),(1,6,5),(2,3,7),(2,7,6),(3,4,8),(3,8,7),(4,1,5),(4,5,8)),$);
#3141=IFCSHAPEREPRESENTATION(#11,'Body','Tessellation',(#3140));
#3142=IFCPRODUCTDEFINITIONSHAPE($,$,(#3141));
#3143=IFCSTYLEDITEM(#3140,(#2274),$);
#3144=IFCSOLARDEVICE('16ifxpzyevKxZ7pxVWRv9t',$,'Solar panel 4',$,$,#3147,#3151,$,.SOLARPANEL.);
#3145=IFCCARTESIANPOINT((0.,0.,0.));
#3146=IFCAXIS2PLACEMENT3D(#3145,$,$);
#3147=IFCLOCALPLACEMENT(#35,#3146);
#3148=IFCCARTESIANPOINTLIST3D(((9.96,5.2,0.55),(11.,5.2,0.55),(11.,7.133,1.064),(9.96,7.133,1.064),(9.96,5.19,0.589),(11.,5.19,0.589),(11.,7.122,1.103),(9.96,7.122,1.103)));
#3149=IFCTRIANGULATEDFACESET(#3148,$,$,((1,3,2),(1,4,3),(5,6,7),(5,7,8),(1,2,6),(1,6,5),(2,3,7),(2,7,6),(3,4,8),(3,8,7),(4,1,5),(4,5,8)),$);
#3150=IFCSHAPEREPRESENTATION(#11,'Body','Tessellation',(#3149));
#3151=IFCPRODUCTDEFINITIONSHAPE($,$,(#3150));
#3152=IFCSTYLEDITEM(#3149,(#2274),$);
#3153=IFCFURNISHINGELEMENT('3PVZhO$otW0PHzOs8B_u_U',$,'Living room rug',$,$,#3156,#3165,$);
#3154=IFCCARTESIANPOINT((0.,0.,0.));
#3155=IFCAXIS2PLACEMENT3D(#3154,$,$);
#3156=IFCLOCALPLACEMENT(#26,#3155);
#3157=IFCCARTESIANPOINT((2.4,1.8));
#3158=IFCAXIS2PLACEMENT2D(#3157,$);
#3159=IFCRECTANGLEPROFILEDEF(.AREA.,$,#3158,4.8,3.6);
#3160=IFCCARTESIANPOINT((2.2,1.6,0.));
#3161=IFCAXIS2PLACEMENT3D(#3160,$,$);
#3162=IFCDIRECTION((0.,0.,1.));
#3163=IFCEXTRUDEDAREASOLID(#3159,#3161,#3162,0.02);
#3164=IFCSHAPEREPRESENTATION(#11,'Body','SweptSolid',(#3163));
#3165=IFCPRODUCTDEFINITIONSHAPE($,$,(#3164));
#3166=IFCCOLOURRGB($,0.85,0.78,0.68);
#3167=IFCSURFACESTYLERENDERING(#3166,0.,$,$,$,$,$,$,.NOTDEFINED.);
#3168=IFCSURFACESTYLE('rgba 0.85 0.78 0.68 1',.BOTH.,(#3167));
#3169=IFCSTYLEDITEM(#3163,(#3168),$);
#3170=IFCFURNITURE('0tClZqA$r8m8cIaBIjBHck',$,'Living room sofa',$,$,#3173,#3182,$,.SOFA.);
#3171=IFCCARTESIANPOINT((2.8,4.1,0.));
#3172=IFCAXIS2PLACEMENT3D(#3171,$,$);
#3173=IFCLOCALPLACEMENT(#26,#3172);
#3174=IFCCARTESIANPOINT((1.6,0.475));
#3175=IFCAXIS2PLACEMENT2D(#3174,$);
#3176=IFCRECTANGLEPROFILEDEF(.AREA.,$,#3175,3.2,0.95);
#3177=IFCCARTESIANPOINT((0.,0.,0.12));
#3178=IFCAXIS2PLACEMENT3D(#3177,$,$);
#3179=IFCDIRECTION((0.,0.,1.));
#3180=IFCEXTRUDEDAREASOLID(#3176,#3178,#3179,0.28);
#3181=IFCSHAPEREPRESENTATION(#11,'Body','SweptSolid',(#3180,#3196,#3207,#3215,#3223,#3234,#3242,#3250,#3258,#3266,#3274,#3282,#3290));
#3182=IFCPRODUCTDEFINITIONSHAPE($,$,(#3181));
#3183=IFCCOLOURRGB($,0.93,0.9,0.84);
#3184=IFCSURFACESTYLERENDERING(#3183,0.,$,$,$,$,$,$,.NOTDEFINED.);
#3185=IFCSURFACESTYLE('rgba 0.93 0.9 0.84 1',.BOTH.,(#3184));
#3186=IFCSTYLEDITEM(#3180,(#3185),$);
#3187=IFCCOLOURRGB($,0.85,0.78,0.68);
#3188=IFCSURFACESTYLERENDERING(#3187,0.,$,$,$,$,$,$,.NOTDEFINED.);
#3189=IFCSURFACESTYLE('colour 0.85 0.78 0.68',.BOTH.,(#3188));
#3190=IFCCARTESIANPOINT((1.5700000000000005,0.44499999999999995));
#3191=IFCAXIS2PLACEMENT2D(#3190,$);
#3192=IFCRECTANGLEPROFILEDEF(.AREA.,$,#3191,3.140000000000001,0.8899999999999999);
#3193=IFCCARTESIANPOINT((0.03,0.03,0.));
#3194=IFCAXIS2PLACEMENT3D(#3193,$,$);
#3195=IFCDIRECTION((0.,0.,1.));
#3196=IFCEXTRUDEDAREASOLID(#3192,#3194,#3195,0.12);
#3197=IFCSTYLEDITEM(#3196,(#3189),$);
#3198=IFCCOLOURRGB($,0.93,0.9,0.84);
#3199=IFCSURFACESTYLERENDERING(#3198,0.,$,$,$,$,$,$,.NOTDEFINED.);
#3200=IFCSURFACESTYLE('colour 0.93 0.9 0.84',.BOTH.,(#3199));
#3201=IFCCARTESIANPOINT((1.6,0.10999999999999999));
#3202=IFCAXIS2PLACEMENT2D(#3201,$);
#3203=IFCRECTANGLEPROFILEDEF(.AREA.,$,#3202,3.2,0.21999999999999997);
#3204=IFCCARTESIANPOINT((0.,0.73,0.4));
#3205=IFCAXIS2PLACEMENT3D(#3204,$,$);
#3206=IFCDIRECTION((0.,0.,1.));
#3207=IFCEXTRUDEDAREASOLID(#3203,#3205,#3206,0.41999999999999993);
#3208=IFCSTYLEDITEM(#3207,(#3200),$);
#3209=IFCCARTESIANPOINT((0.09,0.365));
#3210=IFCAXIS2PLACEMENT2D(#3209,$);
#3211=IFCRECTANGLEPROFILEDEF(.AREA.,$,#3210,0.18,0.73);
#3212=IFCCARTESIANPOINT((0.,0.,0.4));
#3213=IFCAXIS2PLACEMENT3D(#3212,$,$);
#3214=IFCDIRECTION((0.,0.,1.));
#3215=IFCEXTRUDEDAREASOLID(#3211,#3213,#3214,0.21999999999999997);
#3216=IFCSTYLEDITEM(#3215,(#3200),$);
#3217=IFCCARTESIANPOINT((0.09000000000000008,0.365));
#3218=IFCAXIS2PLACEMENT2D(#3217,$);
#3219=IFCRECTANGLEPROFILEDEF(.AREA.,$,#3218,0.18000000000000016,0.73);
#3220=IFCCARTESIANPOINT((3.02,0.,0.4));
#3221=IFCAXIS2PLACEMENT3D(#3220,$,$);
#3222=IFCDIRECTION((0.,0.,1.));
#3223=IFCEXTRUDEDAREASOLID(#3219,#3221,#3222,0.21999999999999997);
#3224=IFCSTYLEDITEM(#3223,(#3200),$);
#3225=IFCCOLOURRGB($,0.98,0.97,0.94);
#3226=IFCSURFACESTYLERENDERING(#3225,0.,$,$,$,$,$,$,.NOTDEFINED.);
#3227=IFCSURFACESTYLE('colour 0.98 0.97 0.94',.BOTH.,(#3226));
#3228=IFCCARTESIANPOINT((0.3450000000000001,0.345));
#3229=IFCAXIS2PLACEMENT2D(#3228,$);
#3230=IFCRECTANGLEPROFILEDEF(.AREA.,$,#3229,0.6900000000000002,0.69);
#3231=IFCCARTESIANPOINT((0.19,0.02,0.4));
#3232=IFCAXIS2PLACEMENT3D(#3231,$,$);
#3233=IFCDIRECTION((0.,0.,1.));
#3234=IFCEXTRUDEDAREASOLID(#3230,#3232,#3233,0.14);
#3235=IFCSTYLEDITEM(#3234,(#3227),$);
#3236=IFCCARTESIANPOINT((0.31500000000000006,0.07));
#3237=IFCAXIS2PLACEMENT2D(#3236,$);
#3238=IFCRECTANGLEPROFILEDEF(.AREA.,$,#3237,0.6300000000000001,0.14);
#3239=IFCCARTESIANPOINT((0.22,0.59,0.54));
#3240=IFCAXIS2PLACEMENT3D(#3239,$,$);
#3241=IFCDIRECTION((0.,0.,1.));
#3242=IFCEXTRUDEDAREASOLID(#3238,#3240,#3241,0.36);
#3243=IFCSTYLEDITEM(#3242,(#3227),$);
#3244=IFCCARTESIANPOINT((0.345,0.345));
#3245=IFCAXIS2PLACEMENT2D(#3244,$);
#3246=IFCRECTANGLEPROFILEDEF(.AREA.,$,#3245,0.69,0.69);
#3247=IFCCARTESIANPOINT((0.9000000000000001,0.02,0.4));
#3248=IFCAXIS2PLACEMENT3D(#3247,$,$);
#3249=IFCDIRECTION((0.,0.,1.));
#3250=IFCEXTRUDEDAREASOLID(#3246,#3248,#3249,0.14);
#3251=IFCSTYLEDITEM(#3250,(#3227),$);
#3252=IFCCARTESIANPOINT((0.315,0.07));
#3253=IFCAXIS2PLACEMENT2D(#3252,$);
#3254=IFCRECTANGLEPROFILEDEF(.AREA.,$,#3253,0.63,0.14);
#3255=IFCCARTESIANPOINT((0.93,0.59,0.54));
#3256=IFCAXIS2PLACEMENT3D(#3255,$,$);
#3257=IFCDIRECTION((0.,0.,1.));
#3258=IFCEXTRUDEDAREASOLID(#3254,#3256,#3257,0.36);
#3259=IFCSTYLEDITEM(#3258,(#3227),$);
#3260=IFCCARTESIANPOINT((0.3450000000000001,0.345));
#3261=IFCAXIS2PLACEMENT2D(#3260,$);
#3262=IFCRECTANGLEPROFILEDEF(.AREA.,$,#3261,0.6900000000000002,0.69);
#3263=IFCCARTESIANPOINT((1.61,0.02,0.4));
#3264=IFCAXIS2PLACEMENT3D(#3263,$,$);
#3265=IFCDIRECTION((0.,0.,1.));
#3266=IFCEXTRUDEDAREASOLID(#3262,#3264,#3265,0.14);
#3267=IFCSTYLEDITEM(#3266,(#3227),$);
#3268=IFCCARTESIANPOINT((0.31500000000000017,0.07));
#3269=IFCAXIS2PLACEMENT2D(#3268,$);
#3270=IFCRECTANGLEPROFILEDEF(.AREA.,$,#3269,0.6300000000000003,0.14);
#3271=IFCCARTESIANPOINT((1.64,0.59,0.54));
#3272=IFCAXIS2PLACEMENT3D(#3271,$,$);
#3273=IFCDIRECTION((0.,0.,1.));
#3274=IFCEXTRUDEDAREASOLID(#3270,#3272,#3273,0.36);
#3275=IFCSTYLEDITEM(#3274,(#3227),$);
#3276=IFCCARTESIANPOINT((0.345,0.345));
#3277=IFCAXIS2PLACEMENT2D(#3276,$);
#3278=IFCRECTANGLEPROFILEDEF(.AREA.,$,#3277,0.69,0.69);
#3279=IFCCARTESIANPOINT((2.3200000000000003,0.02,0.4));
#3280=IFCAXIS2PLACEMENT3D(#3279,$,$);
#3281=IFCDIRECTION((0.,0.,1.));
#3282=IFCEXTRUDEDAREASOLID(#3278,#3280,#3281,0.14);
#3283=IFCSTYLEDITEM(#3282,(#3227),$);
#3284=IFCCARTESIANPOINT((0.31499999999999995,0.07));
#3285=IFCAXIS2PLACEMENT2D(#3284,$);
#3286=IFCRECTANGLEPROFILEDEF(.AREA.,$,#3285,0.6299999999999999,0.14);
#3287=IFCCARTESIANPOINT((2.3500000000000005,0.59,0.54));
#3288=IFCAXIS2PLACEMENT3D(#3287,$,$);
#3289=IFCDIRECTION((0.,0.,1.));
#3290=IFCEXTRUDEDAREASOLID(#3286,#3288,#3289,0.36);
#3291=IFCSTYLEDITEM(#3290,(#3227),$);
#3292=IFCFURNITURE('06AjfcxDQSRxCLW68tZXh4',$,'Living room sofa, short side',$,$,#3296,#3305,$,.SOFA.);
#3293=IFCCARTESIANPOINT((6.3,4.,0.));
#3294=IFCDIRECTION((0.00000000000000006123233995736766,-1.,0.));
#3295=IFCAXIS2PLACEMENT3D(#3293,$,#3294);
#3296=IFCLOCALPLACEMENT(#26,#3295);
#3297=IFCCARTESIANPOINT((1.1,0.475));
#3298=IFCAXIS2PLACEMENT2D(#3297,$);
#3299=IFCRECTANGLEPROFILEDEF(.AREA.,$,#3298,2.2,0.95);
#3300=IFCCARTESIANPOINT((0.,0.,0.12));
#3301=IFCAXIS2PLACEMENT3D(#3300,$,$);
#3302=IFCDIRECTION((0.,0.,1.));
#3303=IFCEXTRUDEDAREASOLID(#3299,#3301,#3302,0.28);
#3304=IFCSHAPEREPRESENTATION(#11,'Body','SweptSolid',(#3303,#3313,#3321,#3329,#3337,#3345,#3353,#3361,#3369));
#3305=IFCPRODUCTDEFINITIONSHAPE($,$,(#3304));
#3306=IFCSTYLEDITEM(#3303,(#3185),$);
#3307=IFCCARTESIANPOINT((1.0700000000000005,0.44499999999999995));
#3308=IFCAXIS2PLACEMENT2D(#3307,$);
#3309=IFCRECTANGLEPROFILEDEF(.AREA.,$,#3308,2.140000000000001,0.8899999999999999);
#3310=IFCCARTESIANPOINT((0.03,0.03,0.));
#3311=IFCAXIS2PLACEMENT3D(#3310,$,$);
#3312=IFCDIRECTION((0.,0.,1.));
#3313=IFCEXTRUDEDAREASOLID(#3309,#3311,#3312,0.12);
#3314=IFCSTYLEDITEM(#3313,(#3189),$);
#3315=IFCCARTESIANPOINT((1.1,0.10999999999999999));
#3316=IFCAXIS2PLACEMENT2D(#3315,$);
#3317=IFCRECTANGLEPROFILEDEF(.AREA.,$,#3316,2.2,0.21999999999999997);
#3318=IFCCARTESIANPOINT((0.,0.73,0.4));
#3319=IFCAXIS2PLACEMENT3D(#3318,$,$);
#3320=IFCDIRECTION((0.,0.,1.));
#3321=IFCEXTRUDEDAREASOLID(#3317,#3319,#3320,0.41999999999999993);
#3322=IFCSTYLEDITEM(#3321,(#3200),$);
#3323=IFCCARTESIANPOINT((0.09,0.365));
#3324=IFCAXIS2PLACEMENT2D(#3323,$);
#3325=IFCRECTANGLEPROFILEDEF(.AREA.,$,#3324,0.18,0.73);
#3326=IFCCARTESIANPOINT((0.,0.,0.4));
#3327=IFCAXIS2PLACEMENT3D(#3326,$,$);
#3328=IFCDIRECTION((0.,0.,1.));
#3329=IFCEXTRUDEDAREASOLID(#3325,#3327,#3328,0.21999999999999997);
#3330=IFCSTYLEDITEM(#3329,(#3200),$);
#3331=IFCCARTESIANPOINT((0.09000000000000008,0.365));
#3332=IFCAXIS2PLACEMENT2D(#3331,$);
#3333=IFCRECTANGLEPROFILEDEF(.AREA.,$,#3332,0.18000000000000016,0.73);
#3334=IFCCARTESIANPOINT((2.02,0.,0.4));
#3335=IFCAXIS2PLACEMENT3D(#3334,$,$);
#3336=IFCDIRECTION((0.,0.,1.));
#3337=IFCEXTRUDEDAREASOLID(#3333,#3335,#3336,0.21999999999999997);
#3338=IFCSTYLEDITEM(#3337,(#3200),$);
#3339=IFCCARTESIANPOINT((0.45000000000000007,0.345));
#3340=IFCAXIS2PLACEMENT2D(#3339,$);
#3341=IFCRECTANGLEPROFILEDEF(.AREA.,$,#3340,0.9000000000000001,0.69);
#3342=IFCCARTESIANPOINT((0.19,0.02,0.4));
#3343=IFCAXIS2PLACEMENT3D(#3342,$,$);
#3344=IFCDIRECTION((0.,0.,1.));
#3345=IFCEXTRUDEDAREASOLID(#3341,#3343,#3344,0.14);
#3346=IFCSTYLEDITEM(#3345,(#3227),$);
#3347=IFCCARTESIANPOINT((0.42000000000000004,0.07));
#3348=IFCAXIS2PLACEMENT2D(#3347,$);
#3349=IFCRECTANGLEPROFILEDEF(.AREA.,$,#3348,0.8400000000000001,0.14);
#3350=IFCCARTESIANPOINT((0.22,0.59,0.54));
#3351=IFCAXIS2PLACEMENT3D(#3350,$,$);
#3352=IFCDIRECTION((0.,0.,1.));
#3353=IFCEXTRUDEDAREASOLID(#3349,#3351,#3352,0.36);
#3354=IFCSTYLEDITEM(#3353,(#3227),$);
#3355=IFCCARTESIANPOINT((0.45000000000000007,0.345));
#3356=IFCAXIS2PLACEMENT2D(#3355,$);
#3357=IFCRECTANGLEPROFILEDEF(.AREA.,$,#3356,0.9000000000000001,0.69);
#3358=IFCCARTESIANPOINT((1.11,0.02,0.4));
#3359=IFCAXIS2PLACEMENT3D(#3358,$,$);
#3360=IFCDIRECTION((0.,0.,1.));
#3361=IFCEXTRUDEDAREASOLID(#3357,#3359,#3360,0.14);
#3362=IFCSTYLEDITEM(#3361,(#3227),$);
#3363=IFCCARTESIANPOINT((0.42000000000000015,0.07));
#3364=IFCAXIS2PLACEMENT2D(#3363,$);
#3365=IFCRECTANGLEPROFILEDEF(.AREA.,$,#3364,0.8400000000000003,0.14);
#3366=IFCCARTESIANPOINT((1.14,0.59,0.54));
#3367=IFCAXIS2PLACEMENT3D(#3366,$,$);
#3368=IFCDIRECTION((0.,0.,1.));
#3369=IFCEXTRUDEDAREASOLID(#3365,#3367,#3368,0.36);
#3370=IFCSTYLEDITEM(#3369,(#3227),$);
#3371=IFCFURNITURE('0MtYf76vCPeJQUJ4o9GsP0',$,'Living room armchair',$,$,#3375,#3384,$,.SOFA.);
#3372=IFCCARTESIANPOINT((3.3,2.5,0.));
#3373=IFCDIRECTION((0.00000000000000006123233995736766,1.,0.));
#3374=IFCAXIS2PLACEMENT3D(#3372,$,#3373);
#3375=IFCLOCALPLACEMENT(#26,#3374);
#3376=IFCCARTESIANPOINT((0.475,0.475));
#3377=IFCAXIS2PLACEMENT2D(#3376,$);
#3378=IFCRECTANGLEPROFILEDEF(.AREA.,$,#3377,0.95,0.95);
#3379=IFCCARTESIANPOINT((0.,0.,0.12));
#3380=IFCAXIS2PLACEMENT3D(#3379,$,$);
#3381=IFCDIRECTION((0.,0.,1.));
#3382=IFCEXTRUDEDAREASOLID(#3378,#3380,#3381,0.28);
#3383=IFCSHAPEREPRESENTATION(#11,'Body','SweptSolid',(#3382,#3392,#3400,#3408,#3416,#3424,#3432));
#3384=IFCPRODUCTDEFINITIONSHAPE($,$,(#3383));
#3385=IFCSTYLEDITEM(#3382,(#3185),$);
#3386=IFCCARTESIANPOINT((0.44499999999999995,0.44499999999999995));
#3387=IFCAXIS2PLACEMENT2D(#3386,$);
#3388=IFCRECTANGLEPROFILEDEF(.AREA.,$,#3387,0.8899999999999999,0.8899999999999999);
#3389=IFCCARTESIANPOINT((0.03,0.03,0.));
#3390=IFCAXIS2PLACEMENT3D(#3389,$,$);
#3391=IFCDIRECTION((0.,0.,1.));
#3392=IFCEXTRUDEDAREASOLID(#3388,#3390,#3391,0.12);
#3393=IFCSTYLEDITEM(#3392,(#3189),$);
#3394=IFCCARTESIANPOINT((0.475,0.10999999999999999));
#3395=IFCAXIS2PLACEMENT2D(#3394,$);
#3396=IFCRECTANGLEPROFILEDEF(.AREA.,$,#3395,0.95,0.21999999999999997);
#3397=IFCCARTESIANPOINT((0.,0.73,0.4));
#3398=IFCAXIS2PLACEMENT3D(#3397,$,$);
#3399=IFCDIRECTION((0.,0.,1.));
#3400=IFCEXTRUDEDAREASOLID(#3396,#3398,#3399,0.41999999999999993);
#3401=IFCSTYLEDITEM(#3400,(#3200),$);
#3402=IFCCARTESIANPOINT((0.09,0.365));
#3403=IFCAXIS2PLACEMENT2D(#3402,$);
#3404=IFCRECTANGLEPROFILEDEF(.AREA.,$,#3403,0.18,0.73);
#3405=IFCCARTESIANPOINT((0.,0.,0.4));
#3406=IFCAXIS2PLACEMENT3D(#3405,$,$);
#3407=IFCDIRECTION((0.,0.,1.));
#3408=IFCEXTRUDEDAREASOLID(#3404,#3406,#3407,0.21999999999999997);
#3409=IFCSTYLEDITEM(#3408,(#3200),$);
#3410=IFCCARTESIANPOINT((0.08999999999999997,0.365));
#3411=IFCAXIS2PLACEMENT2D(#3410,$);
#3412=IFCRECTANGLEPROFILEDEF(.AREA.,$,#3411,0.17999999999999994,0.73);
#3413=IFCCARTESIANPOINT((0.77,0.,0.4));
#3414=IFCAXIS2PLACEMENT3D(#3413,$,$);
#3415=IFCDIRECTION((0.,0.,1.));
#3416=IFCEXTRUDEDAREASOLID(#3412,#3414,#3415,0.21999999999999997);
#3417=IFCSTYLEDITEM(#3416,(#3200),$);
#3418=IFCCARTESIANPOINT((0.28500000000000003,0.345));
#3419=IFCAXIS2PLACEMENT2D(#3418,$);
#3420=IFCRECTANGLEPROFILEDEF(.AREA.,$,#3419,0.5700000000000001,0.69);
#3421=IFCCARTESIANPOINT((0.19,0.02,0.4));
#3422=IFCAXIS2PLACEMENT3D(#3421,$,$);
#3423=IFCDIRECTION((0.,0.,1.));
#3424=IFCEXTRUDEDAREASOLID(#3420,#3422,#3423,0.14);
#3425=IFCSTYLEDITEM(#3424,(#3227),$);
#3426=IFCCARTESIANPOINT((0.255,0.07));
#3427=IFCAXIS2PLACEMENT2D(#3426,$);
#3428=IFCRECTANGLEPROFILEDEF(.AREA.,$,#3427,0.51,0.14);
#3429=IFCCARTESIANPOINT((0.22,0.59,0.54));
#3430=IFCAXIS2PLACEMENT3D(#3429,$,$);
#3431=IFCDIRECTION((0.,0.,1.));
#3432=IFCEXTRUDEDAREASOLID(#3428,#3430,#3431,0.36);
#3433=IFCSTYLEDITEM(#3432,(#3227),$);
#3434=IFCFURNITURE('3n40ErNyd67FBD9ZlhLyXf',$,'Coffee table',$,$,#3437,#3446,$,.TABLE.);
#3435=IFCCARTESIANPOINT((3.7,2.5,0.));
#3436=IFCAXIS2PLACEMENT3D(#3435,$,$);
#3437=IFCLOCALPLACEMENT(#26,#3436);
#3438=IFCCARTESIANPOINT((0.7,0.4));
#3439=IFCAXIS2PLACEMENT2D(#3438,$);
#3440=IFCRECTANGLEPROFILEDEF(.AREA.,$,#3439,1.4,0.8);
#3441=IFCCARTESIANPOINT((0.,0.,0.33));
#3442=IFCAXIS2PLACEMENT3D(#3441,$,$);
#3443=IFCDIRECTION((0.,0.,1.));
#3444=IFCEXTRUDEDAREASOLID(#3440,#3442,#3443,0.04999999999999999);
#3445=IFCSHAPEREPRESENTATION(#11,'Body','SweptSolid',(#3444,#3457,#3465,#3473,#3481));
#3446=IFCPRODUCTDEFINITIONSHAPE($,$,(#3445));
#3447=IFCSTYLEDITEM(#3444,(#1830),$);
#3448=IFCCOLOURRGB($,0.75,0.6,0.42);
#3449=IFCSURFACESTYLERENDERING(#3448,0.,$,$,$,$,$,$,.NOTDEFINED.);
#3450=IFCSURFACESTYLE('colour 0.75 0.6 0.42',.BOTH.,(#3449));
#3451=IFCCARTESIANPOINT((0.035,0.035));
#3452=IFCAXIS2PLACEMENT2D(#3451,$);
#3453=IFCRECTANGLEPROFILEDEF(.AREA.,$,#3452,0.07,0.07);
#3454=IFCCARTESIANPOINT((0.06,0.06,0.));
#3455=IFCAXIS2PLACEMENT3D(#3454,$,$);
#3456=IFCDIRECTION((0.,0.,1.));
#3457=IFCEXTRUDEDAREASOLID(#3453,#3455,#3456,0.33);
#3458=IFCSTYLEDITEM(#3457,(#3450),$);
#3459=IFCCARTESIANPOINT((0.03500000000000003,0.035));
#3460=IFCAXIS2PLACEMENT2D(#3459,$);
#3461=IFCRECTANGLEPROFILEDEF(.AREA.,$,#3460,0.07000000000000006,0.07);
#3462=IFCCARTESIANPOINT((1.2699999999999998,0.06,0.));
#3463=IFCAXIS2PLACEMENT3D(#3462,$,$);
#3464=IFCDIRECTION((0.,0.,1.));
#3465=IFCEXTRUDEDAREASOLID(#3461,#3463,#3464,0.33);
#3466=IFCSTYLEDITEM(#3465,(#3450),$);
#3467=IFCCARTESIANPOINT((0.035,0.03500000000000003));
#3468=IFCAXIS2PLACEMENT2D(#3467,$);
#3469=IFCRECTANGLEPROFILEDEF(.AREA.,$,#3468,0.07,0.07000000000000006);
#3470=IFCCARTESIANPOINT((0.06,0.6699999999999999,0.));
#3471=IFCAXIS2PLACEMENT3D(#3470,$,$);
#3472=IFCDIRECTION((0.,0.,1.));
#3473=IFCEXTRUDEDAREASOLID(#3469,#3471,#3472,0.33);
#3474=IFCSTYLEDITEM(#3473,(#3450),$);
#3475=IFCCARTESIANPOINT((0.03500000000000003,0.03500000000000003));
#3476=IFCAXIS2PLACEMENT2D(#3475,$);
#3477=IFCRECTANGLEPROFILEDEF(.AREA.,$,#3476,0.07000000000000006,0.07000000000000006);
#3478=IFCCARTESIANPOINT((1.2699999999999998,0.6699999999999999,0.));
#3479=IFCAXIS2PLACEMENT3D(#3478,$,$);
#3480=IFCDIRECTION((0.,0.,1.));
#3481=IFCEXTRUDEDAREASOLID(#3477,#3479,#3480,0.33);
#3482=IFCSTYLEDITEM(#3481,(#3450),$);
#3483=IFCFURNITURE('2SaofJaIb060e03LXm0AcZ',$,'Sideboard with screen',$,$,#3486,#3495,$,$);
#3484=IFCCARTESIANPOINT((1.2,6.6,0.));
#3485=IFCAXIS2PLACEMENT3D(#3484,$,$);
#3486=IFCLOCALPLACEMENT(#26,#3485);
#3487=IFCCARTESIANPOINT((1.8,0.225));
#3488=IFCAXIS2PLACEMENT2D(#3487,$);
#3489=IFCRECTANGLEPROFILEDEF(.AREA.,$,#3488,3.6,0.45);
#3490=IFCCARTESIANPOINT((0.,0.,0.));
#3491=IFCAXIS2PLACEMENT3D(#3490,$,$);
#3492=IFCDIRECTION((0.,0.,1.));
#3493=IFCEXTRUDEDAREASOLID(#3489,#3491,#3492,0.45);
#3494=IFCSHAPEREPRESENTATION(#11,'Body','SweptSolid',(#3493,#3503));
#3495=IFCPRODUCTDEFINITIONSHAPE($,$,(#3494));
#3496=IFCSTYLEDITEM(#3493,(#1830),$);
#3497=IFCCARTESIANPOINT((0.9000000000000002,0.03));
#3498=IFCAXIS2PLACEMENT2D(#3497,$);
#3499=IFCRECTANGLEPROFILEDEF(.AREA.,$,#3498,1.8000000000000005,0.06);
#3500=IFCCARTESIANPOINT((0.9,0.18,0.7));
#3501=IFCAXIS2PLACEMENT3D(#3500,$,$);
#3502=IFCDIRECTION((0.,0.,1.));
#3503=IFCEXTRUDEDAREASOLID(#3499,#3501,#3502,1.);
#3504=IFCSTYLEDITEM(#3503,(#914),$);
#3505=IFCFURNITURE('07bQ5NfBUs6lj2MkSVhMC_',$,'Dining table',$,$,#3509,#3518,$,.TABLE.);
#3506=IFCCARTESIANPOINT((11.8,4.2,0.));
#3507=IFCDIRECTION((0.00000000000000006123233995736766,1.,0.));
#3508=IFCAXIS2PLACEMENT3D(#3506,$,#3507);
#3509=IFCLOCALPLACEMENT(#26,#3508);
#3510=IFCCARTESIANPOINT((1.,0.5));
#3511=IFCAXIS2PLACEMENT2D(#3510,$);
#3512=IFCRECTANGLEPROFILEDEF(.AREA.,$,#3511,2.,1.);
#3513=IFCCARTESIANPOINT((0.,0.,0.71));
#3514=IFCAXIS2PLACEMENT3D(#3513,$,$);
#3515=IFCDIRECTION((0.,0.,1.));
#3516=IFCEXTRUDEDAREASOLID(#3512,#3514,#3515,0.05000000000000005);
#3517=IFCSHAPEREPRESENTATION(#11,'Body','SweptSolid',(#3516,#3526,#3534,#3542,#3550));
#3518=IFCPRODUCTDEFINITIONSHAPE($,$,(#3517));
#3519=IFCSTYLEDITEM(#3516,(#1830),$);
#3520=IFCCARTESIANPOINT((0.035,0.035));
#3521=IFCAXIS2PLACEMENT2D(#3520,$);
#3522=IFCRECTANGLEPROFILEDEF(.AREA.,$,#3521,0.07,0.07);
#3523=IFCCARTESIANPOINT((0.06,0.06,0.));
#3524=IFCAXIS2PLACEMENT3D(#3523,$,$);
#3525=IFCDIRECTION((0.,0.,1.));
#3526=IFCEXTRUDEDAREASOLID(#3522,#3524,#3525,0.71);
#3527=IFCSTYLEDITEM(#3526,(#3450),$);
#3528=IFCCARTESIANPOINT((0.03500000000000003,0.035));
#3529=IFCAXIS2PLACEMENT2D(#3528,$);
#3530=IFCRECTANGLEPROFILEDEF(.AREA.,$,#3529,0.07000000000000006,0.07);
#3531=IFCCARTESIANPOINT((1.87,0.06,0.));
#3532=IFCAXIS2PLACEMENT3D(#3531,$,$);
#3533=IFCDIRECTION((0.,0.,1.));
#3534=IFCEXTRUDEDAREASOLID(#3530,#3532,#3533,0.71);
#3535=IFCSTYLEDITEM(#3534,(#3450),$);
#3536=IFCCARTESIANPOINT((0.035,0.03500000000000003));
#3537=IFCAXIS2PLACEMENT2D(#3536,$);
#3538=IFCRECTANGLEPROFILEDEF(.AREA.,$,#3537,0.07,0.07000000000000006);
#3539=IFCCARTESIANPOINT((0.06,0.8699999999999999,0.));
#3540=IFCAXIS2PLACEMENT3D(#3539,$,$);
#3541=IFCDIRECTION((0.,0.,1.));
#3542=IFCEXTRUDEDAREASOLID(#3538,#3540,#3541,0.71);
#3543=IFCSTYLEDITEM(#3542,(#3450),$);
#3544=IFCCARTESIANPOINT((0.03500000000000003,0.03500000000000003));
#3545=IFCAXIS2PLACEMENT2D(#3544,$);
#3546=IFCRECTANGLEPROFILEDEF(.AREA.,$,#3545,0.07000000000000006,0.07000000000000006);
#3547=IFCCARTESIANPOINT((1.87,0.8699999999999999,0.));
#3548=IFCAXIS2PLACEMENT3D(#3547,$,$);
#3549=IFCDIRECTION((0.,0.,1.));
#3550=IFCEXTRUDEDAREASOLID(#3546,#3548,#3549,0.71);
#3551=IFCSTYLEDITEM(#3550,(#3450),$);
#3552=IFCFURNITURE('31SD1rlIg9pSkMo960sKBw',$,'Dining chair 1',$,$,#3556,#3565,$,.CHAIR.);
#3553=IFCCARTESIANPOINT((10.7,4.5,0.));
#3554=IFCDIRECTION((0.00000000000000006123233995736766,1.,0.));
#3555=IFCAXIS2PLACEMENT3D(#3553,$,#3554);
#3556=IFCLOCALPLACEMENT(#26,#3555);
#3557=IFCCARTESIANPOINT((0.23,0.23));
#3558=IFCAXIS2PLACEMENT2D(#3557,$);
#3559=IFCRECTANGLEPROFILEDEF(.AREA.,$,#3558,0.46,0.46);
#3560=IFCCARTESIANPOINT((0.,0.,0.4));
#3561=IFCAXIS2PLACEMENT3D(#3560,$,$);
#3562=IFCDIRECTION((0.,0.,1.));
#3563=IFCEXTRUDEDAREASOLID(#3559,#3561,#3562,0.06);
#3564=IFCSHAPEREPRESENTATION(#11,'Body','SweptSolid',(#3563,#3573,#3581,#3589,#3597,#3605));
#3565=IFCPRODUCTDEFINITIONSHAPE($,$,(#3564));
#3566=IFCSTYLEDITEM(#3563,(#3185),$);
#3567=IFCCARTESIANPOINT((0.23,0.020000000000000014));
#3568=IFCAXIS2PLACEMENT2D(#3567,$);
#3569=IFCRECTANGLEPROFILEDEF(.AREA.,$,#3568,0.46,0.04000000000000003);
#3570=IFCCARTESIANPOINT((0.,0.42,0.46));
#3571=IFCAXIS2PLACEMENT3D(#3570,$,$);
#3572=IFCDIRECTION((0.,0.,1.));
#3573=IFCEXTRUDEDAREASOLID(#3569,#3571,#3572,0.44);
#3574=IFCSTYLEDITEM(#3573,(#3450),$);
#3575=IFCCARTESIANPOINT((0.02,0.02));
#3576=IFCAXIS2PLACEMENT2D(#3575,$);
#3577=IFCRECTANGLEPROFILEDEF(.AREA.,$,#3576,0.04,0.04);
#3578=IFCCARTESIANPOINT((0.,0.,0.));
#3579=IFCAXIS2PLACEMENT3D(#3578,$,$);
#3580=IFCDIRECTION((0.,0.,1.));
#3581=IFCEXTRUDEDAREASOLID(#3577,#3579,#3580,0.4);
#3582=IFCSTYLEDITEM(#3581,(#3450),$);
#3583=IFCCARTESIANPOINT((0.01999999999999999,0.02));
#3584=IFCAXIS2PLACEMENT2D(#3583,$);
#3585=IFCRECTANGLEPROFILEDEF(.AREA.,$,#3584,0.03999999999999998,0.04);
#3586=IFCCARTESIANPOINT((0.42,0.,0.));
#3587=IFCAXIS2PLACEMENT3D(#3586,$,$);
#3588=IFCDIRECTION((0.,0.,1.));
#3589=IFCEXTRUDEDAREASOLID(#3585,#3587,#3588,0.4);
#3590=IFCSTYLEDITEM(#3589,(#3450),$);
#3591=IFCCARTESIANPOINT((0.02,0.01999999999999999));
#3592=IFCAXIS2PLACEMENT2D(#3591,$);
#3593=IFCRECTANGLEPROFILEDEF(.AREA.,$,#3592,0.04,0.03999999999999998);
#3594=IFCCARTESIANPOINT((0.,0.42,0.));
#3595=IFCAXIS2PLACEMENT3D(#3594,$,$);
#3596=IFCDIRECTION((0.,0.,1.));
#3597=IFCEXTRUDEDAREASOLID(#3593,#3595,#3596,0.4);
#3598=IFCSTYLEDITEM(#3597,(#3450),$);
#3599=IFCCARTESIANPOINT((0.01999999999999999,0.01999999999999999));
#3600=IFCAXIS2PLACEMENT2D(#3599,$);
#3601=IFCRECTANGLEPROFILEDEF(.AREA.,$,#3600,0.03999999999999998,0.03999999999999998);
#3602=IFCCARTESIANPOINT((0.42,0.42,0.));
#3603=IFCAXIS2PLACEMENT3D(#3602,$,$);
#3604=IFCDIRECTION((0.,0.,1.));
#3605=IFCEXTRUDEDAREASOLID(#3601,#3603,#3604,0.4);
#3606=IFCSTYLEDITEM(#3605,(#3450),$);
#3607=IFCFURNITURE('2WGYLzNvuUZXmBUdXpcFSS',$,'Dining chair 2',$,$,#3611,#3620,$,.CHAIR.);
#3608=IFCCARTESIANPOINT((11.9,4.96,0.));
#3609=IFCDIRECTION((0.00000000000000006123233995736766,-1.,0.));
#3610=IFCAXIS2PLACEMENT3D(#3608,$,#3609);
#3611=IFCLOCALPLACEMENT(#26,#3610);
#3612=IFCCARTESIANPOINT((0.23,0.23));
#3613=IFCAXIS2PLACEMENT2D(#3612,$);
#3614=IFCRECTANGLEPROFILEDEF(.AREA.,$,#3613,0.46,0.46);
#3615=IFCCARTESIANPOINT((0.,0.,0.4));
#3616=IFCAXIS2PLACEMENT3D(#3615,$,$);
#3617=IFCDIRECTION((0.,0.,1.));
#3618=IFCEXTRUDEDAREASOLID(#3614,#3616,#3617,0.06);
#3619=IFCSHAPEREPRESENTATION(#11,'Body','SweptSolid',(#3618,#3628,#3636,#3644,#3652,#3660));
#3620=IFCPRODUCTDEFINITIONSHAPE($,$,(#3619));
#3621=IFCSTYLEDITEM(#3618,(#3185),$);
#3622=IFCCARTESIANPOINT((0.23,0.020000000000000014));
#3623=IFCAXIS2PLACEMENT2D(#3622,$);
#3624=IFCRECTANGLEPROFILEDEF(.AREA.,$,#3623,0.46,0.04000000000000003);
#3625=IFCCARTESIANPOINT((0.,0.42,0.46));
#3626=IFCAXIS2PLACEMENT3D(#3625,$,$);
#3627=IFCDIRECTION((0.,0.,1.));
#3628=IFCEXTRUDEDAREASOLID(#3624,#3626,#3627,0.44);
#3629=IFCSTYLEDITEM(#3628,(#3450),$);
#3630=IFCCARTESIANPOINT((0.02,0.02));
#3631=IFCAXIS2PLACEMENT2D(#3630,$);
#3632=IFCRECTANGLEPROFILEDEF(.AREA.,$,#3631,0.04,0.04);
#3633=IFCCARTESIANPOINT((0.,0.,0.));
#3634=IFCAXIS2PLACEMENT3D(#3633,$,$);
#3635=IFCDIRECTION((0.,0.,1.));
#3636=IFCEXTRUDEDAREASOLID(#3632,#3634,#3635,0.4);
#3637=IFCSTYLEDITEM(#3636,(#3450),$);
#3638=IFCCARTESIANPOINT((0.01999999999999999,0.02));
#3639=IFCAXIS2PLACEMENT2D(#3638,$);
#3640=IFCRECTANGLEPROFILEDEF(.AREA.,$,#3639,0.03999999999999998,0.04);
#3641=IFCCARTESIANPOINT((0.42,0.,0.));
#3642=IFCAXIS2PLACEMENT3D(#3641,$,$);
#3643=IFCDIRECTION((0.,0.,1.));
#3644=IFCEXTRUDEDAREASOLID(#3640,#3642,#3643,0.4);
#3645=IFCSTYLEDITEM(#3644,(#3450),$);
#3646=IFCCARTESIANPOINT((0.02,0.01999999999999999));
#3647=IFCAXIS2PLACEMENT2D(#3646,$);
#3648=IFCRECTANGLEPROFILEDEF(.AREA.,$,#3647,0.04,0.03999999999999998);
#3649=IFCCARTESIANPOINT((0.,0.42,0.));
#3650=IFCAXIS2PLACEMENT3D(#3649,$,$);
#3651=IFCDIRECTION((0.,0.,1.));
#3652=IFCEXTRUDEDAREASOLID(#3648,#3650,#3651,0.4);
#3653=IFCSTYLEDITEM(#3652,(#3450),$);
#3654=IFCCARTESIANPOINT((0.01999999999999999,0.01999999999999999));
#3655=IFCAXIS2PLACEMENT2D(#3654,$);
#3656=IFCRECTANGLEPROFILEDEF(.AREA.,$,#3655,0.03999999999999998,0.03999999999999998);
#3657=IFCCARTESIANPOINT((0.42,0.42,0.));
#3658=IFCAXIS2PLACEMENT3D(#3657,$,$);
#3659=IFCDIRECTION((0.,0.,1.));
#3660=IFCEXTRUDEDAREASOLID(#3656,#3658,#3659,0.4);
#3661=IFCSTYLEDITEM(#3660,(#3450),$);
#3662=IFCFURNITURE('3U4$JYpP114rALbaGtgbRP',$,'Dining chair 3',$,$,#3666,#3675,$,.CHAIR.);
#3663=IFCCARTESIANPOINT((10.7,5.4,0.));
#3664=IFCDIRECTION((0.00000000000000006123233995736766,1.,0.));
#3665=IFCAXIS2PLACEMENT3D(#3663,$,#3664);
#3666=IFCLOCALPLACEMENT(#26,#3665);
#3667=IFCCARTESIANPOINT((0.23,0.23));
#3668=IFCAXIS2PLACEMENT2D(#3667,$);
#3669=IFCRECTANGLEPROFILEDEF(.AREA.,$,#3668,0.46,0.46);
#3670=IFCCARTESIANPOINT((0.,0.,0.4));
#3671=IFCAXIS2PLACEMENT3D(#3670,$,$);
#3672=IFCDIRECTION((0.,0.,1.));
#3673=IFCEXTRUDEDAREASOLID(#3669,#3671,#3672,0.06);
#3674=IFCSHAPEREPRESENTATION(#11,'Body','SweptSolid',(#3673,#3683,#3691,#3699,#3707,#3715));
#3675=IFCPRODUCTDEFINITIONSHAPE($,$,(#3674));
#3676=IFCSTYLEDITEM(#3673,(#3185),$);
#3677=IFCCARTESIANPOINT((0.23,0.020000000000000014));
#3678=IFCAXIS2PLACEMENT2D(#3677,$);
#3679=IFCRECTANGLEPROFILEDEF(.AREA.,$,#3678,0.46,0.04000000000000003);
#3680=IFCCARTESIANPOINT((0.,0.42,0.46));
#3681=IFCAXIS2PLACEMENT3D(#3680,$,$);
#3682=IFCDIRECTION((0.,0.,1.));
#3683=IFCEXTRUDEDAREASOLID(#3679,#3681,#3682,0.44);
#3684=IFCSTYLEDITEM(#3683,(#3450),$);
#3685=IFCCARTESIANPOINT((0.02,0.02));
#3686=IFCAXIS2PLACEMENT2D(#3685,$);
#3687=IFCRECTANGLEPROFILEDEF(.AREA.,$,#3686,0.04,0.04);
#3688=IFCCARTESIANPOINT((0.,0.,0.));
#3689=IFCAXIS2PLACEMENT3D(#3688,$,$);
#3690=IFCDIRECTION((0.,0.,1.));
#3691=IFCEXTRUDEDAREASOLID(#3687,#3689,#3690,0.4);
#3692=IFCSTYLEDITEM(#3691,(#3450),$);
#3693=IFCCARTESIANPOINT((0.01999999999999999,0.02));
#3694=IFCAXIS2PLACEMENT2D(#3693,$);
#3695=IFCRECTANGLEPROFILEDEF(.AREA.,$,#3694,0.03999999999999998,0.04);
#3696=IFCCARTESIANPOINT((0.42,0.,0.));
#3697=IFCAXIS2PLACEMENT3D(#3696,$,$);
#3698=IFCDIRECTION((0.,0.,1.));
#3699=IFCEXTRUDEDAREASOLID(#3695,#3697,#3698,0.4);
#3700=IFCSTYLEDITEM(#3699,(#3450),$);
#3701=IFCCARTESIANPOINT((0.02,0.01999999999999999));
#3702=IFCAXIS2PLACEMENT2D(#3701,$);
#3703=IFCRECTANGLEPROFILEDEF(.AREA.,$,#3702,0.04,0.03999999999999998);
#3704=IFCCARTESIANPOINT((0.,0.42,0.));
#3705=IFCAXIS2PLACEMENT3D(#3704,$,$);
#3706=IFCDIRECTION((0.,0.,1.));
#3707=IFCEXTRUDEDAREASOLID(#3703,#3705,#3706,0.4);
#3708=IFCSTYLEDITEM(#3707,(#3450),$);
#3709=IFCCARTESIANPOINT((0.01999999999999999,0.01999999999999999));
#3710=IFCAXIS2PLACEMENT2D(#3709,$);
#3711=IFCRECTANGLEPROFILEDEF(.AREA.,$,#3710,0.03999999999999998,0.03999999999999998);
#3712=IFCCARTESIANPOINT((0.42,0.42,0.));
#3713=IFCAXIS2PLACEMENT3D(#3712,$,$);
#3714=IFCDIRECTION((0.,0.,1.));
#3715=IFCEXTRUDEDAREASOLID(#3711,#3713,#3714,0.4);
#3716=IFCSTYLEDITEM(#3715,(#3450),$);
#3717=IFCFURNITURE('1AeeyOEzcgmRhhj8R_5Xwl',$,'Dining chair 4',$,$,#3721,#3730,$,.CHAIR.);
#3718=IFCCARTESIANPOINT((11.9,5.86,0.));
#3719=IFCDIRECTION((0.00000000000000006123233995736766,-1.,0.));
#3720=IFCAXIS2PLACEMENT3D(#3718,$,#3719);
#3721=IFCLOCALPLACEMENT(#26,#3720);
#3722=IFCCARTESIANPOINT((0.23,0.23));
#3723=IFCAXIS2PLACEMENT2D(#3722,$);
#3724=IFCRECTANGLEPROFILEDEF(.AREA.,$,#3723,0.46,0.46);
#3725=IFCCARTESIANPOINT((0.,0.,0.4));
#3726=IFCAXIS2PLACEMENT3D(#3725,$,$);
#3727=IFCDIRECTION((0.,0.,1.));
#3728=IFCEXTRUDEDAREASOLID(#3724,#3726,#3727,0.06);
#3729=IFCSHAPEREPRESENTATION(#11,'Body','SweptSolid',(#3728,#3738,#3746,#3754,#3762,#3770));
#3730=IFCPRODUCTDEFINITIONSHAPE($,$,(#3729));
#3731=IFCSTYLEDITEM(#3728,(#3185),$);
#3732=IFCCARTESIANPOINT((0.23,0.020000000000000014));
#3733=IFCAXIS2PLACEMENT2D(#3732,$);
#3734=IFCRECTANGLEPROFILEDEF(.AREA.,$,#3733,0.46,0.04000000000000003);
#3735=IFCCARTESIANPOINT((0.,0.42,0.46));
#3736=IFCAXIS2PLACEMENT3D(#3735,$,$);
#3737=IFCDIRECTION((0.,0.,1.));
#3738=IFCEXTRUDEDAREASOLID(#3734,#3736,#3737,0.44);
#3739=IFCSTYLEDITEM(#3738,(#3450),$);
#3740=IFCCARTESIANPOINT((0.02,0.02));
#3741=IFCAXIS2PLACEMENT2D(#3740,$);
#3742=IFCRECTANGLEPROFILEDEF(.AREA.,$,#3741,0.04,0.04);
#3743=IFCCARTESIANPOINT((0.,0.,0.));
#3744=IFCAXIS2PLACEMENT3D(#3743,$,$);
#3745=IFCDIRECTION((0.,0.,1.));
#3746=IFCEXTRUDEDAREASOLID(#3742,#3744,#3745,0.4);
#3747=IFCSTYLEDITEM(#3746,(#3450),$);
#3748=IFCCARTESIANPOINT((0.01999999999999999,0.02));
#3749=IFCAXIS2PLACEMENT2D(#3748,$);
#3750=IFCRECTANGLEPROFILEDEF(.AREA.,$,#3749,0.03999999999999998,0.04);
#3751=IFCCARTESIANPOINT((0.42,0.,0.));
#3752=IFCAXIS2PLACEMENT3D(#3751,$,$);
#3753=IFCDIRECTION((0.,0.,1.));
#3754=IFCEXTRUDEDAREASOLID(#3750,#3752,#3753,0.4);
#3755=IFCSTYLEDITEM(#3754,(#3450),$);
#3756=IFCCARTESIANPOINT((0.02,0.01999999999999999));
#3757=IFCAXIS2PLACEMENT2D(#3756,$);
#3758=IFCRECTANGLEPROFILEDEF(.AREA.,$,#3757,0.04,0.03999999999999998);
#3759=IFCCARTESIANPOINT((0.,0.42,0.));
#3760=IFCAXIS2PLACEMENT3D(#3759,$,$);
#3761=IFCDIRECTION((0.,0.,1.));
#3762=IFCEXTRUDEDAREASOLID(#3758,#3760,#3761,0.4);
#3763=IFCSTYLEDITEM(#3762,(#3450),$);
#3764=IFCCARTESIANPOINT((0.01999999999999999,0.01999999999999999));
#3765=IFCAXIS2PLACEMENT2D(#3764,$);
#3766=IFCRECTANGLEPROFILEDEF(.AREA.,$,#3765,0.03999999999999998,0.03999999999999998);
#3767=IFCCARTESIANPOINT((0.42,0.42,0.));
#3768=IFCAXIS2PLACEMENT3D(#3767,$,$);
#3769=IFCDIRECTION((0.,0.,1.));
#3770=IFCEXTRUDEDAREASOLID(#3766,#3768,#3769,0.4);
#3771=IFCSTYLEDITEM(#3770,(#3450),$);
#3772=IFCFURNITURE('0sEdbW4jzB0t6Y5Yqescj8',$,'Garden room sofa',$,$,#3775,#3784,$,.SOFA.);
#3773=IFCCARTESIANPOINT((10.2,1.2,0.));
#3774=IFCAXIS2PLACEMENT3D(#3773,$,$);
#3775=IFCLOCALPLACEMENT(#26,#3774);
#3776=IFCCARTESIANPOINT((1.1,0.475));
#3777=IFCAXIS2PLACEMENT2D(#3776,$);
#3778=IFCRECTANGLEPROFILEDEF(.AREA.,$,#3777,2.2,0.95);
#3779=IFCCARTESIANPOINT((0.,0.,0.12));
#3780=IFCAXIS2PLACEMENT3D(#3779,$,$);
#3781=IFCDIRECTION((0.,0.,1.));
#3782=IFCEXTRUDEDAREASOLID(#3778,#3780,#3781,0.28);
#3783=IFCSHAPEREPRESENTATION(#11,'Body','SweptSolid',(#3782,#3792,#3800,#3808,#3816,#3824,#3832,#3840,#3848));
#3784=IFCPRODUCTDEFINITIONSHAPE($,$,(#3783));
#3785=IFCSTYLEDITEM(#3782,(#3185),$);
#3786=IFCCARTESIANPOINT((1.0700000000000005,0.44499999999999995));
#3787=IFCAXIS2PLACEMENT2D(#3786,$);
#3788=IFCRECTANGLEPROFILEDEF(.AREA.,$,#3787,2.140000000000001,0.8899999999999999);
#3789=IFCCARTESIANPOINT((0.03,0.03,0.));
#3790=IFCAXIS2PLACEMENT3D(#3789,$,$);
#3791=IFCDIRECTION((0.,0.,1.));
#3792=IFCEXTRUDEDAREASOLID(#3788,#3790,#3791,0.12);
#3793=IFCSTYLEDITEM(#3792,(#3189),$);
#3794=IFCCARTESIANPOINT((1.1,0.10999999999999999));
#3795=IFCAXIS2PLACEMENT2D(#3794,$);
#3796=IFCRECTANGLEPROFILEDEF(.AREA.,$,#3795,2.2,0.21999999999999997);
#3797=IFCCARTESIANPOINT((0.,0.73,0.4));
#3798=IFCAXIS2PLACEMENT3D(#3797,$,$);
#3799=IFCDIRECTION((0.,0.,1.));
#3800=IFCEXTRUDEDAREASOLID(#3796,#3798,#3799,0.41999999999999993);
#3801=IFCSTYLEDITEM(#3800,(#3200),$);
#3802=IFCCARTESIANPOINT((0.09,0.365));
#3803=IFCAXIS2PLACEMENT2D(#3802,$);
#3804=IFCRECTANGLEPROFILEDEF(.AREA.,$,#3803,0.18,0.73);
#3805=IFCCARTESIANPOINT((0.,0.,0.4));
#3806=IFCAXIS2PLACEMENT3D(#3805,$,$);
#3807=IFCDIRECTION((0.,0.,1.));
#3808=IFCEXTRUDEDAREASOLID(#3804,#3806,#3807,0.21999999999999997);
#3809=IFCSTYLEDITEM(#3808,(#3200),$);
#3810=IFCCARTESIANPOINT((0.09000000000000008,0.365));
#3811=IFCAXIS2PLACEMENT2D(#3810,$);
#3812=IFCRECTANGLEPROFILEDEF(.AREA.,$,#3811,0.18000000000000016,0.73);
#3813=IFCCARTESIANPOINT((2.02,0.,0.4));
#3814=IFCAXIS2PLACEMENT3D(#3813,$,$);
#3815=IFCDIRECTION((0.,0.,1.));
#3816=IFCEXTRUDEDAREASOLID(#3812,#3814,#3815,0.21999999999999997);
#3817=IFCSTYLEDITEM(#3816,(#3200),$);
#3818=IFCCARTESIANPOINT((0.45000000000000007,0.345));
#3819=IFCAXIS2PLACEMENT2D(#3818,$);
#3820=IFCRECTANGLEPROFILEDEF(.AREA.,$,#3819,0.9000000000000001,0.69);
#3821=IFCCARTESIANPOINT((0.19,0.02,0.4));
#3822=IFCAXIS2PLACEMENT3D(#3821,$,$);
#3823=IFCDIRECTION((0.,0.,1.));
#3824=IFCEXTRUDEDAREASOLID(#3820,#3822,#3823,0.14);
#3825=IFCSTYLEDITEM(#3824,(#3227),$);
#3826=IFCCARTESIANPOINT((0.42000000000000004,0.07));
#3827=IFCAXIS2PLACEMENT2D(#3826,$);
#3828=IFCRECTANGLEPROFILEDEF(.AREA.,$,#3827,0.8400000000000001,0.14);
#3829=IFCCARTESIANPOINT((0.22,0.59,0.54));
#3830=IFCAXIS2PLACEMENT3D(#3829,$,$);
#3831=IFCDIRECTION((0.,0.,1.));
#3832=IFCEXTRUDEDAREASOLID(#3828,#3830,#3831,0.36);
#3833=IFCSTYLEDITEM(#3832,(#3227),$);
#3834=IFCCARTESIANPOINT((0.45000000000000007,0.345));
#3835=IFCAXIS2PLACEMENT2D(#3834,$);
#3836=IFCRECTANGLEPROFILEDEF(.AREA.,$,#3835,0.9000000000000001,0.69);
#3837=IFCCARTESIANPOINT((1.11,0.02,0.4));
#3838=IFCAXIS2PLACEMENT3D(#3837,$,$);
#3839=IFCDIRECTION((0.,0.,1.));
#3840=IFCEXTRUDEDAREASOLID(#3836,#3838,#3839,0.14);
#3841=IFCSTYLEDITEM(#3840,(#3227),$);
#3842=IFCCARTESIANPOINT((0.42000000000000015,0.07));
#3843=IFCAXIS2PLACEMENT2D(#3842,$);
#3844=IFCRECTANGLEPROFILEDEF(.AREA.,$,#3843,0.8400000000000003,0.14);
#3845=IFCCARTESIANPOINT((1.14,0.59,0.54));
#3846=IFCAXIS2PLACEMENT3D(#3845,$,$);
#3847=IFCDIRECTION((0.,0.,1.));
#3848=IFCEXTRUDEDAREASOLID(#3844,#3846,#3847,0.36);
#3849=IFCSTYLEDITEM(#3848,(#3227),$);
#3850=IFCFURNISHINGELEMENT('0XrjeGNzzFhomI9dz3gGHz',$,'Wing lounge rug',$,$,#3853,#3862,$);
#3851=IFCCARTESIANPOINT((0.,0.,0.));
#3852=IFCAXIS2PLACEMENT3D(#3851,$,$);
#3853=IFCLOCALPLACEMENT(#26,#3852);
#3854=IFCCARTESIANPOINT((1.5000000000000009,1.6));
#3855=IFCAXIS2PLACEMENT2D(#3854,$);
#3856=IFCRECTANGLEPROFILEDEF(.AREA.,$,#3855,3.0000000000000018,3.2);
#3857=IFCCARTESIANPOINT((13.6,1.2,0.));
#3858=IFCAXIS2PLACEMENT3D(#3857,$,$);
#3859=IFCDIRECTION((0.,0.,1.));
#3860=IFCEXTRUDEDAREASOLID(#3856,#3858,#3859,0.02);
#3861=IFCSHAPEREPRESENTATION(#11,'Body','SweptSolid',(#3860));
#3862=IFCPRODUCTDEFINITIONSHAPE($,$,(#3861));
#3863=IFCSTYLEDITEM(#3860,(#3168),$);
#3864=IFCFURNITURE('0gqfNDGBzn9zMVrxtaVrBV',$,'Wing lounge sofa',$,$,#3867,#3876,$,.SOFA.);
#3865=IFCCARTESIANPOINT((13.8,3.2,0.));
#3866=IFCAXIS2PLACEMENT3D(#3865,$,$);
#3867=IFCLOCALPLACEMENT(#26,#3866);
#3868=IFCCARTESIANPOINT((1.3,0.475));
#3869=IFCAXIS2PLACEMENT2D(#3868,$);
#3870=IFCRECTANGLEPROFILEDEF(.AREA.,$,#3869,2.6,0.95);
#3871=IFCCARTESIANPOINT((0.,0.,0.12));
#3872=IFCAXIS2PLACEMENT3D(#3871,$,$);
#3873=IFCDIRECTION((0.,0.,1.));
#3874=IFCEXTRUDEDAREASOLID(#3870,#3872,#3873,0.28);
#3875=IFCSHAPEREPRESENTATION(#11,'Body','SweptSolid',(#3874,#3884,#3892,#3900,#3908,#3916,#3924,#3932,#3940,#3948,#3956));
#3876=IFCPRODUCTDEFINITIONSHAPE($,$,(#3875));
#3877=IFCSTYLEDITEM(#3874,(#3185),$);
#3878=IFCCARTESIANPOINT((1.2700000000000002,0.44499999999999995));
#3879=IFCAXIS2PLACEMENT2D(#3878,$);
#3880=IFCRECTANGLEPROFILEDEF(.AREA.,$,#3879,2.5400000000000005,0.8899999999999999);
#3881=IFCCARTESIANPOINT((0.03,0.03,0.));
#3882=IFCAXIS2PLACEMENT3D(#3881,$,$);
#3883=IFCDIRECTION((0.,0.,1.));
#3884=IFCEXTRUDEDAREASOLID(#3880,#3882,#3883,0.12);
#3885=IFCSTYLEDITEM(#3884,(#3189),$);
#3886=IFCCARTESIANPOINT((1.3,0.10999999999999999));
#3887=IFCAXIS2PLACEMENT2D(#3886,$);
#3888=IFCRECTANGLEPROFILEDEF(.AREA.,$,#3887,2.6,0.21999999999999997);
#3889=IFCCARTESIANPOINT((0.,0.73,0.4));
#3890=IFCAXIS2PLACEMENT3D(#3889,$,$);
#3891=IFCDIRECTION((0.,0.,1.));
#3892=IFCEXTRUDEDAREASOLID(#3888,#3890,#3891,0.41999999999999993);
#3893=IFCSTYLEDITEM(#3892,(#3200),$);
#3894=IFCCARTESIANPOINT((0.09,0.365));
#3895=IFCAXIS2PLACEMENT2D(#3894,$);
#3896=IFCRECTANGLEPROFILEDEF(.AREA.,$,#3895,0.18,0.73);
#3897=IFCCARTESIANPOINT((0.,0.,0.4));
#3898=IFCAXIS2PLACEMENT3D(#3897,$,$);
#3899=IFCDIRECTION((0.,0.,1.));
#3900=IFCEXTRUDEDAREASOLID(#3896,#3898,#3899,0.21999999999999997);
#3901=IFCSTYLEDITEM(#3900,(#3200),$);
#3902=IFCCARTESIANPOINT((0.09000000000000008,0.365));
#3903=IFCAXIS2PLACEMENT2D(#3902,$);
#3904=IFCRECTANGLEPROFILEDEF(.AREA.,$,#3903,0.18000000000000016,0.73);
#3905=IFCCARTESIANPOINT((2.42,0.,0.4));
#3906=IFCAXIS2PLACEMENT3D(#3905,$,$);
#3907=IFCDIRECTION((0.,0.,1.));
#3908=IFCEXTRUDEDAREASOLID(#3904,#3906,#3907,0.21999999999999997);
#3909=IFCSTYLEDITEM(#3908,(#3200),$);
#3910=IFCCARTESIANPOINT((0.3633333333333334,0.345));
#3911=IFCAXIS2PLACEMENT2D(#3910,$);
#3912=IFCRECTANGLEPROFILEDEF(.AREA.,$,#3911,0.7266666666666668,0.69);
#3913=IFCCARTESIANPOINT((0.19,0.02,0.4));
#3914=IFCAXIS2PLACEMENT3D(#3913,$,$);
#3915=IFCDIRECTION((0.,0.,1.));
#3916=IFCEXTRUDEDAREASOLID(#3912,#3914,#3915,0.14);
#3917=IFCSTYLEDITEM(#3916,(#3227),$);
#3918=IFCCARTESIANPOINT((0.33333333333333337,0.07));
#3919=IFCAXIS2PLACEMENT2D(#3918,$);
#3920=IFCRECTANGLEPROFILEDEF(.AREA.,$,#3919,0.6666666666666667,0.14);
#3921=IFCCARTESIANPOINT((0.22,0.59,0.54));
#3922=IFCAXIS2PLACEMENT3D(#3921,$,$);
#3923=IFCDIRECTION((0.,0.,1.));
#3924=IFCEXTRUDEDAREASOLID(#3920,#3922,#3923,0.36);
#3925=IFCSTYLEDITEM(#3924,(#3227),$);
#3926=IFCCARTESIANPOINT((0.3633333333333333,0.345));
#3927=IFCAXIS2PLACEMENT2D(#3926,$);
#3928=IFCRECTANGLEPROFILEDEF(.AREA.,$,#3927,0.7266666666666666,0.69);
#3929=IFCCARTESIANPOINT((0.9366666666666668,0.02,0.4));
#3930=IFCAXIS2PLACEMENT3D(#3929,$,$);
#3931=IFCDIRECTION((0.,0.,1.));
#3932=IFCEXTRUDEDAREASOLID(#3928,#3930,#3931,0.14);
#3933=IFCSTYLEDITEM(#3932,(#3227),$);
#3934=IFCCARTESIANPOINT((0.3333333333333333,0.07));
#3935=IFCAXIS2PLACEMENT2D(#3934,$);
#3936=IFCRECTANGLEPROFILEDEF(.AREA.,$,#3935,0.6666666666666666,0.14);
#3937=IFCCARTESIANPOINT((0.9666666666666668,0.59,0.54));
#3938=IFCAXIS2PLACEMENT3D(#3937,$,$);
#3939=IFCDIRECTION((0.,0.,1.));
#3940=IFCEXTRUDEDAREASOLID(#3936,#3938,#3939,0.36);
#3941=IFCSTYLEDITEM(#3940,(#3227),$);
#3942=IFCCARTESIANPOINT((0.3633333333333334,0.345));
#3943=IFCAXIS2PLACEMENT2D(#3942,$);
#3944=IFCRECTANGLEPROFILEDEF(.AREA.,$,#3943,0.7266666666666668,0.69);
#3945=IFCCARTESIANPOINT((1.6833333333333331,0.02,0.4));
#3946=IFCAXIS2PLACEMENT3D(#3945,$,$);
#3947=IFCDIRECTION((0.,0.,1.));
#3948=IFCEXTRUDEDAREASOLID(#3944,#3946,#3947,0.14);
#3949=IFCSTYLEDITEM(#3948,(#3227),$);
#3950=IFCCARTESIANPOINT((0.3333333333333335,0.07));
#3951=IFCAXIS2PLACEMENT2D(#3950,$);
#3952=IFCRECTANGLEPROFILEDEF(.AREA.,$,#3951,0.666666666666667,0.14);
#3953=IFCCARTESIANPOINT((1.7133333333333334,0.59,0.54));
#3954=IFCAXIS2PLACEMENT3D(#3953,$,$);
#3955=IFCDIRECTION((0.,0.,1.));
#3956=IFCEXTRUDEDAREASOLID(#3952,#3954,#3955,0.36);
#3957=IFCSTYLEDITEM(#3956,(#3227),$);
#3958=IFCFURNITURE('0C9wg5kBtoUsOjlrIwyMrE',$,'Wing lounge armchair',$,$,#3962,#3971,$,.SOFA.);
#3959=IFCCARTESIANPOINT((15.9,2.9,0.));
#3960=IFCDIRECTION((0.00000000000000006123233995736766,-1.,0.));
#3961=IFCAXIS2PLACEMENT3D(#3959,$,#3960);
#3962=IFCLOCALPLACEMENT(#26,#3961);
#3963=IFCCARTESIANPOINT((0.475,0.475));
#3964=IFCAXIS2PLACEMENT2D(#3963,$);
#3965=IFCRECTANGLEPROFILEDEF(.AREA.,$,#3964,0.95,0.95);
#3966=IFCCARTESIANPOINT((0.,0.,0.12));
#3967=IFCAXIS2PLACEMENT3D(#3966,$,$);
#3968=IFCDIRECTION((0.,0.,1.));
#3969=IFCEXTRUDEDAREASOLID(#3965,#3967,#3968,0.28);
#3970=IFCSHAPEREPRESENTATION(#11,'Body','SweptSolid',(#3969,#3979,#3987,#3995,#4003,#4011,#4019));
#3971=IFCPRODUCTDEFINITIONSHAPE($,$,(#3970));
#3972=IFCSTYLEDITEM(#3969,(#3185),$);
#3973=IFCCARTESIANPOINT((0.44499999999999995,0.44499999999999995));
#3974=IFCAXIS2PLACEMENT2D(#3973,$);
#3975=IFCRECTANGLEPROFILEDEF(.AREA.,$,#3974,0.8899999999999999,0.8899999999999999);
#3976=IFCCARTESIANPOINT((0.03,0.03,0.));
#3977=IFCAXIS2PLACEMENT3D(#3976,$,$);
#3978=IFCDIRECTION((0.,0.,1.));
#3979=IFCEXTRUDEDAREASOLID(#3975,#3977,#3978,0.12);
#3980=IFCSTYLEDITEM(#3979,(#3189),$);
#3981=IFCCARTESIANPOINT((0.475,0.10999999999999999));
#3982=IFCAXIS2PLACEMENT2D(#3981,$);
#3983=IFCRECTANGLEPROFILEDEF(.AREA.,$,#3982,0.95,0.21999999999999997);
#3984=IFCCARTESIANPOINT((0.,0.73,0.4));
#3985=IFCAXIS2PLACEMENT3D(#3984,$,$);
#3986=IFCDIRECTION((0.,0.,1.));
#3987=IFCEXTRUDEDAREASOLID(#3983,#3985,#3986,0.41999999999999993);
#3988=IFCSTYLEDITEM(#3987,(#3200),$);
#3989=IFCCARTESIANPOINT((0.09,0.365));
#3990=IFCAXIS2PLACEMENT2D(#3989,$);
#3991=IFCRECTANGLEPROFILEDEF(.AREA.,$,#3990,0.18,0.73);
#3992=IFCCARTESIANPOINT((0.,0.,0.4));
#3993=IFCAXIS2PLACEMENT3D(#3992,$,$);
#3994=IFCDIRECTION((0.,0.,1.));
#3995=IFCEXTRUDEDAREASOLID(#3991,#3993,#3994,0.21999999999999997);
#3996=IFCSTYLEDITEM(#3995,(#3200),$);
#3997=IFCCARTESIANPOINT((0.08999999999999997,0.365));
#3998=IFCAXIS2PLACEMENT2D(#3997,$);
#3999=IFCRECTANGLEPROFILEDEF(.AREA.,$,#3998,0.17999999999999994,0.73);
#4000=IFCCARTESIANPOINT((0.77,0.,0.4));
#4001=IFCAXIS2PLACEMENT3D(#4000,$,$);
#4002=IFCDIRECTION((0.,0.,1.));
#4003=IFCEXTRUDEDAREASOLID(#3999,#4001,#4002,0.21999999999999997);
#4004=IFCSTYLEDITEM(#4003,(#3200),$);
#4005=IFCCARTESIANPOINT((0.28500000000000003,0.345));
#4006=IFCAXIS2PLACEMENT2D(#4005,$);
#4007=IFCRECTANGLEPROFILEDEF(.AREA.,$,#4006,0.5700000000000001,0.69);
#4008=IFCCARTESIANPOINT((0.19,0.02,0.4));
#4009=IFCAXIS2PLACEMENT3D(#4008,$,$);
#4010=IFCDIRECTION((0.,0.,1.));
#4011=IFCEXTRUDEDAREASOLID(#4007,#4009,#4010,0.14);
#4012=IFCSTYLEDITEM(#4011,(#3227),$);
#4013=IFCCARTESIANPOINT((0.255,0.07));
#4014=IFCAXIS2PLACEMENT2D(#4013,$);
#4015=IFCRECTANGLEPROFILEDEF(.AREA.,$,#4014,0.51,0.14);
#4016=IFCCARTESIANPOINT((0.22,0.59,0.54));
#4017=IFCAXIS2PLACEMENT3D(#4016,$,$);
#4018=IFCDIRECTION((0.,0.,1.));
#4019=IFCEXTRUDEDAREASOLID(#4015,#4017,#4018,0.36);
#4020=IFCSTYLEDITEM(#4019,(#3227),$);
#4021=IFCFURNITURE('2Xwu1OYInMlI7e5nOn4xCT',$,'Wing lounge table',$,$,#4024,#4033,$,.TABLE.);
#4022=IFCCARTESIANPOINT((14.5,1.9,0.));
#4023=IFCAXIS2PLACEMENT3D(#4022,$,$);
#4024=IFCLOCALPLACEMENT(#26,#4023);
#4025=IFCCARTESIANPOINT((0.55,0.35));
#4026=IFCAXIS2PLACEMENT2D(#4025,$);
#4027=IFCRECTANGLEPROFILEDEF(.AREA.,$,#4026,1.1,0.7);
#4028=IFCCARTESIANPOINT((0.,0.,0.31));
#4029=IFCAXIS2PLACEMENT3D(#4028,$,$);
#4030=IFCDIRECTION((0.,0.,1.));
#4031=IFCEXTRUDEDAREASOLID(#4027,#4029,#4030,0.04999999999999999);
#4032=IFCSHAPEREPRESENTATION(#11,'Body','SweptSolid',(#4031,#4041,#4049,#4057,#4065));
#4033=IFCPRODUCTDEFINITIONSHAPE($,$,(#4032));
#4034=IFCSTYLEDITEM(#4031,(#1830),$);
#4035=IFCCARTESIANPOINT((0.035,0.035));
#4036=IFCAXIS2PLACEMENT2D(#4035,$);
#4037=IFCRECTANGLEPROFILEDEF(.AREA.,$,#4036,0.07,0.07);
#4038=IFCCARTESIANPOINT((0.06,0.06,0.));
#4039=IFCAXIS2PLACEMENT3D(#4038,$,$);
#4040=IFCDIRECTION((0.,0.,1.));
#4041=IFCEXTRUDEDAREASOLID(#4037,#4039,#4040,0.31);
#4042=IFCSTYLEDITEM(#4041,(#3450),$);
#4043=IFCCARTESIANPOINT((0.03500000000000003,0.035));
#4044=IFCAXIS2PLACEMENT2D(#4043,$);
#4045=IFCRECTANGLEPROFILEDEF(.AREA.,$,#4044,0.07000000000000006,0.07);
#4046=IFCCARTESIANPOINT((0.97,0.06,0.));
#4047=IFCAXIS2PLACEMENT3D(#4046,$,$);
#4048=IFCDIRECTION((0.,0.,1.));
#4049=IFCEXTRUDEDAREASOLID(#4045,#4047,#4048,0.31);
#4050=IFCSTYLEDITEM(#4049,(#3450),$);
#4051=IFCCARTESIANPOINT((0.035,0.03500000000000003));
#4052=IFCAXIS2PLACEMENT2D(#4051,$);
#4053=IFCRECTANGLEPROFILEDEF(.AREA.,$,#4052,0.07,0.07000000000000006);
#4054=IFCCARTESIANPOINT((0.06,0.5699999999999998,0.));
#4055=IFCAXIS2PLACEMENT3D(#4054,$,$);
#4056=IFCDIRECTION((0.,0.,1.));
#4057=IFCEXTRUDEDAREASOLID(#4053,#4055,#4056,0.31);
#4058=IFCSTYLEDITEM(#4057,(#3450),$);
#4059=IFCCARTESIANPOINT((0.03500000000000003,0.03500000000000003));
#4060=IFCAXIS2PLACEMENT2D(#4059,$);
#4061=IFCRECTANGLEPROFILEDEF(.AREA.,$,#4060,0.07000000000000006,0.07000000000000006);
#4062=IFCCARTESIANPOINT((0.97,0.5699999999999998,0.));
#4063=IFCAXIS2PLACEMENT3D(#4062,$,$);
#4064=IFCDIRECTION((0.,0.,1.));
#4065=IFCEXTRUDEDAREASOLID(#4061,#4063,#4064,0.31);
#4066=IFCSTYLEDITEM(#4065,(#3450),$);
#4067=IFCFURNITURE('1_xfMsynh9eoa91BeSApn6',$,'Guest bed',$,$,#4070,#4079,$,.BED.);
#4068=IFCCARTESIANPOINT((18.1,1.2,0.));
#4069=IFCAXIS2PLACEMENT3D(#4068,$,$);
#4070=IFCLOCALPLACEMENT(#26,#4069);
#4071=IFCCARTESIANPOINT((0.9,1.05));
#4072=IFCAXIS2PLACEMENT2D(#4071,$);
#4073=IFCRECTANGLEPROFILEDEF(.AREA.,$,#4072,1.8,2.1);
#4074=IFCCARTESIANPOINT((0.,0.,0.28));
#4075=IFCAXIS2PLACEMENT3D(#4074,$,$);
#4076=IFCDIRECTION((0.,0.,1.));
#4077=IFCEXTRUDEDAREASOLID(#4073,#4075,#4076,0.24);
#4078=IFCSHAPEREPRESENTATION(#11,'Body','SweptSolid',(#4077,#4090,#4098,#4106,#4114,#4122));
#4079=IFCPRODUCTDEFINITIONSHAPE($,$,(#4078));
#4080=IFCCOLOURRGB($,0.98,0.97,0.94);
#4081=IFCSURFACESTYLERENDERING(#4080,0.,$,$,$,$,$,$,.NOTDEFINED.);
#4082=IFCSURFACESTYLE('rgba 0.98 0.97 0.94 1',.BOTH.,(#4081));
#4083=IFCSTYLEDITEM(#4077,(#4082),$);
#4084=IFCCARTESIANPOINT((0.94,1.07));
#4085=IFCAXIS2PLACEMENT2D(#4084,$);
#4086=IFCRECTANGLEPROFILEDEF(.AREA.,$,#4085,1.88,2.14);
#4087=IFCCARTESIANPOINT((-0.04,-0.04,0.));
#4088=IFCAXIS2PLACEMENT3D(#4087,$,$);
#4089=IFCDIRECTION((0.,0.,1.));
#4090=IFCEXTRUDEDAREASOLID(#4086,#4088,#4089,0.28);
#4091=IFCSTYLEDITEM(#4090,(#3450),$);
#4092=IFCCARTESIANPOINT((0.94,0.040000000000000036));
#4093=IFCAXIS2PLACEMENT2D(#4092,$);
#4094=IFCRECTANGLEPROFILEDEF(.AREA.,$,#4093,1.88,0.08000000000000007);
#4095=IFCCARTESIANPOINT((-0.04,2.1,0.));
#4096=IFCAXIS2PLACEMENT3D(#4095,$,$);
#4097=IFCDIRECTION((0.,0.,1.));
#4098=IFCEXTRUDEDAREASOLID(#4094,#4096,#4097,1.1);
#4099=IFCSTYLEDITEM(#4098,(#3189),$);
#4100=IFCCARTESIANPOINT((0.9,0.63));
#4101=IFCAXIS2PLACEMENT2D(#4100,$);
#4102=IFCRECTANGLEPROFILEDEF(.AREA.,$,#4101,1.8,1.26);
#4103=IFCCARTESIANPOINT((0.,0.,0.52));
#4104=IFCAXIS2PLACEMENT3D(#4103,$,$);
#4105=IFCDIRECTION((0.,0.,1.));
#4106=IFCEXTRUDEDAREASOLID(#4102,#4104,#4105,0.04000000000000003);
#4107=IFCSTYLEDITEM(#4106,(#3189),$);
#4108=IFCCARTESIANPOINT((0.36000000000000004,0.21499999999999997));
#4109=IFCAXIS2PLACEMENT2D(#4108,$);
#4110=IFCRECTANGLEPROFILEDEF(.AREA.,$,#4109,0.7200000000000001,0.42999999999999994);
#4111=IFCCARTESIANPOINT((0.12,1.55,0.52));
#4112=IFCAXIS2PLACEMENT3D(#4111,$,$);
#4113=IFCDIRECTION((0.,0.,1.));
#4114=IFCEXTRUDEDAREASOLID(#4110,#4112,#4113,0.14);
#4115=IFCSTYLEDITEM(#4114,(#193),$);
#4116=IFCCARTESIANPOINT((0.3600000000000001,0.21499999999999997));
#4117=IFCAXIS2PLACEMENT2D(#4116,$);
#4118=IFCRECTANGLEPROFILEDEF(.AREA.,$,#4117,0.7200000000000002,0.42999999999999994);
#4119=IFCCARTESIANPOINT((0.96,1.55,0.52));
#4120=IFCAXIS2PLACEMENT3D(#4119,$,$);
#4121=IFCDIRECTION((0.,0.,1.));
#4122=IFCEXTRUDEDAREASOLID(#4118,#4120,#4121,0.14);
#4123=IFCSTYLEDITEM(#4122,(#193),$);
#4124=IFCFURNITURE('1myhUYlKPr_eQ63yEDUmd8',$,'Guest nightstand west',$,$,#4127,#4136,$,$);
#4125=IFCCARTESIANPOINT((17.5,2.9,0.));
#4126=IFCAXIS2PLACEMENT3D(#4125,$,$);
#4127=IFCLOCALPLACEMENT(#26,#4126);
#4128=IFCCARTESIANPOINT((0.25,0.2));
#4129=IFCAXIS2PLACEMENT2D(#4128,$);
#4130=IFCRECTANGLEPROFILEDEF(.AREA.,$,#4129,0.5,0.4);
#4131=IFCCARTESIANPOINT((0.,0.,0.));
#4132=IFCAXIS2PLACEMENT3D(#4131,$,$);
#4133=IFCDIRECTION((0.,0.,1.));
#4134=IFCEXTRUDEDAREASOLID(#4130,#4132,#4133,0.5);
#4135=IFCSHAPEREPRESENTATION(#11,'Body','SweptSolid',(#4134));
#4136=IFCPRODUCTDEFINITIONSHAPE($,$,(#4135));
#4137=IFCSTYLEDITEM(#4134,(#1830),$);
#4138=IFCFURNITURE('32lqztQ7b8DoLukckX8Ts8',$,'Guest nightstand east',$,$,#4141,#4150,$,$);
#4139=IFCCARTESIANPOINT((20.,2.9,0.));
#4140=IFCAXIS2PLACEMENT3D(#4139,$,$);
#4141=IFCLOCALPLACEMENT(#26,#4140);
#4142=IFCCARTESIANPOINT((0.25,0.2));
#4143=IFCAXIS2PLACEMENT2D(#4142,$);
#4144=IFCRECTANGLEPROFILEDEF(.AREA.,$,#4143,0.5,0.4);
#4145=IFCCARTESIANPOINT((0.,0.,0.));
#4146=IFCAXIS2PLACEMENT3D(#4145,$,$);
#4147=IFCDIRECTION((0.,0.,1.));
#4148=IFCEXTRUDEDAREASOLID(#4144,#4146,#4147,0.5);
#4149=IFCSHAPEREPRESENTATION(#11,'Body','SweptSolid',(#4148));
#4150=IFCPRODUCTDEFINITIONSHAPE($,$,(#4149));
#4151=IFCSTYLEDITEM(#4148,(#1830),$);
#4152=IFCFURNITURE('3cct1vPAG1C6KMX0$Nrxgc',$,'Guest wardrobe',$,$,#4155,#4164,$,$);
#4153=IFCCARTESIANPOINT((17.2,4.3,0.));
#4154=IFCAXIS2PLACEMENT3D(#4153,$,$);
#4155=IFCLOCALPLACEMENT(#26,#4154);
#4156=IFCCARTESIANPOINT((1.2,0.3));
#4157=IFCAXIS2PLACEMENT2D(#4156,$);
#4158=IFCRECTANGLEPROFILEDEF(.AREA.,$,#4157,2.4,0.6);
#4159=IFCCARTESIANPOINT((0.,0.,0.));
#4160=IFCAXIS2PLACEMENT3D(#4159,$,$);
#4161=IFCDIRECTION((0.,0.,1.));
#4162=IFCEXTRUDEDAREASOLID(#4158,#4160,#4161,2.3);
#4163=IFCSHAPEREPRESENTATION(#11,'Body','SweptSolid',(#4162));
#4164=IFCPRODUCTDEFINITIONSHAPE($,$,(#4163));
#4165=IFCSTYLEDITEM(#4162,(#189),$);
#4166=IFCFURNISHINGELEMENT('0tT9hxaDAz0XqeumCO_PZ8',$,'Guest bedroom curtain 1',$,'Curtain',#4169,#4178,$);
#4167=IFCCARTESIANPOINT((0.,0.,0.));
#4168=IFCAXIS2PLACEMENT3D(#4167,$,$);
#4169=IFCLOCALPLACEMENT(#26,#4168);
#4170=IFCCARTESIANPOINT((0.27500000000000036,0.03999999999999998));
#4171=IFCAXIS2PLACEMENT2D(#4170,$);
#4172=IFCRECTANGLEPROFILEDEF(.AREA.,$,#4171,0.5500000000000007,0.07999999999999996);
#4173=IFCCARTESIANPOINT((17.25,-0.62,0.03));
#4174=IFCAXIS2PLACEMENT3D(#4173,$,$);
#4175=IFCDIRECTION((0.,0.,1.));
#4176=IFCEXTRUDEDAREASOLID(#4172,#4174,#4175,2.77);
#4177=IFCSHAPEREPRESENTATION(#11,'Body','SweptSolid',(#4176));
#4178=IFCPRODUCTDEFINITIONSHAPE($,$,(#4177));
#4179=IFCSTYLEDITEM(#4176,(#189),$);
#4180=IFCFURNISHINGELEMENT('1_wWKCaNU8zLNJbv6STlKF',$,'Guest bedroom curtain 2',$,'Curtain',#4183,#4192,$);
#4181=IFCCARTESIANPOINT((0.,0.,0.));
#4182=IFCAXIS2PLACEMENT3D(#4181,$,$);
#4183=IFCLOCALPLACEMENT(#26,#4182);
#4184=IFCCARTESIANPOINT((0.27500000000000036,0.03999999999999998));
#4185=IFCAXIS2PLACEMENT2D(#4184,$);
#4186=IFCRECTANGLEPROFILEDEF(.AREA.,$,#4185,0.5500000000000007,0.07999999999999996);
#4187=IFCCARTESIANPOINT((20.2,-0.62,0.03));
#4188=IFCAXIS2PLACEMENT3D(#4187,$,$);
#4189=IFCDIRECTION((0.,0.,1.));
#4190=IFCEXTRUDEDAREASOLID(#4186,#4188,#4189,2.77);
#4191=IFCSHAPEREPRESENTATION(#11,'Body','SweptSolid',(#4190));
#4192=IFCPRODUCTDEFINITIONSHAPE($,$,(#4191));
#4193=IFCSTYLEDITEM(#4190,(#189),$);
#4194=IFCFURNITURE('1Sy7E3ix1Vq4GaByTc5de4',$,'Kitchen counter',$,$,#4197,#4206,$,$);
#4195=IFCCARTESIANPOINT((-6.6,7.05,0.));
#4196=IFCAXIS2PLACEMENT3D(#4195,$,$);
#4197=IFCLOCALPLACEMENT(#26,#4196);
#4198=IFCCARTESIANPOINT((3.2,0.325));
#4199=IFCAXIS2PLACEMENT2D(#4198,$);
#4200=IFCRECTANGLEPROFILEDEF(.AREA.,$,#4199,6.4,0.65);
#4201=IFCCARTESIANPOINT((0.,0.,0.));
#4202=IFCAXIS2PLACEMENT3D(#4201,$,$);
#4203=IFCDIRECTION((0.,0.,1.));
#4204=IFCEXTRUDEDAREASOLID(#4200,#4202,#4203,0.88);
#4205=IFCSHAPEREPRESENTATION(#11,'Body','SweptSolid',(#4204,#4214));
#4206=IFCPRODUCTDEFINITIONSHAPE($,$,(#4205));
#4207=IFCSTYLEDITEM(#4204,(#1233),$);
#4208=IFCCARTESIANPOINT((3.2199999999999998,0.34500000000000003));
#4209=IFCAXIS2PLACEMENT2D(#4208,$);
#4210=IFCRECTANGLEPROFILEDEF(.AREA.,$,#4209,6.4399999999999995,0.6900000000000001);
#4211=IFCCARTESIANPOINT((-0.02,-0.02,0.88));
#4212=IFCAXIS2PLACEMENT3D(#4211,$,$);
#4213=IFCDIRECTION((0.,0.,1.));
#4214=IFCEXTRUDEDAREASOLID(#4210,#4212,#4213,0.04000000000000003);
#4215=IFCSTYLEDITEM(#4214,(#193),$);
#4216=IFCFURNITURE('3pSNi3gw3mNspTB8yjMO32',$,'Kitchen tall units',$,$,#4219,#4228,$,$);
#4217=IFCCARTESIANPOINT((-6.6,4.4,0.));
#4218=IFCAXIS2PLACEMENT3D(#4217,$,$);
#4219=IFCLOCALPLACEMENT(#26,#4218);
#4220=IFCCARTESIANPOINT((0.325,1.3));
#4221=IFCAXIS2PLACEMENT2D(#4220,$);
#4222=IFCRECTANGLEPROFILEDEF(.AREA.,$,#4221,0.65,2.6);
#4223=IFCCARTESIANPOINT((0.,0.,0.));
#4224=IFCAXIS2PLACEMENT3D(#4223,$,$);
#4225=IFCDIRECTION((0.,0.,1.));
#4226=IFCEXTRUDEDAREASOLID(#4222,#4224,#4225,2.3);
#4227=IFCSHAPEREPRESENTATION(#11,'Body','SweptSolid',(#4226));
#4228=IFCPRODUCTDEFINITIONSHAPE($,$,(#4227));
#4229=IFCSTYLEDITEM(#4226,(#1830),$);
#4230=IFCFURNITURE('2HuKbCHwJo4E$0J9qWVV1z',$,'Kitchen island',$,$,#4233,#4242,$,$);
#4231=IFCCARTESIANPOINT((-5.,4.3,0.));
#4232=IFCAXIS2PLACEMENT3D(#4231,$,$);
#4233=IFCLOCALPLACEMENT(#26,#4232);
#4234=IFCCARTESIANPOINT((1.5,0.55));
#4235=IFCAXIS2PLACEMENT2D(#4234,$);
#4236=IFCRECTANGLEPROFILEDEF(.AREA.,$,#4235,3.,1.1);
#4237=IFCCARTESIANPOINT((0.,0.,0.));
#4238=IFCAXIS2PLACEMENT3D(#4237,$,$);
#4239=IFCDIRECTION((0.,0.,1.));
#4240=IFCEXTRUDEDAREASOLID(#4236,#4238,#4239,0.88);
#4241=IFCSHAPEREPRESENTATION(#11,'Body','SweptSolid',(#4240,#4250));
#4242=IFCPRODUCTDEFINITIONSHAPE($,$,(#4241));
#4243=IFCSTYLEDITEM(#4240,(#1830),$);
#4244=IFCCARTESIANPOINT((1.52,0.57));
#4245=IFCAXIS2PLACEMENT2D(#4244,$);
#4246=IFCRECTANGLEPROFILEDEF(.AREA.,$,#4245,3.04,1.14);
#4247=IFCCARTESIANPOINT((-0.02,-0.02,0.88));
#4248=IFCAXIS2PLACEMENT3D(#4247,$,$);
#4249=IFCDIRECTION((0.,0.,1.));
#4250=IFCEXTRUDEDAREASOLID(#4246,#4248,#4249,0.04000000000000003);
#4251=IFCSTYLEDITEM(#4250,(#193),$);
#4252=IFCFURNITURE('2PVYRjJo3nMAPdbO41ALga',$,'Bar stool 1',$,$,#4255,#4264,$,.CHAIR.);
#4253=IFCCARTESIANPOINT((-4.6,3.85,0.));
#4254=IFCAXIS2PLACEMENT3D(#4253,$,$);
#4255=IFCLOCALPLACEMENT(#26,#4254);
#4256=IFCCARTESIANPOINT((0.,0.));
#4257=IFCAXIS2PLACEMENT2D(#4256,$);
#4258=IFCCIRCLEPROFILEDEF(.AREA.,$,#4257,0.19);
#4259=IFCCARTESIANPOINT((0.,0.,0.62));
#4260=IFCAXIS2PLACEMENT3D(#4259,$,$);
#4261=IFCDIRECTION((0.,0.,1.));
#4262=IFCEXTRUDEDAREASOLID(#4258,#4260,#4261,0.06);
#4263=IFCSHAPEREPRESENTATION(#11,'Body','SweptSolid',(#4262,#4272,#4280));
#4264=IFCPRODUCTDEFINITIONSHAPE($,$,(#4263));
#4265=IFCSTYLEDITEM(#4262,(#3168),$);
#4266=IFCCARTESIANPOINT((0.,0.));
#4267=IFCAXIS2PLACEMENT2D(#4266,$);
#4268=IFCCIRCLEPROFILEDEF(.AREA.,$,#4267,0.03);
#4269=IFCCARTESIANPOINT((0.,0.,0.));
#4270=IFCAXIS2PLACEMENT3D(#4269,$,$);
#4271=IFCDIRECTION((0.,0.,1.));
#4272=IFCEXTRUDEDAREASOLID(#4268,#4270,#4271,0.62);
#4273=IFCSTYLEDITEM(#4272,(#914),$);
#4274=IFCCARTESIANPOINT((0.,0.));
#4275=IFCAXIS2PLACEMENT2D(#4274,$);
#4276=IFCCIRCLEPROFILEDEF(.AREA.,$,#4275,0.17);
#4277=IFCCARTESIANPOINT((0.,0.,0.));
#4278=IFCAXIS2PLACEMENT3D(#4277,$,$);
#4279=IFCDIRECTION((0.,0.,1.));
#4280=IFCEXTRUDEDAREASOLID(#4276,#4278,#4279,0.02);
#4281=IFCSTYLEDITEM(#4280,(#914),$);
#4282=IFCFURNITURE('3_OTBBqh7I9NiZEfieZWip',$,'Bar stool 2',$,$,#4285,#4294,$,.CHAIR.);
#4283=IFCCARTESIANPOINT((-3.85,3.85,0.));
#4284=IFCAXIS2PLACEMENT3D(#4283,$,$);
#4285=IFCLOCALPLACEMENT(#26,#4284);
#4286=IFCCARTESIANPOINT((0.,0.));
#4287=IFCAXIS2PLACEMENT2D(#4286,$);
#4288=IFCCIRCLEPROFILEDEF(.AREA.,$,#4287,0.19);
#4289=IFCCARTESIANPOINT((0.,0.,0.62));
#4290=IFCAXIS2PLACEMENT3D(#4289,$,$);
#4291=IFCDIRECTION((0.,0.,1.));
#4292=IFCEXTRUDEDAREASOLID(#4288,#4290,#4291,0.06);
#4293=IFCSHAPEREPRESENTATION(#11,'Body','SweptSolid',(#4292,#4302,#4310));
#4294=IFCPRODUCTDEFINITIONSHAPE($,$,(#4293));
#4295=IFCSTYLEDITEM(#4292,(#3168),$);
#4296=IFCCARTESIANPOINT((0.,0.));
#4297=IFCAXIS2PLACEMENT2D(#4296,$);
#4298=IFCCIRCLEPROFILEDEF(.AREA.,$,#4297,0.03);
#4299=IFCCARTESIANPOINT((0.,0.,0.));
#4300=IFCAXIS2PLACEMENT3D(#4299,$,$);
#4301=IFCDIRECTION((0.,0.,1.));
#4302=IFCEXTRUDEDAREASOLID(#4298,#4300,#4301,0.62);
#4303=IFCSTYLEDITEM(#4302,(#914),$);
#4304=IFCCARTESIANPOINT((0.,0.));
#4305=IFCAXIS2PLACEMENT2D(#4304,$);
#4306=IFCCIRCLEPROFILEDEF(.AREA.,$,#4305,0.17);
#4307=IFCCARTESIANPOINT((0.,0.,0.));
#4308=IFCAXIS2PLACEMENT3D(#4307,$,$);
#4309=IFCDIRECTION((0.,0.,1.));
#4310=IFCEXTRUDEDAREASOLID(#4306,#4308,#4309,0.02);
#4311=IFCSTYLEDITEM(#4310,(#914),$);
#4312=IFCFURNITURE('2XXci4fAhP0xD1jdzx1n$a',$,'Bar stool 3',$,$,#4315,#4324,$,.CHAIR.);
#4313=IFCCARTESIANPOINT((-3.0999999999999996,3.85,0.));
#4314=IFCAXIS2PLACEMENT3D(#4313,$,$);
#4315=IFCLOCALPLACEMENT(#26,#4314);
#4316=IFCCARTESIANPOINT((0.,0.));
#4317=IFCAXIS2PLACEMENT2D(#4316,$);
#4318=IFCCIRCLEPROFILEDEF(.AREA.,$,#4317,0.19);
#4319=IFCCARTESIANPOINT((0.,0.,0.62));
#4320=IFCAXIS2PLACEMENT3D(#4319,$,$);
#4321=IFCDIRECTION((0.,0.,1.));
#4322=IFCEXTRUDEDAREASOLID(#4318,#4320,#4321,0.06);
#4323=IFCSHAPEREPRESENTATION(#11,'Body','SweptSolid',(#4322,#4332,#4340));
#4324=IFCPRODUCTDEFINITIONSHAPE($,$,(#4323));
#4325=IFCSTYLEDITEM(#4322,(#3168),$);
#4326=IFCCARTESIANPOINT((0.,0.));
#4327=IFCAXIS2PLACEMENT2D(#4326,$);
#4328=IFCCIRCLEPROFILEDEF(.AREA.,$,#4327,0.03);
#4329=IFCCARTESIANPOINT((0.,0.,0.));
#4330=IFCAXIS2PLACEMENT3D(#4329,$,$);
#4331=IFCDIRECTION((0.,0.,1.));
#4332=IFCEXTRUDEDAREASOLID(#4328,#4330,#4331,0.62);
#4333=IFCSTYLEDITEM(#4332,(#914),$);
#4334=IFCCARTESIANPOINT((0.,0.));
#4335=IFCAXIS2PLACEMENT2D(#4334,$);
#4336=IFCCIRCLEPROFILEDEF(.AREA.,$,#4335,0.17);
#4337=IFCCARTESIANPOINT((0.,0.,0.));
#4338=IFCAXIS2PLACEMENT3D(#4337,$,$);
#4339=IFCDIRECTION((0.,0.,1.));
#4340=IFCEXTRUDEDAREASOLID(#4336,#4338,#4339,0.02);
#4341=IFCSTYLEDITEM(#4340,(#914),$);
#4342=IFCFURNITURE('37iV7d_MRbKl2DJoMtwywC',$,'Bar stool 4',$,$,#4345,#4354,$,.CHAIR.);
#4343=IFCCARTESIANPOINT((-2.3499999999999996,3.85,0.));
#4344=IFCAXIS2PLACEMENT3D(#4343,$,$);
#4345=IFCLOCALPLACEMENT(#26,#4344);
#4346=IFCCARTESIANPOINT((0.,0.));
#4347=IFCAXIS2PLACEMENT2D(#4346,$);
#4348=IFCCIRCLEPROFILEDEF(.AREA.,$,#4347,0.19);
#4349=IFCCARTESIANPOINT((0.,0.,0.62));
#4350=IFCAXIS2PLACEMENT3D(#4349,$,$);
#4351=IFCDIRECTION((0.,0.,1.));
#4352=IFCEXTRUDEDAREASOLID(#4348,#4350,#4351,0.06);
#4353=IFCSHAPEREPRESENTATION(#11,'Body','SweptSolid',(#4352,#4362,#4370));
#4354=IFCPRODUCTDEFINITIONSHAPE($,$,(#4353));
#4355=IFCSTYLEDITEM(#4352,(#3168),$);
#4356=IFCCARTESIANPOINT((0.,0.));
#4357=IFCAXIS2PLACEMENT2D(#4356,$);
#4358=IFCCIRCLEPROFILEDEF(.AREA.,$,#4357,0.03);
#4359=IFCCARTESIANPOINT((0.,0.,0.));
#4360=IFCAXIS2PLACEMENT3D(#4359,$,$);
#4361=IFCDIRECTION((0.,0.,1.));
#4362=IFCEXTRUDEDAREASOLID(#4358,#4360,#4361,0.62);
#4363=IFCSTYLEDITEM(#4362,(#914),$);
#4364=IFCCARTESIANPOINT((0.,0.));
#4365=IFCAXIS2PLACEMENT2D(#4364,$);
#4366=IFCCIRCLEPROFILEDEF(.AREA.,$,#4365,0.17);
#4367=IFCCARTESIANPOINT((0.,0.,0.));
#4368=IFCAXIS2PLACEMENT3D(#4367,$,$);
#4369=IFCDIRECTION((0.,0.,1.));
#4370=IFCEXTRUDEDAREASOLID(#4366,#4368,#4369,0.02);
#4371=IFCSTYLEDITEM(#4370,(#914),$);
#4372=IFCFURNITURE('0NqnDE5C$aW$CQzqxtSmM1',$,'Outdoor dining table',$,$,#4375,#4384,$,.TABLE.);
#4373=IFCCARTESIANPOINT((-6.4,-2.6,0.));
#4374=IFCAXIS2PLACEMENT3D(#4373,$,$);
#4375=IFCLOCALPLACEMENT(#26,#4374);
#4376=IFCCARTESIANPOINT((1.7,0.55));
#4377=IFCAXIS2PLACEMENT2D(#4376,$);
#4378=IFCRECTANGLEPROFILEDEF(.AREA.,$,#4377,3.4,1.1);
#4379=IFCCARTESIANPOINT((0.,0.,0.71));
#4380=IFCAXIS2PLACEMENT3D(#4379,$,$);
#4381=IFCDIRECTION((0.,0.,1.));
#4382=IFCEXTRUDEDAREASOLID(#4378,#4380,#4381,0.05000000000000005);
#4383=IFCSHAPEREPRESENTATION(#11,'Body','SweptSolid',(#4382,#4392,#4400,#4408,#4416));
#4384=IFCPRODUCTDEFINITIONSHAPE($,$,(#4383));
#4385=IFCSTYLEDITEM(#4382,(#439),$);
#4386=IFCCARTESIANPOINT((0.035,0.035));
#4387=IFCAXIS2PLACEMENT2D(#4386,$);
#4388=IFCRECTANGLEPROFILEDEF(.AREA.,$,#4387,0.07,0.07);
#4389=IFCCARTESIANPOINT((0.06,0.06,0.));
#4390=IFCAXIS2PLACEMENT3D(#4389,$,$);
#4391=IFCDIRECTION((0.,0.,1.));
#4392=IFCEXTRUDEDAREASOLID(#4388,#4390,#4391,0.71);
#4393=IFCSTYLEDITEM(#4392,(#505),$);
#4394=IFCCARTESIANPOINT((0.03499999999999992,0.035));
#4395=IFCAXIS2PLACEMENT2D(#4394,$);
#4396=IFCRECTANGLEPROFILEDEF(.AREA.,$,#4395,0.06999999999999984,0.07);
#4397=IFCCARTESIANPOINT((3.27,0.06,0.));
#4398=IFCAXIS2PLACEMENT3D(#4397,$,$);
#4399=IFCDIRECTION((0.,0.,1.));
#4400=IFCEXTRUDEDAREASOLID(#4396,#4398,#4399,0.71);
#4401=IFCSTYLEDITEM(#4400,(#505),$);
#4402=IFCCARTESIANPOINT((0.035,0.03500000000000003));
#4403=IFCAXIS2PLACEMENT2D(#4402,$);
#4404=IFCRECTANGLEPROFILEDEF(.AREA.,$,#4403,0.07,0.07000000000000006);
#4405=IFCCARTESIANPOINT((0.06,0.97,0.));
#4406=IFCAXIS2PLACEMENT3D(#4405,$,$);
#4407=IFCDIRECTION((0.,0.,1.));
#4408=IFCEXTRUDEDAREASOLID(#4404,#4406,#4407,0.71);
#4409=IFCSTYLEDITEM(#4408,(#505),$);
#4410=IFCCARTESIANPOINT((0.03499999999999992,0.03500000000000003));
#4411=IFCAXIS2PLACEMENT2D(#4410,$);
#4412=IFCRECTANGLEPROFILEDEF(.AREA.,$,#4411,0.06999999999999984,0.07000000000000006);
#4413=IFCCARTESIANPOINT((3.27,0.97,0.));
#4414=IFCAXIS2PLACEMENT3D(#4413,$,$);
#4415=IFCDIRECTION((0.,0.,1.));
#4416=IFCEXTRUDEDAREASOLID(#4412,#4414,#4415,0.71);
#4417=IFCSTYLEDITEM(#4416,(#505),$);
#4418=IFCFURNITURE('1xE2Z$J8YjgE6QfvRGqZLA',$,'Outdoor chair south 1',$,$,#4422,#4431,$,.CHAIR.);
#4419=IFCCARTESIANPOINT((-5.79,-2.75,0.));
#4420=IFCDIRECTION((-1.,0.00000000000000012246467991473532,0.));
#4421=IFCAXIS2PLACEMENT3D(#4419,$,#4420);
#4422=IFCLOCALPLACEMENT(#26,#4421);
#4423=IFCCARTESIANPOINT((0.23,0.23));
#4424=IFCAXIS2PLACEMENT2D(#4423,$);
#4425=IFCRECTANGLEPROFILEDEF(.AREA.,$,#4424,0.46,0.46);
#4426=IFCCARTESIANPOINT((0.,0.,0.4));
#4427=IFCAXIS2PLACEMENT3D(#4426,$,$);
#4428=IFCDIRECTION((0.,0.,1.));
#4429=IFCEXTRUDEDAREASOLID(#4425,#4427,#4428,0.06);
#4430=IFCSHAPEREPRESENTATION(#11,'Body','SweptSolid',(#4429,#4439,#4447,#4455,#4463,#4471));
#4431=IFCPRODUCTDEFINITIONSHAPE($,$,(#4430));
#4432=IFCSTYLEDITEM(#4429,(#3168),$);
#4433=IFCCARTESIANPOINT((0.23,0.020000000000000014));
#4434=IFCAXIS2PLACEMENT2D(#4433,$);
#4435=IFCRECTANGLEPROFILEDEF(.AREA.,$,#4434,0.46,0.04000000000000003);
#4436=IFCCARTESIANPOINT((0.,0.42,0.46));
#4437=IFCAXIS2PLACEMENT3D(#4436,$,$);
#4438=IFCDIRECTION((0.,0.,1.));
#4439=IFCEXTRUDEDAREASOLID(#4435,#4437,#4438,0.44);
#4440=IFCSTYLEDITEM(#4439,(#505),$);
#4441=IFCCARTESIANPOINT((0.02,0.02));
#4442=IFCAXIS2PLACEMENT2D(#4441,$);
#4443=IFCRECTANGLEPROFILEDEF(.AREA.,$,#4442,0.04,0.04);
#4444=IFCCARTESIANPOINT((0.,0.,0.));
#4445=IFCAXIS2PLACEMENT3D(#4444,$,$);
#4446=IFCDIRECTION((0.,0.,1.));
#4447=IFCEXTRUDEDAREASOLID(#4443,#4445,#4446,0.4);
#4448=IFCSTYLEDITEM(#4447,(#505),$);
#4449=IFCCARTESIANPOINT((0.01999999999999999,0.02));
#4450=IFCAXIS2PLACEMENT2D(#4449,$);
#4451=IFCRECTANGLEPROFILEDEF(.AREA.,$,#4450,0.03999999999999998,0.04);
#4452=IFCCARTESIANPOINT((0.42,0.,0.));
#4453=IFCAXIS2PLACEMENT3D(#4452,$,$);
#4454=IFCDIRECTION((0.,0.,1.));
#4455=IFCEXTRUDEDAREASOLID(#4451,#4453,#4454,0.4);
#4456=IFCSTYLEDITEM(#4455,(#505),$);
#4457=IFCCARTESIANPOINT((0.02,0.01999999999999999));
#4458=IFCAXIS2PLACEMENT2D(#4457,$);
#4459=IFCRECTANGLEPROFILEDEF(.AREA.,$,#4458,0.04,0.03999999999999998);
#4460=IFCCARTESIANPOINT((0.,0.42,0.));
#4461=IFCAXIS2PLACEMENT3D(#4460,$,$);
#4462=IFCDIRECTION((0.,0.,1.));
#4463=IFCEXTRUDEDAREASOLID(#4459,#4461,#4462,0.4);
#4464=IFCSTYLEDITEM(#4463,(#505),$);
#4465=IFCCARTESIANPOINT((0.01999999999999999,0.01999999999999999));
#4466=IFCAXIS2PLACEMENT2D(#4465,$);
#4467=IFCRECTANGLEPROFILEDEF(.AREA.,$,#4466,0.03999999999999998,0.03999999999999998);
#4468=IFCCARTESIANPOINT((0.42,0.42,0.));
#4469=IFCAXIS2PLACEMENT3D(#4468,$,$);
#4470=IFCDIRECTION((0.,0.,1.));
#4471=IFCEXTRUDEDAREASOLID(#4467,#4469,#4470,0.4);
#4472=IFCSTYLEDITEM(#4471,(#505),$);
#4473=IFCFURNITURE('0Yxxdz4kqwIz4hsre6NqoG',$,'Outdoor chair north 1',$,$,#4476,#4485,$,.CHAIR.);
#4474=IFCCARTESIANPOINT((-6.25,-1.4,0.));
#4475=IFCAXIS2PLACEMENT3D(#4474,$,$);
#4476=IFCLOCALPLACEMENT(#26,#4475);
#4477=IFCCARTESIANPOINT((0.23,0.23));
#4478=IFCAXIS2PLACEMENT2D(#4477,$);
#4479=IFCRECTANGLEPROFILEDEF(.AREA.,$,#4478,0.46,0.46);
#4480=IFCCARTESIANPOINT((0.,0.,0.4));
#4481=IFCAXIS2PLACEMENT3D(#4480,$,$);
#4482=IFCDIRECTION((0.,0.,1.));
#4483=IFCEXTRUDEDAREASOLID(#4479,#4481,#4482,0.06);
#4484=IFCSHAPEREPRESENTATION(#11,'Body','SweptSolid',(#4483,#4493,#4501,#4509,#4517,#4525));
#4485=IFCPRODUCTDEFINITIONSHAPE($,$,(#4484));
#4486=IFCSTYLEDITEM(#4483,(#3168),$);
#4487=IFCCARTESIANPOINT((0.23,0.020000000000000014));
#4488=IFCAXIS2PLACEMENT2D(#4487,$);
#4489=IFCRECTANGLEPROFILEDEF(.AREA.,$,#4488,0.46,0.04000000000000003);
#4490=IFCCARTESIANPOINT((0.,0.42,0.46));
#4491=IFCAXIS2PLACEMENT3D(#4490,$,$);
#4492=IFCDIRECTION((0.,0.,1.));
#4493=IFCEXTRUDEDAREASOLID(#4489,#4491,#4492,0.44);
#4494=IFCSTYLEDITEM(#4493,(#505),$);
#4495=IFCCARTESIANPOINT((0.02,0.02));
#4496=IFCAXIS2PLACEMENT2D(#4495,$);
#4497=IFCRECTANGLEPROFILEDEF(.AREA.,$,#4496,0.04,0.04);
#4498=IFCCARTESIANPOINT((0.,0.,0.));
#4499=IFCAXIS2PLACEMENT3D(#4498,$,$);
#4500=IFCDIRECTION((0.,0.,1.));
#4501=IFCEXTRUDEDAREASOLID(#4497,#4499,#4500,0.4);
#4502=IFCSTYLEDITEM(#4501,(#505),$);
#4503=IFCCARTESIANPOINT((0.01999999999999999,0.02));
#4504=IFCAXIS2PLACEMENT2D(#4503,$);
#4505=IFCRECTANGLEPROFILEDEF(.AREA.,$,#4504,0.03999999999999998,0.04);
#4506=IFCCARTESIANPOINT((0.42,0.,0.));
#4507=IFCAXIS2PLACEMENT3D(#4506,$,$);
#4508=IFCDIRECTION((0.,0.,1.));
#4509=IFCEXTRUDEDAREASOLID(#4505,#4507,#4508,0.4);
#4510=IFCSTYLEDITEM(#4509,(#505),$);
#4511=IFCCARTESIANPOINT((0.02,0.01999999999999999));
#4512=IFCAXIS2PLACEMENT2D(#4511,$);
#4513=IFCRECTANGLEPROFILEDEF(.AREA.,$,#4512,0.04,0.03999999999999998);
#4514=IFCCARTESIANPOINT((0.,0.42,0.));
#4515=IFCAXIS2PLACEMENT3D(#4514,$,$);
#4516=IFCDIRECTION((0.,0.,1.));
#4517=IFCEXTRUDEDAREASOLID(#4513,#4515,#4516,0.4);
#4518=IFCSTYLEDITEM(#4517,(#505),$);
#4519=IFCCARTESIANPOINT((0.01999999999999999,0.01999999999999999));
#4520=IFCAXIS2PLACEMENT2D(#4519,$);
#4521=IFCRECTANGLEPROFILEDEF(.AREA.,$,#4520,0.03999999999999998,0.03999999999999998);
#4522=IFCCARTESIANPOINT((0.42,0.42,0.));
#4523=IFCAXIS2PLACEMENT3D(#4522,$,$);
#4524=IFCDIRECTION((0.,0.,1.));
#4525=IFCEXTRUDEDAREASOLID(#4521,#4523,#4524,0.4);
#4526=IFCSTYLEDITEM(#4525,(#505),$);
#4527=IFCFURNITURE('34wh4Tp9rNJn87gfWFokbu',$,'Outdoor chair south 2',$,$,#4531,#4540,$,.CHAIR.);
#4528=IFCCARTESIANPOINT((-5.13,-2.75,0.));
#4529=IFCDIRECTION((-1.,0.00000000000000012246467991473532,0.));
#4530=IFCAXIS2PLACEMENT3D(#4528,$,#4529);
#4531=IFCLOCALPLACEMENT(#26,#4530);
#4532=IFCCARTESIANPOINT((0.23,0.23));
#4533=IFCAXIS2PLACEMENT2D(#4532,$);
#4534=IFCRECTANGLEPROFILEDEF(.AREA.,$,#4533,0.46,0.46);
#4535=IFCCARTESIANPOINT((0.,0.,0.4));
#4536=IFCAXIS2PLACEMENT3D(#4535,$,$);
#4537=IFCDIRECTION((0.,0.,1.));
#4538=IFCEXTRUDEDAREASOLID(#4534,#4536,#4537,0.06);
#4539=IFCSHAPEREPRESENTATION(#11,'Body','SweptSolid',(#4538,#4548,#4556,#4564,#4572,#4580));
#4540=IFCPRODUCTDEFINITIONSHAPE($,$,(#4539));
#4541=IFCSTYLEDITEM(#4538,(#3168),$);
#4542=IFCCARTESIANPOINT((0.23,0.020000000000000014));
#4543=IFCAXIS2PLACEMENT2D(#4542,$);
#4544=IFCRECTANGLEPROFILEDEF(.AREA.,$,#4543,0.46,0.04000000000000003);
#4545=IFCCARTESIANPOINT((0.,0.42,0.46));
#4546=IFCAXIS2PLACEMENT3D(#4545,$,$);
#4547=IFCDIRECTION((0.,0.,1.));
#4548=IFCEXTRUDEDAREASOLID(#4544,#4546,#4547,0.44);
#4549=IFCSTYLEDITEM(#4548,(#505),$);
#4550=IFCCARTESIANPOINT((0.02,0.02));
#4551=IFCAXIS2PLACEMENT2D(#4550,$);
#4552=IFCRECTANGLEPROFILEDEF(.AREA.,$,#4551,0.04,0.04);
#4553=IFCCARTESIANPOINT((0.,0.,0.));
#4554=IFCAXIS2PLACEMENT3D(#4553,$,$);
#4555=IFCDIRECTION((0.,0.,1.));
#4556=IFCEXTRUDEDAREASOLID(#4552,#4554,#4555,0.4);
#4557=IFCSTYLEDITEM(#4556,(#505),$);
#4558=IFCCARTESIANPOINT((0.01999999999999999,0.02));
#4559=IFCAXIS2PLACEMENT2D(#4558,$);
#4560=IFCRECTANGLEPROFILEDEF(.AREA.,$,#4559,0.03999999999999998,0.04);
#4561=IFCCARTESIANPOINT((0.42,0.,0.));
#4562=IFCAXIS2PLACEMENT3D(#4561,$,$);
#4563=IFCDIRECTION((0.,0.,1.));
#4564=IFCEXTRUDEDAREASOLID(#4560,#4562,#4563,0.4);
#4565=IFCSTYLEDITEM(#4564,(#505),$);
#4566=IFCCARTESIANPOINT((0.02,0.01999999999999999));
#4567=IFCAXIS2PLACEMENT2D(#4566,$);
#4568=IFCRECTANGLEPROFILEDEF(.AREA.,$,#4567,0.04,0.03999999999999998);
#4569=IFCCARTESIANPOINT((0.,0.42,0.));
#4570=IFCAXIS2PLACEMENT3D(#4569,$,$);
#4571=IFCDIRECTION((0.,0.,1.));
#4572=IFCEXTRUDEDAREASOLID(#4568,#4570,#4571,0.4);
#4573=IFCSTYLEDITEM(#4572,(#505),$);
#4574=IFCCARTESIANPOINT((0.01999999999999999,0.01999999999999999));
#4575=IFCAXIS2PLACEMENT2D(#4574,$);
#4576=IFCRECTANGLEPROFILEDEF(.AREA.,$,#4575,0.03999999999999998,0.03999999999999998);
#4577=IFCCARTESIANPOINT((0.42,0.42,0.));
#4578=IFCAXIS2PLACEMENT3D(#4577,$,$);
#4579=IFCDIRECTION((0.,0.,1.));
#4580=IFCEXTRUDEDAREASOLID(#4576,#4578,#4579,0.4);
#4581=IFCSTYLEDITEM(#4580,(#505),$);
#4582=IFCFURNITURE('3rOqkXjHBdVJ6qJPKyGtGu',$,'Outdoor chair north 2',$,$,#4585,#4594,$,.CHAIR.);
#4583=IFCCARTESIANPOINT((-5.59,-1.4,0.));
#4584=IFCAXIS2PLACEMENT3D(#4583,$,$);
#4585=IFCLOCALPLACEMENT(#26,#4584);
#4586=IFCCARTESIANPOINT((0.23,0.23));
#4587=IFCAXIS2PLACEMENT2D(#4586,$);
#4588=IFCRECTANGLEPROFILEDEF(.AREA.,$,#4587,0.46,0.46);
#4589=IFCCARTESIANPOINT((0.,0.,0.4));
#4590=IFCAXIS2PLACEMENT3D(#4589,$,$);
#4591=IFCDIRECTION((0.,0.,1.));
#4592=IFCEXTRUDEDAREASOLID(#4588,#4590,#4591,0.06);
#4593=IFCSHAPEREPRESENTATION(#11,'Body','SweptSolid',(#4592,#4602,#4610,#4618,#4626,#4634));
#4594=IFCPRODUCTDEFINITIONSHAPE($,$,(#4593));
#4595=IFCSTYLEDITEM(#4592,(#3168),$);
#4596=IFCCARTESIANPOINT((0.23,0.020000000000000014));
#4597=IFCAXIS2PLACEMENT2D(#4596,$);
#4598=IFCRECTANGLEPROFILEDEF(.AREA.,$,#4597,0.46,0.04000000000000003);
#4599=IFCCARTESIANPOINT((0.,0.42,0.46));
#4600=IFCAXIS2PLACEMENT3D(#4599,$,$);
#4601=IFCDIRECTION((0.,0.,1.));
#4602=IFCEXTRUDEDAREASOLID(#4598,#4600,#4601,0.44);
#4603=IFCSTYLEDITEM(#4602,(#505),$);
#4604=IFCCARTESIANPOINT((0.02,0.02));
#4605=IFCAXIS2PLACEMENT2D(#4604,$);
#4606=IFCRECTANGLEPROFILEDEF(.AREA.,$,#4605,0.04,0.04);
#4607=IFCCARTESIANPOINT((0.,0.,0.));
#4608=IFCAXIS2PLACEMENT3D(#4607,$,$);
#4609=IFCDIRECTION((0.,0.,1.));
#4610=IFCEXTRUDEDAREASOLID(#4606,#4608,#4609,0.4);
#4611=IFCSTYLEDITEM(#4610,(#505),$);
#4612=IFCCARTESIANPOINT((0.01999999999999999,0.02));
#4613=IFCAXIS2PLACEMENT2D(#4612,$);
#4614=IFCRECTANGLEPROFILEDEF(.AREA.,$,#4613,0.03999999999999998,0.04);
#4615=IFCCARTESIANPOINT((0.42,0.,0.));
#4616=IFCAXIS2PLACEMENT3D(#4615,$,$);
#4617=IFCDIRECTION((0.,0.,1.));
#4618=IFCEXTRUDEDAREASOLID(#4614,#4616,#4617,0.4);
#4619=IFCSTYLEDITEM(#4618,(#505),$);
#4620=IFCCARTESIANPOINT((0.02,0.01999999999999999));
#4621=IFCAXIS2PLACEMENT2D(#4620,$);
#4622=IFCRECTANGLEPROFILEDEF(.AREA.,$,#4621,0.04,0.03999999999999998);
#4623=IFCCARTESIANPOINT((0.,0.42,0.));
#4624=IFCAXIS2PLACEMENT3D(#4623,$,$);
#4625=IFCDIRECTION((0.,0.,1.));
#4626=IFCEXTRUDEDAREASOLID(#4622,#4624,#4625,0.4);
#4627=IFCSTYLEDITEM(#4626,(#505),$);
#4628=IFCCARTESIANPOINT((0.01999999999999999,0.01999999999999999));
#4629=IFCAXIS2PLACEMENT2D(#4628,$);
#4630=IFCRECTANGLEPROFILEDEF(.AREA.,$,#4629,0.03999999999999998,0.03999999999999998);
#4631=IFCCARTESIANPOINT((0.42,0.42,0.));
#4632=IFCAXIS2PLACEMENT3D(#4631,$,$);
#4633=IFCDIRECTION((0.,0.,1.));
#4634=IFCEXTRUDEDAREASOLID(#4630,#4632,#4633,0.4);
#4635=IFCSTYLEDITEM(#4634,(#505),$);
#4636=IFCFURNITURE('20WFiujpweUxd6haVIYGYP',$,'Outdoor chair south 3',$,$,#4640,#4649,$,.CHAIR.);
#4637=IFCCARTESIANPOINT((-4.47,-2.75,0.));
#4638=IFCDIRECTION((-1.,0.00000000000000012246467991473532,0.));
#4639=IFCAXIS2PLACEMENT3D(#4637,$,#4638);
#4640=IFCLOCALPLACEMENT(#26,#4639);
#4641=IFCCARTESIANPOINT((0.23,0.23));
#4642=IFCAXIS2PLACEMENT2D(#4641,$);
#4643=IFCRECTANGLEPROFILEDEF(.AREA.,$,#4642,0.46,0.46);
#4644=IFCCARTESIANPOINT((0.,0.,0.4));
#4645=IFCAXIS2PLACEMENT3D(#4644,$,$);
#4646=IFCDIRECTION((0.,0.,1.));
#4647=IFCEXTRUDEDAREASOLID(#4643,#4645,#4646,0.06);
#4648=IFCSHAPEREPRESENTATION(#11,'Body','SweptSolid',(#4647,#4657,#4665,#4673,#4681,#4689));
#4649=IFCPRODUCTDEFINITIONSHAPE($,$,(#4648));
#4650=IFCSTYLEDITEM(#4647,(#3168),$);
#4651=IFCCARTESIANPOINT((0.23,0.020000000000000014));
#4652=IFCAXIS2PLACEMENT2D(#4651,$);
#4653=IFCRECTANGLEPROFILEDEF(.AREA.,$,#4652,0.46,0.04000000000000003);
#4654=IFCCARTESIANPOINT((0.,0.42,0.46));
#4655=IFCAXIS2PLACEMENT3D(#4654,$,$);
#4656=IFCDIRECTION((0.,0.,1.));
#4657=IFCEXTRUDEDAREASOLID(#4653,#4655,#4656,0.44);
#4658=IFCSTYLEDITEM(#4657,(#505),$);
#4659=IFCCARTESIANPOINT((0.02,0.02));
#4660=IFCAXIS2PLACEMENT2D(#4659,$);
#4661=IFCRECTANGLEPROFILEDEF(.AREA.,$,#4660,0.04,0.04);
#4662=IFCCARTESIANPOINT((0.,0.,0.));
#4663=IFCAXIS2PLACEMENT3D(#4662,$,$);
#4664=IFCDIRECTION((0.,0.,1.));
#4665=IFCEXTRUDEDAREASOLID(#4661,#4663,#4664,0.4);
#4666=IFCSTYLEDITEM(#4665,(#505),$);
#4667=IFCCARTESIANPOINT((0.01999999999999999,0.02));
#4668=IFCAXIS2PLACEMENT2D(#4667,$);
#4669=IFCRECTANGLEPROFILEDEF(.AREA.,$,#4668,0.03999999999999998,0.04);
#4670=IFCCARTESIANPOINT((0.42,0.,0.));
#4671=IFCAXIS2PLACEMENT3D(#4670,$,$);
#4672=IFCDIRECTION((0.,0.,1.));
#4673=IFCEXTRUDEDAREASOLID(#4669,#4671,#4672,0.4);
#4674=IFCSTYLEDITEM(#4673,(#505),$);
#4675=IFCCARTESIANPOINT((0.02,0.01999999999999999));
#4676=IFCAXIS2PLACEMENT2D(#4675,$);
#4677=IFCRECTANGLEPROFILEDEF(.AREA.,$,#4676,0.04,0.03999999999999998);
#4678=IFCCARTESIANPOINT((0.,0.42,0.));
#4679=IFCAXIS2PLACEMENT3D(#4678,$,$);
#4680=IFCDIRECTION((0.,0.,1.));
#4681=IFCEXTRUDEDAREASOLID(#4677,#4679,#4680,0.4);
#4682=IFCSTYLEDITEM(#4681,(#505),$);
#4683=IFCCARTESIANPOINT((0.01999999999999999,0.01999999999999999));
#4684=IFCAXIS2PLACEMENT2D(#4683,$);
#4685=IFCRECTANGLEPROFILEDEF(.AREA.,$,#4684,0.03999999999999998,0.03999999999999998);
#4686=IFCCARTESIANPOINT((0.42,0.42,0.));
#4687=IFCAXIS2PLACEMENT3D(#4686,$,$);
#4688=IFCDIRECTION((0.,0.,1.));
#4689=IFCEXTRUDEDAREASOLID(#4685,#4687,#4688,0.4);
#4690=IFCSTYLEDITEM(#4689,(#505),$);
#4691=IFCFURNITURE('3Tj6axoYetHwVICLjeySaz',$,'Outdoor chair north 3',$,$,#4694,#4703,$,.CHAIR.);
#4692=IFCCARTESIANPOINT((-4.93,-1.4,0.));
#4693=IFCAXIS2PLACEMENT3D(#4692,$,$);
#4694=IFCLOCALPLACEMENT(#26,#4693);
#4695=IFCCARTESIANPOINT((0.23,0.23));
#4696=IFCAXIS2PLACEMENT2D(#4695,$);
#4697=IFCRECTANGLEPROFILEDEF(.AREA.,$,#4696,0.46,0.46);
#4698=IFCCARTESIANPOINT((0.,0.,0.4));
#4699=IFCAXIS2PLACEMENT3D(#4698,$,$);
#4700=IFCDIRECTION((0.,0.,1.));
#4701=IFCEXTRUDEDAREASOLID(#4697,#4699,#4700,0.06);
#4702=IFCSHAPEREPRESENTATION(#11,'Body','SweptSolid',(#4701,#4711,#4719,#4727,#4735,#4743));
#4703=IFCPRODUCTDEFINITIONSHAPE($,$,(#4702));
#4704=IFCSTYLEDITEM(#4701,(#3168),$);
#4705=IFCCARTESIANPOINT((0.23,0.020000000000000014));
#4706=IFCAXIS2PLACEMENT2D(#4705,$);
#4707=IFCRECTANGLEPROFILEDEF(.AREA.,$,#4706,0.46,0.04000000000000003);
#4708=IFCCARTESIANPOINT((0.,0.42,0.46));
#4709=IFCAXIS2PLACEMENT3D(#4708,$,$);
#4710=IFCDIRECTION((0.,0.,1.));
#4711=IFCEXTRUDEDAREASOLID(#4707,#4709,#4710,0.44);
#4712=IFCSTYLEDITEM(#4711,(#505),$);
#4713=IFCCARTESIANPOINT((0.02,0.02));
#4714=IFCAXIS2PLACEMENT2D(#4713,$);
#4715=IFCRECTANGLEPROFILEDEF(.AREA.,$,#4714,0.04,0.04);
#4716=IFCCARTESIANPOINT((0.,0.,0.));
#4717=IFCAXIS2PLACEMENT3D(#4716,$,$);
#4718=IFCDIRECTION((0.,0.,1.));
#4719=IFCEXTRUDEDAREASOLID(#4715,#4717,#4718,0.4);
#4720=IFCSTYLEDITEM(#4719,(#505),$);
#4721=IFCCARTESIANPOINT((0.01999999999999999,0.02));
#4722=IFCAXIS2PLACEMENT2D(#4721,$);
#4723=IFCRECTANGLEPROFILEDEF(.AREA.,$,#4722,0.03999999999999998,0.04);
#4724=IFCCARTESIANPOINT((0.42,0.,0.));
#4725=IFCAXIS2PLACEMENT3D(#4724,$,$);
#4726=IFCDIRECTION((0.,0.,1.));
#4727=IFCEXTRUDEDAREASOLID(#4723,#4725,#4726,0.4);
#4728=IFCSTYLEDITEM(#4727,(#505),$);
#4729=IFCCARTESIANPOINT((0.02,0.01999999999999999));
#4730=IFCAXIS2PLACEMENT2D(#4729,$);
#4731=IFCRECTANGLEPROFILEDEF(.AREA.,$,#4730,0.04,0.03999999999999998);
#4732=IFCCARTESIANPOINT((0.,0.42,0.));
#4733=IFCAXIS2PLACEMENT3D(#4732,$,$);
#4734=IFCDIRECTION((0.,0.,1.));
#4735=IFCEXTRUDEDAREASOLID(#4731,#4733,#4734,0.4);
#4736=IFCSTYLEDITEM(#4735,(#505),$);
#4737=IFCCARTESIANPOINT((0.01999999999999999,0.01999999999999999));
#4738=IFCAXIS2PLACEMENT2D(#4737,$);
#4739=IFCRECTANGLEPROFILEDEF(.AREA.,$,#4738,0.03999999999999998,0.03999999999999998);
#4740=IFCCARTESIANPOINT((0.42,0.42,0.));
#4741=IFCAXIS2PLACEMENT3D(#4740,$,$);
#4742=IFCDIRECTION((0.,0.,1.));
#4743=IFCEXTRUDEDAREASOLID(#4739,#4741,#4742,0.4);
#4744=IFCSTYLEDITEM(#4743,(#505),$);
#4745=IFCFURNITURE('2rmrskUpTOTqhZ6QMSfu4Y',$,'Outdoor chair south 4',$,$,#4749,#4758,$,.CHAIR.);
#4746=IFCCARTESIANPOINT((-3.81,-2.75,0.));
#4747=IFCDIRECTION((-1.,0.00000000000000012246467991473532,0.));
#4748=IFCAXIS2PLACEMENT3D(#4746,$,#4747);
#4749=IFCLOCALPLACEMENT(#26,#4748);
#4750=IFCCARTESIANPOINT((0.23,0.23));
#4751=IFCAXIS2PLACEMENT2D(#4750,$);
#4752=IFCRECTANGLEPROFILEDEF(.AREA.,$,#4751,0.46,0.46);
#4753=IFCCARTESIANPOINT((0.,0.,0.4));
#4754=IFCAXIS2PLACEMENT3D(#4753,$,$);
#4755=IFCDIRECTION((0.,0.,1.));
#4756=IFCEXTRUDEDAREASOLID(#4752,#4754,#4755,0.06);
#4757=IFCSHAPEREPRESENTATION(#11,'Body','SweptSolid',(#4756,#4766,#4774,#4782,#4790,#4798));
#4758=IFCPRODUCTDEFINITIONSHAPE($,$,(#4757));
#4759=IFCSTYLEDITEM(#4756,(#3168),$);
#4760=IFCCARTESIANPOINT((0.23,0.020000000000000014));
#4761=IFCAXIS2PLACEMENT2D(#4760,$);
#4762=IFCRECTANGLEPROFILEDEF(.AREA.,$,#4761,0.46,0.04000000000000003);
#4763=IFCCARTESIANPOINT((0.,0.42,0.46));
#4764=IFCAXIS2PLACEMENT3D(#4763,$,$);
#4765=IFCDIRECTION((0.,0.,1.));
#4766=IFCEXTRUDEDAREASOLID(#4762,#4764,#4765,0.44);
#4767=IFCSTYLEDITEM(#4766,(#505),$);
#4768=IFCCARTESIANPOINT((0.02,0.02));
#4769=IFCAXIS2PLACEMENT2D(#4768,$);
#4770=IFCRECTANGLEPROFILEDEF(.AREA.,$,#4769,0.04,0.04);
#4771=IFCCARTESIANPOINT((0.,0.,0.));
#4772=IFCAXIS2PLACEMENT3D(#4771,$,$);
#4773=IFCDIRECTION((0.,0.,1.));
#4774=IFCEXTRUDEDAREASOLID(#4770,#4772,#4773,0.4);
#4775=IFCSTYLEDITEM(#4774,(#505),$);
#4776=IFCCARTESIANPOINT((0.01999999999999999,0.02));
#4777=IFCAXIS2PLACEMENT2D(#4776,$);
#4778=IFCRECTANGLEPROFILEDEF(.AREA.,$,#4777,0.03999999999999998,0.04);
#4779=IFCCARTESIANPOINT((0.42,0.,0.));
#4780=IFCAXIS2PLACEMENT3D(#4779,$,$);
#4781=IFCDIRECTION((0.,0.,1.));
#4782=IFCEXTRUDEDAREASOLID(#4778,#4780,#4781,0.4);
#4783=IFCSTYLEDITEM(#4782,(#505),$);
#4784=IFCCARTESIANPOINT((0.02,0.01999999999999999));
#4785=IFCAXIS2PLACEMENT2D(#4784,$);
#4786=IFCRECTANGLEPROFILEDEF(.AREA.,$,#4785,0.04,0.03999999999999998);
#4787=IFCCARTESIANPOINT((0.,0.42,0.));
#4788=IFCAXIS2PLACEMENT3D(#4787,$,$);
#4789=IFCDIRECTION((0.,0.,1.));
#4790=IFCEXTRUDEDAREASOLID(#4786,#4788,#4789,0.4);
#4791=IFCSTYLEDITEM(#4790,(#505),$);
#4792=IFCCARTESIANPOINT((0.01999999999999999,0.01999999999999999));
#4793=IFCAXIS2PLACEMENT2D(#4792,$);
#4794=IFCRECTANGLEPROFILEDEF(.AREA.,$,#4793,0.03999999999999998,0.03999999999999998);
#4795=IFCCARTESIANPOINT((0.42,0.42,0.));
#4796=IFCAXIS2PLACEMENT3D(#4795,$,$);
#4797=IFCDIRECTION((0.,0.,1.));
#4798=IFCEXTRUDEDAREASOLID(#4794,#4796,#4797,0.4);
#4799=IFCSTYLEDITEM(#4798,(#505),$);
#4800=IFCFURNITURE('1$VOp9UnWdLhmroSVcO5BN',$,'Outdoor chair north 4',$,$,#4803,#4812,$,.CHAIR.);
#4801=IFCCARTESIANPOINT((-4.27,-1.4,0.));
#4802=IFCAXIS2PLACEMENT3D(#4801,$,$);
#4803=IFCLOCALPLACEMENT(#26,#4802);
#4804=IFCCARTESIANPOINT((0.23,0.23));
#4805=IFCAXIS2PLACEMENT2D(#4804,$);
#4806=IFCRECTANGLEPROFILEDEF(.AREA.,$,#4805,0.46,0.46);
#4807=IFCCARTESIANPOINT((0.,0.,0.4));
#4808=IFCAXIS2PLACEMENT3D(#4807,$,$);
#4809=IFCDIRECTION((0.,0.,1.));
#4810=IFCEXTRUDEDAREASOLID(#4806,#4808,#4809,0.06);
#4811=IFCSHAPEREPRESENTATION(#11,'Body','SweptSolid',(#4810,#4820,#4828,#4836,#4844,#4852));
#4812=IFCPRODUCTDEFINITIONSHAPE($,$,(#4811));
#4813=IFCSTYLEDITEM(#4810,(#3168),$);
#4814=IFCCARTESIANPOINT((0.23,0.020000000000000014));
#4815=IFCAXIS2PLACEMENT2D(#4814,$);
#4816=IFCRECTANGLEPROFILEDEF(.AREA.,$,#4815,0.46,0.04000000000000003);
#4817=IFCCARTESIANPOINT((0.,0.42,0.46));
#4818=IFCAXIS2PLACEMENT3D(#4817,$,$);
#4819=IFCDIRECTION((0.,0.,1.));
#4820=IFCEXTRUDEDAREASOLID(#4816,#4818,#4819,0.44);
#4821=IFCSTYLEDITEM(#4820,(#505),$);
#4822=IFCCARTESIANPOINT((0.02,0.02));
#4823=IFCAXIS2PLACEMENT2D(#4822,$);
#4824=IFCRECTANGLEPROFILEDEF(.AREA.,$,#4823,0.04,0.04);
#4825=IFCCARTESIANPOINT((0.,0.,0.));
#4826=IFCAXIS2PLACEMENT3D(#4825,$,$);
#4827=IFCDIRECTION((0.,0.,1.));
#4828=IFCEXTRUDEDAREASOLID(#4824,#4826,#4827,0.4);
#4829=IFCSTYLEDITEM(#4828,(#505),$);
#4830=IFCCARTESIANPOINT((0.01999999999999999,0.02));
#4831=IFCAXIS2PLACEMENT2D(#4830,$);
#4832=IFCRECTANGLEPROFILEDEF(.AREA.,$,#4831,0.03999999999999998,0.04);
#4833=IFCCARTESIANPOINT((0.42,0.,0.));
#4834=IFCAXIS2PLACEMENT3D(#4833,$,$);
#4835=IFCDIRECTION((0.,0.,1.));
#4836=IFCEXTRUDEDAREASOLID(#4832,#4834,#4835,0.4);
#4837=IFCSTYLEDITEM(#4836,(#505),$);
#4838=IFCCARTESIANPOINT((0.02,0.01999999999999999));
#4839=IFCAXIS2PLACEMENT2D(#4838,$);
#4840=IFCRECTANGLEPROFILEDEF(.AREA.,$,#4839,0.04,0.03999999999999998);
#4841=IFCCARTESIANPOINT((0.,0.42,0.));
#4842=IFCAXIS2PLACEMENT3D(#4841,$,$);
#4843=IFCDIRECTION((0.,0.,1.));
#4844=IFCEXTRUDEDAREASOLID(#4840,#4842,#4843,0.4);
#4845=IFCSTYLEDITEM(#4844,(#505),$);
#4846=IFCCARTESIANPOINT((0.01999999999999999,0.01999999999999999));
#4847=IFCAXIS2PLACEMENT2D(#4846,$);
#4848=IFCRECTANGLEPROFILEDEF(.AREA.,$,#4847,0.03999999999999998,0.03999999999999998);
#4849=IFCCARTESIANPOINT((0.42,0.42,0.));
#4850=IFCAXIS2PLACEMENT3D(#4849,$,$);
#4851=IFCDIRECTION((0.,0.,1.));
#4852=IFCEXTRUDEDAREASOLID(#4848,#4850,#4851,0.4);
#4853=IFCSTYLEDITEM(#4852,(#505),$);
#4854=IFCFURNITURE('3QGU4K7SO$bpmjQ1TvBvoE',$,'Outdoor chair south 5',$,$,#4858,#4867,$,.CHAIR.);
#4855=IFCCARTESIANPOINT((-3.15,-2.75,0.));
#4856=IFCDIRECTION((-1.,0.00000000000000012246467991473532,0.));
#4857=IFCAXIS2PLACEMENT3D(#4855,$,#4856);
#4858=IFCLOCALPLACEMENT(#26,#4857);
#4859=IFCCARTESIANPOINT((0.23,0.23));
#4860=IFCAXIS2PLACEMENT2D(#4859,$);
#4861=IFCRECTANGLEPROFILEDEF(.AREA.,$,#4860,0.46,0.46);
#4862=IFCCARTESIANPOINT((0.,0.,0.4));
#4863=IFCAXIS2PLACEMENT3D(#4862,$,$);
#4864=IFCDIRECTION((0.,0.,1.));
#4865=IFCEXTRUDEDAREASOLID(#4861,#4863,#4864,0.06);
#4866=IFCSHAPEREPRESENTATION(#11,'Body','SweptSolid',(#4865,#4875,#4883,#4891,#4899,#4907));
#4867=IFCPRODUCTDEFINITIONSHAPE($,$,(#4866));
#4868=IFCSTYLEDITEM(#4865,(#3168),$);
#4869=IFCCARTESIANPOINT((0.23,0.020000000000000014));
#4870=IFCAXIS2PLACEMENT2D(#4869,$);
#4871=IFCRECTANGLEPROFILEDEF(.AREA.,$,#4870,0.46,0.04000000000000003);
#4872=IFCCARTESIANPOINT((0.,0.42,0.46));
#4873=IFCAXIS2PLACEMENT3D(#4872,$,$);
#4874=IFCDIRECTION((0.,0.,1.));
#4875=IFCEXTRUDEDAREASOLID(#4871,#4873,#4874,0.44);
#4876=IFCSTYLEDITEM(#4875,(#505),$);
#4877=IFCCARTESIANPOINT((0.02,0.02));
#4878=IFCAXIS2PLACEMENT2D(#4877,$);
#4879=IFCRECTANGLEPROFILEDEF(.AREA.,$,#4878,0.04,0.04);
#4880=IFCCARTESIANPOINT((0.,0.,0.));
#4881=IFCAXIS2PLACEMENT3D(#4880,$,$);
#4882=IFCDIRECTION((0.,0.,1.));
#4883=IFCEXTRUDEDAREASOLID(#4879,#4881,#4882,0.4);
#4884=IFCSTYLEDITEM(#4883,(#505),$);
#4885=IFCCARTESIANPOINT((0.01999999999999999,0.02));
#4886=IFCAXIS2PLACEMENT2D(#4885,$);
#4887=IFCRECTANGLEPROFILEDEF(.AREA.,$,#4886,0.03999999999999998,0.04);
#4888=IFCCARTESIANPOINT((0.42,0.,0.));
#4889=IFCAXIS2PLACEMENT3D(#4888,$,$);
#4890=IFCDIRECTION((0.,0.,1.));
#4891=IFCEXTRUDEDAREASOLID(#4887,#4889,#4890,0.4);
#4892=IFCSTYLEDITEM(#4891,(#505),$);
#4893=IFCCARTESIANPOINT((0.02,0.01999999999999999));
#4894=IFCAXIS2PLACEMENT2D(#4893,$);
#4895=IFCRECTANGLEPROFILEDEF(.AREA.,$,#4894,0.04,0.03999999999999998);
#4896=IFCCARTESIANPOINT((0.,0.42,0.));
#4897=IFCAXIS2PLACEMENT3D(#4896,$,$);
#4898=IFCDIRECTION((0.,0.,1.));
#4899=IFCEXTRUDEDAREASOLID(#4895,#4897,#4898,0.4);
#4900=IFCSTYLEDITEM(#4899,(#505),$);
#4901=IFCCARTESIANPOINT((0.01999999999999999,0.01999999999999999));
#4902=IFCAXIS2PLACEMENT2D(#4901,$);
#4903=IFCRECTANGLEPROFILEDEF(.AREA.,$,#4902,0.03999999999999998,0.03999999999999998);
#4904=IFCCARTESIANPOINT((0.42,0.42,0.));
#4905=IFCAXIS2PLACEMENT3D(#4904,$,$);
#4906=IFCDIRECTION((0.,0.,1.));
#4907=IFCEXTRUDEDAREASOLID(#4903,#4905,#4906,0.4);
#4908=IFCSTYLEDITEM(#4907,(#505),$);
#4909=IFCFURNITURE('3myKsfs9hq_R8hwXHF8aSI',$,'Outdoor chair north 5',$,$,#4912,#4921,$,.CHAIR.);
#4910=IFCCARTESIANPOINT((-3.61,-1.4,0.));
#4911=IFCAXIS2PLACEMENT3D(#4910,$,$);
#4912=IFCLOCALPLACEMENT(#26,#4911);
#4913=IFCCARTESIANPOINT((0.23,0.23));
#4914=IFCAXIS2PLACEMENT2D(#4913,$);
#4915=IFCRECTANGLEPROFILEDEF(.AREA.,$,#4914,0.46,0.46);
#4916=IFCCARTESIANPOINT((0.,0.,0.4));
#4917=IFCAXIS2PLACEMENT3D(#4916,$,$);
#4918=IFCDIRECTION((0.,0.,1.));
#4919=IFCEXTRUDEDAREASOLID(#4915,#4917,#4918,0.06);
#4920=IFCSHAPEREPRESENTATION(#11,'Body','SweptSolid',(#4919,#4929,#4937,#4945,#4953,#4961));
#4921=IFCPRODUCTDEFINITIONSHAPE($,$,(#4920));
#4922=IFCSTYLEDITEM(#4919,(#3168),$);
#4923=IFCCARTESIANPOINT((0.23,0.020000000000000014));
#4924=IFCAXIS2PLACEMENT2D(#4923,$);
#4925=IFCRECTANGLEPROFILEDEF(.AREA.,$,#4924,0.46,0.04000000000000003);
#4926=IFCCARTESIANPOINT((0.,0.42,0.46));
#4927=IFCAXIS2PLACEMENT3D(#4926,$,$);
#4928=IFCDIRECTION((0.,0.,1.));
#4929=IFCEXTRUDEDAREASOLID(#4925,#4927,#4928,0.44);
#4930=IFCSTYLEDITEM(#4929,(#505),$);
#4931=IFCCARTESIANPOINT((0.02,0.02));
#4932=IFCAXIS2PLACEMENT2D(#4931,$);
#4933=IFCRECTANGLEPROFILEDEF(.AREA.,$,#4932,0.04,0.04);
#4934=IFCCARTESIANPOINT((0.,0.,0.));
#4935=IFCAXIS2PLACEMENT3D(#4934,$,$);
#4936=IFCDIRECTION((0.,0.,1.));
#4937=IFCEXTRUDEDAREASOLID(#4933,#4935,#4936,0.4);
#4938=IFCSTYLEDITEM(#4937,(#505),$);
#4939=IFCCARTESIANPOINT((0.01999999999999999,0.02));
#4940=IFCAXIS2PLACEMENT2D(#4939,$);
#4941=IFCRECTANGLEPROFILEDEF(.AREA.,$,#4940,0.03999999999999998,0.04);
#4942=IFCCARTESIANPOINT((0.42,0.,0.));
#4943=IFCAXIS2PLACEMENT3D(#4942,$,$);
#4944=IFCDIRECTION((0.,0.,1.));
#4945=IFCEXTRUDEDAREASOLID(#4941,#4943,#4944,0.4);
#4946=IFCSTYLEDITEM(#4945,(#505),$);
#4947=IFCCARTESIANPOINT((0.02,0.01999999999999999));
#4948=IFCAXIS2PLACEMENT2D(#4947,$);
#4949=IFCRECTANGLEPROFILEDEF(.AREA.,$,#4948,0.04,0.03999999999999998);
#4950=IFCCARTESIANPOINT((0.,0.42,0.));
#4951=IFCAXIS2PLACEMENT3D(#4950,$,$);
#4952=IFCDIRECTION((0.,0.,1.));
#4953=IFCEXTRUDEDAREASOLID(#4949,#4951,#4952,0.4);
#4954=IFCSTYLEDITEM(#4953,(#505),$);
#4955=IFCCARTESIANPOINT((0.01999999999999999,0.01999999999999999));
#4956=IFCAXIS2PLACEMENT2D(#4955,$);
#4957=IFCRECTANGLEPROFILEDEF(.AREA.,$,#4956,0.03999999999999998,0.03999999999999998);
#4958=IFCCARTESIANPOINT((0.42,0.42,0.));
#4959=IFCAXIS2PLACEMENT3D(#4958,$,$);
#4960=IFCDIRECTION((0.,0.,1.));
#4961=IFCEXTRUDEDAREASOLID(#4957,#4959,#4960,0.4);
#4962=IFCSTYLEDITEM(#4961,(#505),$);
#4963=IFCLIGHTFIXTURE('3HWXot6RwhKDugIhcB4Ub8',$,'Pendant lamp 1',$,$,#4966,#4970,$,.POINTSOURCE.);
#4964=IFCCARTESIANPOINT((-5.6,-2.05,0.));
#4965=IFCAXIS2PLACEMENT3D(#4964,$,$);
#4966=IFCLOCALPLACEMENT(#26,#4965);
#4967=IFCCARTESIANPOINTLIST3D(((0.3,0.,1.75),(0.26,0.15,1.75),(0.15,0.26,1.75),(0.,0.3,1.75),(-0.15,0.26,1.75),(-0.26,0.15,1.75),(-0.3,0.,1.75),(-0.26,-0.15,1.75),(-0.15,-0.26,1.75),(0.,-0.3,1.75),(0.15,-0.26,1.75),(0.26,-0.15,1.75),(0.27,0.,1.95),(0.234,0.135,1.95),(0.135,0.234,1.95),(0.,0.27,1.95),(-0.135,0.234,1.95),(-0.234,0.135,1.95),(-0.27,0.,1.95),(-0.234,-0.135,1.95),(-0.135,-0.234,1.95),(0.,-0.27,1.95),(0.135,-0.234,1.95),(0.234,-0.135,1.95),(0.12,0.,2.12),(0.104,0.06,2.12),(0.06,0.104,2.12),(0.,0.12,2.12),(-0.06,0.104,2.12),(-0.104,0.06,2.12),(-0.12,0.,2.12),(-0.104,-0.06,2.12),(-0.06,-0.104,2.12),(0.,-0.12,2.12),(0.06,-0.104,2.12),(0.104,-0.06,2.12),(0.03,0.,2.15),(0.026,0.015,2.15),(0.015,0.026,2.15),(0.,0.03,2.15),(-0.015,0.026,2.15),(-0.026,0.015,2.15),(-0.03,0.,2.15),(-0.026,-0.015,2.15),(-0.015,-0.026,2.15),(0.,-0.03,2.15),(0.015,-0.026,2.15),(0.026,-0.015,2.15),(0.,0.,1.75),(0.,0.,2.15)));
#4968=IFCTRIANGULATEDFACESET(#4967,$,$,((1,2,14),(1,14,13),(2,3,15),(2,15,14),(3,4,16),(3,16,15),(4,5,17),(4,17,16),(5,6,18),(5,18,17),(6,7,19),(6,19,18),(7,8,20),(7,20,19),(8,9,21),(8,21,20),(9,10,22),(9,22,21),(10,11,23),(10,23,22),(11,12,24),(11,24,23),(12,1,13),(12,13,24),(13,14,26),(13,26,25),(14,15,27),(14,27,26),(15,16,28),(15,28,27),(16,17,29),(16,29,28),(17,18,30),(17,30,29),(18,19,31),(18,31,30),(19,20,32),(19,32,31),(20,21,33),(20,33,32),(21,22,34),(21,34,33),(22,23,35),(22,35,34),(23,24,36),(23,36,35),(24,13,25),(24,25,36),(25,26,38),(25,38,37),(26,27,39),(26,39,38),(27,28,40),(27,40,39),(28,29,41),(28,41,40),(29,30,42),(29,42,41),(30,31,43),(30,43,42),(31,32,44),(31,44,43),(32,33,45),(32,45,44),(33,34,46),(33,46,45),(34,35,47),(34,47,46),(35,36,48),(35,48,47),(36,25,37),(36,37,48),(49,2,1),(50,37,38),(49,3,2),(50,38,39),(49,4,3),(50,39,40),(49,5,4),(50,40,41),(49,6,5),(50,41,42),(49,7,6),(50,42,43),(49,8,7),(50,43,44),(49,9,8),(50,44,45),(49,10,9),(50,45,46),(49,11,10),(50,46,47),(49,12,11),(50,47,48),(49,1,12),(50,48,37)),$);
#4969=IFCSHAPEREPRESENTATION(#11,'Body','Tessellation',(#4968,#4976));
#4970=IFCPRODUCTDEFINITIONSHAPE($,$,(#4969));
#4971=IFCCOLOURRGB($,1.,0.85,0.55);
#4972=IFCSURFACESTYLERENDERING(#4971,0.,$,$,$,$,$,$,.NOTDEFINED.);
#4973=IFCSURFACESTYLE('rgba 1 0.85 0.55 1',.BOTH.,(#4972));
#4974=IFCSTYLEDITEM(#4968,(#4973),$);
#4975=IFCCARTESIANPOINTLIST3D(((-0.008,-0.008,2.15),(0.008,-0.008,2.15),(0.008,0.008,2.15),(-0.008,0.008,2.15),(-0.008,-0.008,2.8),(0.008,-0.008,2.8),(0.008,0.008,2.8),(-0.008,0.008,2.8)));
#4976=IFCTRIANGULATEDFACESET(#4975,$,$,((1,3,2),(1,4,3),(5,6,7),(5,7,8),(1,2,6),(1,6,5),(2,3,7),(2,7,6),(3,4,8),(3,8,7),(4,1,5),(4,5,8)),$);
#4977=IFCSTYLEDITEM(#4976,(#914),$);
#4978=IFCLIGHTFIXTURE('07808sa7Q4UILqtfILfEkP',$,'Pendant lamp 2',$,$,#4981,#4985,$,.POINTSOURCE.);
#4979=IFCCARTESIANPOINT((-3.8,-2.05,0.));
#4980=IFCAXIS2PLACEMENT3D(#4979,$,$);
#4981=IFCLOCALPLACEMENT(#26,#4980);
#4982=IFCCARTESIANPOINTLIST3D(((0.3,0.,1.75),(0.26,0.15,1.75),(0.15,0.26,1.75),(0.,0.3,1.75),(-0.15,0.26,1.75),(-0.26,0.15,1.75),(-0.3,0.,1.75),(-0.26,-0.15,1.75),(-0.15,-0.26,1.75),(0.,-0.3,1.75),(0.15,-0.26,1.75),(0.26,-0.15,1.75),(0.27,0.,1.95),(0.234,0.135,1.95),(0.135,0.234,1.95),(0.,0.27,1.95),(-0.135,0.234,1.95),(-0.234,0.135,1.95),(-0.27,0.,1.95),(-0.234,-0.135,1.95),(-0.135,-0.234,1.95),(0.,-0.27,1.95),(0.135,-0.234,1.95),(0.234,-0.135,1.95),(0.12,0.,2.12),(0.104,0.06,2.12),(0.06,0.104,2.12),(0.,0.12,2.12),(-0.06,0.104,2.12),(-0.104,0.06,2.12),(-0.12,0.,2.12),(-0.104,-0.06,2.12),(-0.06,-0.104,2.12),(0.,-0.12,2.12),(0.06,-0.104,2.12),(0.104,-0.06,2.12),(0.03,0.,2.15),(0.026,0.015,2.15),(0.015,0.026,2.15),(0.,0.03,2.15),(-0.015,0.026,2.15),(-0.026,0.015,2.15),(-0.03,0.,2.15),(-0.026,-0.015,2.15),(-0.015,-0.026,2.15),(0.,-0.03,2.15),(0.015,-0.026,2.15),(0.026,-0.015,2.15),(0.,0.,1.75),(0.,0.,2.15)));
#4983=IFCTRIANGULATEDFACESET(#4982,$,$,((1,2,14),(1,14,13),(2,3,15),(2,15,14),(3,4,16),(3,16,15),(4,5,17),(4,17,16),(5,6,18),(5,18,17),(6,7,19),(6,19,18),(7,8,20),(7,20,19),(8,9,21),(8,21,20),(9,10,22),(9,22,21),(10,11,23),(10,23,22),(11,12,24),(11,24,23),(12,1,13),(12,13,24),(13,14,26),(13,26,25),(14,15,27),(14,27,26),(15,16,28),(15,28,27),(16,17,29),(16,29,28),(17,18,30),(17,30,29),(18,19,31),(18,31,30),(19,20,32),(19,32,31),(20,21,33),(20,33,32),(21,22,34),(21,34,33),(22,23,35),(22,35,34),(23,24,36),(23,36,35),(24,13,25),(24,25,36),(25,26,38),(25,38,37),(26,27,39),(26,39,38),(27,28,40),(27,40,39),(28,29,41),(28,41,40),(29,30,42),(29,42,41),(30,31,43),(30,43,42),(31,32,44),(31,44,43),(32,33,45),(32,45,44),(33,34,46),(33,46,45),(34,35,47),(34,47,46),(35,36,48),(35,48,47),(36,25,37),(36,37,48),(49,2,1),(50,37,38),(49,3,2),(50,38,39),(49,4,3),(50,39,40),(49,5,4),(50,40,41),(49,6,5),(50,41,42),(49,7,6),(50,42,43),(49,8,7),(50,43,44),(49,9,8),(50,44,45),(49,10,9),(50,45,46),(49,11,10),(50,46,47),(49,12,11),(50,47,48),(49,1,12),(50,48,37)),$);
#4984=IFCSHAPEREPRESENTATION(#11,'Body','Tessellation',(#4983,#4988));
#4985=IFCPRODUCTDEFINITIONSHAPE($,$,(#4984));
#4986=IFCSTYLEDITEM(#4983,(#4973),$);
#4987=IFCCARTESIANPOINTLIST3D(((-0.008,-0.008,2.15),(0.008,-0.008,2.15),(0.008,0.008,2.15),(-0.008,0.008,2.15),(-0.008,-0.008,2.8),(0.008,-0.008,2.8),(0.008,0.008,2.8),(-0.008,0.008,2.8)));
#4988=IFCTRIANGULATEDFACESET(#4987,$,$,((1,3,2),(1,4,3),(5,6,7),(5,7,8),(1,2,6),(1,6,5),(2,3,7),(2,7,6),(3,4,8),(3,8,7),(4,1,5),(4,5,8)),$);
#4989=IFCSTYLEDITEM(#4988,(#914),$);
#4990=IFCFURNITURE('1Vlj$IDnxPqcpS5SC2jAi4',$,'Terrace sofa',$,$,#4993,#5002,$,.SOFA.);
#4991=IFCCARTESIANPOINT((6.6,-2.4,0.));
#4992=IFCAXIS2PLACEMENT3D(#4991,$,$);
#4993=IFCLOCALPLACEMENT(#26,#4992);
#4994=IFCCARTESIANPOINT((1.7,0.475));
#4995=IFCAXIS2PLACEMENT2D(#4994,$);
#4996=IFCRECTANGLEPROFILEDEF(.AREA.,$,#4995,3.4,0.95);
#4997=IFCCARTESIANPOINT((0.,0.,0.12));
#4998=IFCAXIS2PLACEMENT3D(#4997,$,$);
#4999=IFCDIRECTION((0.,0.,1.));
#5000=IFCEXTRUDEDAREASOLID(#4996,#4998,#4999,0.28);
#5001=IFCSHAPEREPRESENTATION(#11,'Body','SweptSolid',(#5000,#5010,#5018,#5026,#5034,#5042,#5050,#5058,#5066,#5074,#5082,#5090,#5098));
#5002=IFCPRODUCTDEFINITIONSHAPE($,$,(#5001));
#5003=IFCSTYLEDITEM(#5000,(#3185),$);
#5004=IFCCARTESIANPOINT((1.6700000000000002,0.44499999999999995));
#5005=IFCAXIS2PLACEMENT2D(#5004,$);
#5006=IFCRECTANGLEPROFILEDEF(.AREA.,$,#5005,3.3400000000000003,0.8899999999999999);
#5007=IFCCARTESIANPOINT((0.03,0.03,0.));
#5008=IFCAXIS2PLACEMENT3D(#5007,$,$);
#5009=IFCDIRECTION((0.,0.,1.));
#5010=IFCEXTRUDEDAREASOLID(#5006,#5008,#5009,0.12);
#5011=IFCSTYLEDITEM(#5010,(#505),$);
#5012=IFCCARTESIANPOINT((1.7,0.10999999999999999));
#5013=IFCAXIS2PLACEMENT2D(#5012,$);
#5014=IFCRECTANGLEPROFILEDEF(.AREA.,$,#5013,3.4,0.21999999999999997);
#5015=IFCCARTESIANPOINT((0.,0.73,0.4));
#5016=IFCAXIS2PLACEMENT3D(#5015,$,$);
#5017=IFCDIRECTION((0.,0.,1.));
#5018=IFCEXTRUDEDAREASOLID(#5014,#5016,#5017,0.41999999999999993);
#5019=IFCSTYLEDITEM(#5018,(#3200),$);
#5020=IFCCARTESIANPOINT((0.09,0.365));
#5021=IFCAXIS2PLACEMENT2D(#5020,$);
#5022=IFCRECTANGLEPROFILEDEF(.AREA.,$,#5021,0.18,0.73);
#5023=IFCCARTESIANPOINT((0.,0.,0.4));
#5024=IFCAXIS2PLACEMENT3D(#5023,$,$);
#5025=IFCDIRECTION((0.,0.,1.));
#5026=IFCEXTRUDEDAREASOLID(#5022,#5024,#5025,0.21999999999999997);
#5027=IFCSTYLEDITEM(#5026,(#3200),$);
#5028=IFCCARTESIANPOINT((0.09000000000000008,0.365));
#5029=IFCAXIS2PLACEMENT2D(#5028,$);
#5030=IFCRECTANGLEPROFILEDEF(.AREA.,$,#5029,0.18000000000000016,0.73);
#5031=IFCCARTESIANPOINT((3.22,0.,0.4));
#5032=IFCAXIS2PLACEMENT3D(#5031,$,$);
#5033=IFCDIRECTION((0.,0.,1.));
#5034=IFCEXTRUDEDAREASOLID(#5030,#5032,#5033,0.21999999999999997);
#5035=IFCSTYLEDITEM(#5034,(#3200),$);
#5036=IFCCARTESIANPOINT((0.37,0.345));
#5037=IFCAXIS2PLACEMENT2D(#5036,$);
#5038=IFCRECTANGLEPROFILEDEF(.AREA.,$,#5037,0.74,0.69);
#5039=IFCCARTESIANPOINT((0.19,0.02,0.4));
#5040=IFCAXIS2PLACEMENT3D(#5039,$,$);
#5041=IFCDIRECTION((0.,0.,1.));
#5042=IFCEXTRUDEDAREASOLID(#5038,#5040,#5041,0.14);
#5043=IFCSTYLEDITEM(#5042,(#3227),$);
#5044=IFCCARTESIANPOINT((0.34,0.07));
#5045=IFCAXIS2PLACEMENT2D(#5044,$);
#5046=IFCRECTANGLEPROFILEDEF(.AREA.,$,#5045,0.68,0.14);
#5047=IFCCARTESIANPOINT((0.22,0.59,0.54));
#5048=IFCAXIS2PLACEMENT3D(#5047,$,$);
#5049=IFCDIRECTION((0.,0.,1.));
#5050=IFCEXTRUDEDAREASOLID(#5046,#5048,#5049,0.36);
#5051=IFCSTYLEDITEM(#5050,(#3227),$);
#5052=IFCCARTESIANPOINT((0.37,0.345));
#5053=IFCAXIS2PLACEMENT2D(#5052,$);
#5054=IFCRECTANGLEPROFILEDEF(.AREA.,$,#5053,0.74,0.69);
#5055=IFCCARTESIANPOINT((0.95,0.02,0.4));
#5056=IFCAXIS2PLACEMENT3D(#5055,$,$);
#5057=IFCDIRECTION((0.,0.,1.));
#5058=IFCEXTRUDEDAREASOLID(#5054,#5056,#5057,0.14);
#5059=IFCSTYLEDITEM(#5058,(#3227),$);
#5060=IFCCARTESIANPOINT((0.3400000000000001,0.07));
#5061=IFCAXIS2PLACEMENT2D(#5060,$);
#5062=IFCRECTANGLEPROFILEDEF(.AREA.,$,#5061,0.6800000000000002,0.14);
#5063=IFCCARTESIANPOINT((0.98,0.59,0.54));
#5064=IFCAXIS2PLACEMENT3D(#5063,$,$);
#5065=IFCDIRECTION((0.,0.,1.));
#5066=IFCEXTRUDEDAREASOLID(#5062,#5064,#5065,0.36);
#5067=IFCSTYLEDITEM(#5066,(#3227),$);
#5068=IFCCARTESIANPOINT((0.3700000000000001,0.345));
#5069=IFCAXIS2PLACEMENT2D(#5068,$);
#5070=IFCRECTANGLEPROFILEDEF(.AREA.,$,#5069,0.7400000000000002,0.69);
#5071=IFCCARTESIANPOINT((1.71,0.02,0.4));
#5072=IFCAXIS2PLACEMENT3D(#5071,$,$);
#5073=IFCDIRECTION((0.,0.,1.));
#5074=IFCEXTRUDEDAREASOLID(#5070,#5072,#5073,0.14);
#5075=IFCSTYLEDITEM(#5074,(#3227),$);
#5076=IFCCARTESIANPOINT((0.3400000000000002,0.07));
#5077=IFCAXIS2PLACEMENT2D(#5076,$);
#5078=IFCRECTANGLEPROFILEDEF(.AREA.,$,#5077,0.6800000000000004,0.14);
#5079=IFCCARTESIANPOINT((1.74,0.59,0.54));
#5080=IFCAXIS2PLACEMENT3D(#5079,$,$);
#5081=IFCDIRECTION((0.,0.,1.));
#5082=IFCEXTRUDEDAREASOLID(#5078,#5080,#5081,0.36);
#5083=IFCSTYLEDITEM(#5082,(#3227),$);
#5084=IFCCARTESIANPOINT((0.3699999999999999,0.345));
#5085=IFCAXIS2PLACEMENT2D(#5084,$);
#5086=IFCRECTANGLEPROFILEDEF(.AREA.,$,#5085,0.7399999999999998,0.69);
#5087=IFCCARTESIANPOINT((2.47,0.02,0.4));
#5088=IFCAXIS2PLACEMENT3D(#5087,$,$);
#5089=IFCDIRECTION((0.,0.,1.));
#5090=IFCEXTRUDEDAREASOLID(#5086,#5088,#5089,0.14);
#5091=IFCSTYLEDITEM(#5090,(#3227),$);
#5092=IFCCARTESIANPOINT((0.33999999999999986,0.07));
#5093=IFCAXIS2PLACEMENT2D(#5092,$);
#5094=IFCRECTANGLEPROFILEDEF(.AREA.,$,#5093,0.6799999999999997,0.14);
#5095=IFCCARTESIANPOINT((2.5000000000000004,0.59,0.54));
#5096=IFCAXIS2PLACEMENT3D(#5095,$,$);
#5097=IFCDIRECTION((0.,0.,1.));
#5098=IFCEXTRUDEDAREASOLID(#5094,#5096,#5097,0.36);
#5099=IFCSTYLEDITEM(#5098,(#3227),$);
#5100=IFCFURNITURE('3A1MEbFSjr5ZU4_OR2OKtv',$,'Terrace sofa, short side',$,$,#5104,#5113,$,.SOFA.);
#5101=IFCCARTESIANPOINT((10.1,-2.5,0.));
#5102=IFCDIRECTION((0.00000000000000006123233995736766,-1.,0.));
#5103=IFCAXIS2PLACEMENT3D(#5101,$,#5102);
#5104=IFCLOCALPLACEMENT(#26,#5103);
#5105=IFCCARTESIANPOINT((1.,0.475));
#5106=IFCAXIS2PLACEMENT2D(#5105,$);
#5107=IFCRECTANGLEPROFILEDEF(.AREA.,$,#5106,2.,0.95);
#5108=IFCCARTESIANPOINT((0.,0.,0.12));
#5109=IFCAXIS2PLACEMENT3D(#5108,$,$);
#5110=IFCDIRECTION((0.,0.,1.));
#5111=IFCEXTRUDEDAREASOLID(#5107,#5109,#5110,0.28);
#5112=IFCSHAPEREPRESENTATION(#11,'Body','SweptSolid',(#5111,#5121,#5129,#5137,#5145,#5153,#5161,#5169,#5177));
#5113=IFCPRODUCTDEFINITIONSHAPE($,$,(#5112));
#5114=IFCSTYLEDITEM(#5111,(#3185),$);
#5115=IFCCARTESIANPOINT((0.97,0.44499999999999995));
#5116=IFCAXIS2PLACEMENT2D(#5115,$);
#5117=IFCRECTANGLEPROFILEDEF(.AREA.,$,#5116,1.94,0.8899999999999999);
#5118=IFCCARTESIANPOINT((0.03,0.03,0.));
#5119=IFCAXIS2PLACEMENT3D(#5118,$,$);
#5120=IFCDIRECTION((0.,0.,1.));
#5121=IFCEXTRUDEDAREASOLID(#5117,#5119,#5120,0.12);
#5122=IFCSTYLEDITEM(#5121,(#505),$);
#5123=IFCCARTESIANPOINT((1.,0.10999999999999999));
#5124=IFCAXIS2PLACEMENT2D(#5123,$);
#5125=IFCRECTANGLEPROFILEDEF(.AREA.,$,#5124,2.,0.21999999999999997);
#5126=IFCCARTESIANPOINT((0.,0.73,0.4));
#5127=IFCAXIS2PLACEMENT3D(#5126,$,$);
#5128=IFCDIRECTION((0.,0.,1.));
#5129=IFCEXTRUDEDAREASOLID(#5125,#5127,#5128,0.41999999999999993);
#5130=IFCSTYLEDITEM(#5129,(#3200),$);
#5131=IFCCARTESIANPOINT((0.09,0.365));
#5132=IFCAXIS2PLACEMENT2D(#5131,$);
#5133=IFCRECTANGLEPROFILEDEF(.AREA.,$,#5132,0.18,0.73);
#5134=IFCCARTESIANPOINT((0.,0.,0.4));
#5135=IFCAXIS2PLACEMENT3D(#5134,$,$);
#5136=IFCDIRECTION((0.,0.,1.));
#5137=IFCEXTRUDEDAREASOLID(#5133,#5135,#5136,0.21999999999999997);
#5138=IFCSTYLEDITEM(#5137,(#3200),$);
#5139=IFCCARTESIANPOINT((0.08999999999999997,0.365));
#5140=IFCAXIS2PLACEMENT2D(#5139,$);
#5141=IFCRECTANGLEPROFILEDEF(.AREA.,$,#5140,0.17999999999999994,0.73);
#5142=IFCCARTESIANPOINT((1.82,0.,0.4));
#5143=IFCAXIS2PLACEMENT3D(#5142,$,$);
#5144=IFCDIRECTION((0.,0.,1.));
#5145=IFCEXTRUDEDAREASOLID(#5141,#5143,#5144,0.21999999999999997);
#5146=IFCSTYLEDITEM(#5145,(#3200),$);
#5147=IFCCARTESIANPOINT((0.4,0.345));
#5148=IFCAXIS2PLACEMENT2D(#5147,$);
#5149=IFCRECTANGLEPROFILEDEF(.AREA.,$,#5148,0.8,0.69);
#5150=IFCCARTESIANPOINT((0.19,0.02,0.4));
#5151=IFCAXIS2PLACEMENT3D(#5150,$,$);
#5152=IFCDIRECTION((0.,0.,1.));
#5153=IFCEXTRUDEDAREASOLID(#5149,#5151,#5152,0.14);
#5154=IFCSTYLEDITEM(#5153,(#3227),$);
#5155=IFCCARTESIANPOINT((0.37000000000000005,0.07));
#5156=IFCAXIS2PLACEMENT2D(#5155,$);
#5157=IFCRECTANGLEPROFILEDEF(.AREA.,$,#5156,0.7400000000000001,0.14);
#5158=IFCCARTESIANPOINT((0.22,0.59,0.54));
#5159=IFCAXIS2PLACEMENT3D(#5158,$,$);
#5160=IFCDIRECTION((0.,0.,1.));
#5161=IFCEXTRUDEDAREASOLID(#5157,#5159,#5160,0.36);
#5162=IFCSTYLEDITEM(#5161,(#3227),$);
#5163=IFCCARTESIANPOINT((0.4,0.345));
#5164=IFCAXIS2PLACEMENT2D(#5163,$);
#5165=IFCRECTANGLEPROFILEDEF(.AREA.,$,#5164,0.8,0.69);
#5166=IFCCARTESIANPOINT((1.01,0.02,0.4));
#5167=IFCAXIS2PLACEMENT3D(#5166,$,$);
#5168=IFCDIRECTION((0.,0.,1.));
#5169=IFCEXTRUDEDAREASOLID(#5165,#5167,#5168,0.14);
#5170=IFCSTYLEDITEM(#5169,(#3227),$);
#5171=IFCCARTESIANPOINT((0.3700000000000001,0.07));
#5172=IFCAXIS2PLACEMENT2D(#5171,$);
#5173=IFCRECTANGLEPROFILEDEF(.AREA.,$,#5172,0.7400000000000002,0.14);
#5174=IFCCARTESIANPOINT((1.04,0.59,0.54));
#5175=IFCAXIS2PLACEMENT3D(#5174,$,$);
#5176=IFCDIRECTION((0.,0.,1.));
#5177=IFCEXTRUDEDAREASOLID(#5173,#5175,#5176,0.36);
#5178=IFCSTYLEDITEM(#5177,(#3227),$);
#5179=IFCFURNITURE('0UEvfbTGiDGFQVPPUAanL$',$,'Terrace coffee table',$,$,#5182,#5191,$,.TABLE.);
#5180=IFCCARTESIANPOINT((7.6,-4.2,0.));
#5181=IFCAXIS2PLACEMENT3D(#5180,$,$);
#5182=IFCLOCALPLACEMENT(#26,#5181);
#5183=IFCCARTESIANPOINT((0.75,0.4));
#5184=IFCAXIS2PLACEMENT2D(#5183,$);
#5185=IFCRECTANGLEPROFILEDEF(.AREA.,$,#5184,1.5,0.8);
#5186=IFCCARTESIANPOINT((0.,0.,0.29000000000000004));
#5187=IFCAXIS2PLACEMENT3D(#5186,$,$);
#5188=IFCDIRECTION((0.,0.,1.));
#5189=IFCEXTRUDEDAREASOLID(#5185,#5187,#5188,0.04999999999999999);
#5190=IFCSHAPEREPRESENTATION(#11,'Body','SweptSolid',(#5189,#5199,#5207,#5215,#5223));
#5191=IFCPRODUCTDEFINITIONSHAPE($,$,(#5190));
#5192=IFCSTYLEDITEM(#5189,(#439),$);
#5193=IFCCARTESIANPOINT((0.035,0.035));
#5194=IFCAXIS2PLACEMENT2D(#5193,$);
#5195=IFCRECTANGLEPROFILEDEF(.AREA.,$,#5194,0.07,0.07);
#5196=IFCCARTESIANPOINT((0.06,0.06,0.));
#5197=IFCAXIS2PLACEMENT3D(#5196,$,$);
#5198=IFCDIRECTION((0.,0.,1.));
#5199=IFCEXTRUDEDAREASOLID(#5195,#5197,#5198,0.29000000000000004);
#5200=IFCSTYLEDITEM(#5199,(#505),$);
#5201=IFCCARTESIANPOINT((0.03500000000000003,0.035));
#5202=IFCAXIS2PLACEMENT2D(#5201,$);
#5203=IFCRECTANGLEPROFILEDEF(.AREA.,$,#5202,0.07000000000000006,0.07);
#5204=IFCCARTESIANPOINT((1.37,0.06,0.));
#5205=IFCAXIS2PLACEMENT3D(#5204,$,$);
#5206=IFCDIRECTION((0.,0.,1.));
#5207=IFCEXTRUDEDAREASOLID(#5203,#5205,#5206,0.29000000000000004);
#5208=IFCSTYLEDITEM(#5207,(#505),$);
#5209=IFCCARTESIANPOINT((0.035,0.03500000000000003));
#5210=IFCAXIS2PLACEMENT2D(#5209,$);
#5211=IFCRECTANGLEPROFILEDEF(.AREA.,$,#5210,0.07,0.07000000000000006);
#5212=IFCCARTESIANPOINT((0.06,0.6699999999999999,0.));
#5213=IFCAXIS2PLACEMENT3D(#5212,$,$);
#5214=IFCDIRECTION((0.,0.,1.));
#5215=IFCEXTRUDEDAREASOLID(#5211,#5213,#5214,0.29000000000000004);
#5216=IFCSTYLEDITEM(#5215,(#505),$);
#5217=IFCCARTESIANPOINT((0.03500000000000003,0.03500000000000003));
#5218=IFCAXIS2PLACEMENT2D(#5217,$);
#5219=IFCRECTANGLEPROFILEDEF(.AREA.,$,#5218,0.07000000000000006,0.07000000000000006);
#5220=IFCCARTESIANPOINT((1.37,0.6699999999999999,0.));
#5221=IFCAXIS2PLACEMENT3D(#5220,$,$);
#5222=IFCDIRECTION((0.,0.,1.));
#5223=IFCEXTRUDEDAREASOLID(#5219,#5221,#5222,0.29000000000000004);
#5224=IFCSTYLEDITEM(#5223,(#505),$);
#5225=IFCFURNISHINGELEMENT('29OWDzEsZ7WtV34Le77Un$',$,'Terrace planter 1',$,'Planter',#5228,#5232,$);
#5226=IFCCARTESIANPOINT((-0.6,-1.,0.));
#5227=IFCAXIS2PLACEMENT3D(#5226,$,$);
#5228=IFCLOCALPLACEMENT(#26,#5227);
#5229=IFCCARTESIANPOINTLIST3D(((0.216,0.,0.),(0.187,0.108,0.),(0.108,0.187,0.),(0.,0.216,0.),(-0.108,0.187,0.),(-0.187,0.108,0.),(-0.216,0.,0.),(-0.187,-0.108,0.),(-0.108,-0.187,0.),(0.,-0.216,0.),(0.108,-0.187,0.),(0.187,-0.108,0.),(0.36,0.,0.385),(0.312,0.18,0.385),(0.18,0.312,0.385),(0.,0.36,0.385),(-0.18,0.312,0.385),(-0.312,0.18,0.385),(-0.36,0.,0.385),(-0.312,-0.18,0.385),(-0.18,-0.312,0.385),(0.,-0.36,0.385),(0.18,-0.312,0.385),(0.312,-0.18,0.385),(0.306,0.,0.7),(0.265,0.153,0.7),(0.153,0.265,0.7),(0.,0.306,0.7),(-0.153,0.265,0.7),(-0.265,0.153,0.7),(-0.306,0.,0.7),(-0.265,-0.153,0.7),(-0.153,-0.265,0.7),(0.,-0.306,0.7),(0.153,-0.265,0.7),(0.265,-0.153,0.7),(0.252,0.,0.66),(0.218,0.126,0.66),(0.126,0.218,0.66),(0.,0.252,0.66),(-0.126,0.218,0.66),(-0.218,0.126,0.66),(-0.252,0.,0.66),(-0.218,-0.126,0.66),(-0.126,-0.218,0.66),(0.,-0.252,0.66),(0.126,-0.218,0.66),(0.218,-0.126,0.66),(0.,0.,0.),(0.,0.,0.6599999999999999)));
#5230=IFCTRIANGULATEDFACESET(#5229,$,$,((1,2,14),(1,14,13),(2,3,15),(2,15,14),(3,4,16),(3,16,15),(4,5,17),(4,17,16),(5,6,18),(5,18,17),(6,7,19),(6,19,18),(7,8,20),(7,20,19),(8,9,21),(8,21,20),(9,10,22),(9,22,21),(10,11,23),(10,23,22),(11,12,24),(11,24,23),(12,1,13),(12,13,24),(13,14,26),(13,26,25),(14,15,27),(14,27,26),(15,16,28),(15,28,27),(16,17,29),(16,29,28),(17,18,30),(17,30,29),(18,19,31),(18,31,30),(19,20,32),(19,32,31),(20,21,33),(20,33,32),(21,22,34),(21,34,33),(22,23,35),(22,35,34),(23,24,36),(23,36,35),(24,13,25),(24,25,36),(25,26,38),(25,38,37),(26,27,39),(26,39,38),(27,28,40),(27,40,39),(28,29,41),(28,41,40),(29,30,42),(29,42,41),(30,31,43),(30,43,42),(31,32,44),(31,44,43),(32,33,45),(32,45,44),(33,34,46),(33,46,45),(34,35,47),(34,47,46),(35,36,48),(35,48,47),(36,25,37),(36,37,48),(49,2,1),(50,37,38),(49,3,2),(50,38,39),(49,4,3),(50,39,40),(49,5,4),(50,40,41),(49,6,5),(50,41,42),(49,7,6),(50,42,43),(49,8,7),(50,43,44),(49,9,8),(50,44,45),(49,10,9),(50,45,46),(49,11,10),(50,46,47),(49,12,11),(50,47,48),(49,1,12),(50,48,37)),$);
#5231=IFCSHAPEREPRESENTATION(#11,'Body','Tessellation',(#5230,#5241,#5244));
#5232=IFCPRODUCTDEFINITIONSHAPE($,$,(#5231));
#5233=IFCCOLOURRGB($,0.8,0.62,0.42);
#5234=IFCSURFACESTYLERENDERING(#5233,0.,$,$,$,$,$,$,.NOTDEFINED.);
#5235=IFCSURFACESTYLE('rgba 0.8 0.62 0.42 1',.BOTH.,(#5234));
#5236=IFCSTYLEDITEM(#5230,(#5235),$);
#5237=IFCCOLOURRGB($,0.22,0.42,0.16);
#5238=IFCSURFACESTYLERENDERING(#5237,0.,$,$,$,$,$,$,.NOTDEFINED.);
#5239=IFCSURFACESTYLE('colour 0.22 0.42 0.16',.BOTH.,(#5238));
#5240=IFCCARTESIANPOINTLIST3D(((0.02,0.,1.295),(0.014,0.014,1.295),(0.,0.02,1.295),(-0.014,0.014,1.295),(-0.02,0.,1.295),(-0.014,-0.014,1.295),(0.,-0.02,1.295),(0.014,-0.014,1.295),(0.323,0.,1.369),(0.228,0.228,1.369),(0.,0.323,1.369),(-0.228,0.228,1.369),(-0.323,0.,1.369),(-0.228,-0.228,1.369),(0.,-0.323,1.369),(0.228,-0.228,1.369),(0.559,0.,1.571),(0.396,0.396,1.571),(0.,0.559,1.571),(-0.396,0.396,1.571),(-0.559,0.,1.571),(-0.396,-0.396,1.571),(0.,-0.559,1.571),(0.396,-0.396,1.571),(0.646,0.,1.847),(0.457,0.457,1.847),(0.,0.646,1.847),(-0.457,0.457,1.847),(-0.646,0.,1.847),(-0.457,-0.457,1.847),(0.,-0.646,1.847),(0.457,-0.457,1.847),(0.559,0.,2.124),(0.396,0.396,2.124),(0.,0.559,2.124),(-0.396,0.396,2.124),(-0.559,0.,2.124),(-0.396,-0.396,2.124),(0.,-0.559,2.124),(0.396,-0.396,2.124),(0.323,0.,2.326),(0.228,0.228,2.326),(0.,0.323,2.326),(-0.228,0.228,2.326),(-0.323,0.,2.326),(-0.228,-0.228,2.326),(0.,-0.323,2.326),(0.228,-0.228,2.326),(0.02,0.,2.4),(0.014,0.014,2.4),(0.,0.02,2.4),(-0.014,0.014,2.4),(-0.02,0.,2.4),(-0.014,-0.014,2.4),(0.,-0.02,2.4),(0.014,-0.014,2.4),(0.,0.,1.295),(0.,0.,2.4),(0.17,0.1,1.04),(0.164,0.114,1.04),(0.15,0.12,1.04),(0.136,0.114,1.04),(0.13,0.1,1.04),(0.136,0.086,1.04),(0.15,0.08,1.04),(0.164,0.086,1.04),(0.362,0.1,1.086),(0.3,0.25,1.086),(0.15,0.313,1.086),(0.,0.25,1.086),(-0.062,0.1,1.086),(0.,-0.05,1.086),(0.15,-0.112,1.086),(0.3,-0.05,1.086),(0.518,0.1,1.21),(0.41,0.36,1.21),(0.15,0.468,1.21),(-0.11,0.36,1.21),(-0.218,0.1,1.21),(-0.11,-0.16,1.21),(0.15,-0.268,1.21),(0.41,-0.16,1.21),(0.575,0.1,1.38),(0.451,0.401,1.38),(0.15,0.525,1.38),(-0.151,0.401,1.38),(-0.275,0.1,1.38),(-0.151,-0.201,1.38),(0.15,-0.325,1.38),(0.451,-0.201,1.38),(0.518,0.1,1.55),(0.41,0.36,1.55),(0.15,0.468,1.55),(-0.11,0.36,1.55),(-0.218,0.1,1.55),(-0.11,-0.16,1.55),(0.15,-0.268,1.55),(0.41,-0.16,1.55),(0.362,0.1,1.674),(0.3,0.25,1.674),(0.15,0.313,1.674),(0.,0.25,1.674),(-0.062,0.1,1.674),(0.,-0.05,1.674),(0.15,-0.112,1.674),(0.3,-0.05,1.674),(0.17,0.1,1.72),(0.164,0.114,1.72),(0.15,0.12,1.72),(0.136,0.114,1.72),(0.13,0.1,1.72),(0.136,0.086,1.72),(0.15,0.08,1.72),(0.164,0.086,1.72),(0.15,0.1,1.04),(0.15,0.1,1.7200000000000002)));
#5241=IFCTRIANGULATEDFACESET(#5240,$,$,((1,2,10),(1,10,9),(2,3,11),(2,11,10),(3,4,12),(3,12,11),(4,5,13),(4,13,12),(5,6,14),(5,14,13),(6,7,15),(6,15,14),(7,8,16),(7,16,15),(8,1,9),(8,9,16),(9,10,18),(9,18,17),(10,11,19),(10,19,18),(11,12,20),(11,20,19),(12,13,21),(12,21,20),(13,14,22),(13,22,21),(14,15,23),(14,23,22),(15,16,24),(15,24,23),(16,9,17),(16,17,24),(17,18,26),(17,26,25),(18,19,27),(18,27,26),(19,20,28),(19,28,27),(20,21,29),(20,29,28),(21,22,30),(21,30,29),(22,23,31),(22,31,30),(23,24,32),(23,32,31),(24,17,25),(24,25,32),(25,26,34),(25,34,33),(26,27,35),(26,35,34),(27,28,36),(27,36,35),(28,29,37),(28,37,36),(29,30,38),(29,38,37),(30,31,39),(30,39,38),(31,32,40),(31,40,39),(32,25,33),(32,33,40),(33,34,42),(33,42,41),(34,35,43),(34,43,42),(35,36,44),(35,44,43),(36,37,45),(36,45,44),(37,38,46),(37,46,45),(38,39,47),(38,47,46),(39,40,48),(39,48,47),(40,33,41),(40,41,48),(41,42,50),(41,50,49),(42,43,51),(42,51,50),(43,44,52),(43,52,51),(44,45,53),(44,53,52),(45,46,54),(45,54,53),(46,47,55),(46,55,54),(47,48,56),(47,56,55),(48,41,49),(48,49,56),(57,2,1),(58,49,50),(57,3,2),(58,50,51),(57,4,3),(58,51,52),(57,5,4),(58,52,53),(57,6,5),(58,53,54),(57,7,6),(58,54,55),(57,8,7),(58,55,56),(57,1,8),(58,56,49),(59,60,68),(59,68,67),(60,61,69),(60,69,68),(61,62,70),(61,70,69),(62,63,71),(62,71,70),(63,64,72),(63,72,71),(64,65,73),(64,73,72),(65,66,74),(65,74,73),(66,59,67),(66,67,74),(67,68,76),(67,76,75),(68,69,77),(68,77,76),(69,70,78),(69,78,77),(70,71,79),(70,79,78),(71,72,80),(71,80,79),(72,73,81),(72,81,80),(73,74,82),(73,82,81),(74,67,75),(74,75,82),(75,76,84),(75,84,83),(76,77,85),(76,85,84),(77,78,86),(77,86,85),(78,79,87),(78,87,86),(79,80,88),(79,88,87),(80,81,89),(80,89,88),(81,82,90),(81,90,89),(82,75,83),(82,83,90),(83,84,92),(83,92,91),(84,85,93),(84,93,92),(85,86,94),(85,94,93),(86,87,95),(86,95,94),(87,88,96),(87,96,95),(88,89,97),(88,97,96),(89,90,98),(89,98,97),(90,83,91),(90,91,98),(91,92,100),(91,100,99),(92,93,101),(92,101,100),(93,94,102),(93,102,101),(94,95,103),(94,103,102),(95,96,104),(95,104,103),(96,97,105),(96,105,104),(97,98,106),(97,106,105),(98,91,99),(98,99,106),(99,100,108),(99,108,107),(100,101,109),(100,109,108),(101,102,110),(101,110,109),(102,103,111),(102,111,110),(103,104,112),(103,112,111),(104,105,113),(104,113,112),(105,106,114),(105,114,113),(106,99,107),(106,107,114),(115,60,59),(116,107,108),(115,61,60),(116,108,109),(115,62,61),(116,109,110),(115,63,62),(116,110,111),(115,64,63),(116,111,112),(115,65,64),(116,112,113),(115,66,65),(116,113,114),(115,59,66),(116,114,107)),$);
#5242=IFCSTYLEDITEM(#5241,(#5239),$);
#5243=IFCCARTESIANPOINTLIST3D(((0.035,0.,0.65),(0.018,0.03,0.65),(-0.017,0.03,0.65),(-0.035,0.,0.65),(-0.018,-0.03,0.65),(0.018,-0.03,0.65),(0.03,0.,1.55),(0.015,0.026,1.55),(-0.015,0.026,1.55),(-0.03,0.,1.55),(-0.015,-0.026,1.55),(0.015,-0.026,1.55),(0.,0.,0.6499999999999999),(0.,0.,1.5499999999999998)));
#5244=IFCTRIANGULATEDFACESET(#5243,$,$,((1,2,8),(1,8,7),(2,3,9),(2,9,8),(3,4,10),(3,10,9),(4,5,11),(4,11,10),(5,6,12),(5,12,11),(6,1,7),(6,7,12),(13,2,1),(14,7,8),(13,3,2),(14,8,9),(13,4,3),(14,9,10),(13,5,4),(14,10,11),(13,6,5),(14,11,12),(13,1,6),(14,12,7)),$);
#5245=IFCSTYLEDITEM(#5244,(#505),$);
#5246=IFCFURNISHINGELEMENT('049AUWnELO1YOqCtmms2LJ',$,'Terrace planter 2',$,'Planter',#5249,#5253,$);
#5247=IFCCARTESIANPOINT((0.9,-1.1,0.));
#5248=IFCAXIS2PLACEMENT3D(#5247,$,$);
#5249=IFCLOCALPLACEMENT(#26,#5248);
#5250=IFCCARTESIANPOINTLIST3D(((0.216,0.,0.),(0.187,0.108,0.),(0.108,0.187,0.),(0.,0.216,0.),(-0.108,0.187,0.),(-0.187,0.108,0.),(-0.216,0.,0.),(-0.187,-0.108,0.),(-0.108,-0.187,0.),(0.,-0.216,0.),(0.108,-0.187,0.),(0.187,-0.108,0.),(0.36,0.,0.385),(0.312,0.18,0.385),(0.18,0.312,0.385),(0.,0.36,0.385),(-0.18,0.312,0.385),(-0.312,0.18,0.385),(-0.36,0.,0.385),(-0.312,-0.18,0.385),(-0.18,-0.312,0.385),(0.,-0.36,0.385),(0.18,-0.312,0.385),(0.312,-0.18,0.385),(0.306,0.,0.7),(0.265,0.153,0.7),(0.153,0.265,0.7),(0.,0.306,0.7),(-0.153,0.265,0.7),(-0.265,0.153,0.7),(-0.306,0.,0.7),(-0.265,-0.153,0.7),(-0.153,-0.265,0.7),(0.,-0.306,0.7),(0.153,-0.265,0.7),(0.265,-0.153,0.7),(0.252,0.,0.66),(0.218,0.126,0.66),(0.126,0.218,0.66),(0.,0.252,0.66),(-0.126,0.218,0.66),(-0.218,0.126,0.66),(-0.252,0.,0.66),(-0.218,-0.126,0.66),(-0.126,-0.218,0.66),(0.,-0.252,0.66),(0.126,-0.218,0.66),(0.218,-0.126,0.66),(0.,0.,0.),(0.,0.,0.6599999999999999)));
#5251=IFCTRIANGULATEDFACESET(#5250,$,$,((1,2,14),(1,14,13),(2,3,15),(2,15,14),(3,4,16),(3,16,15),(4,5,17),(4,17,16),(5,6,18),(5,18,17),(6,7,19),(6,19,18),(7,8,20),(7,20,19),(8,9,21),(8,21,20),(9,10,22),(9,22,21),(10,11,23),(10,23,22),(11,12,24),(11,24,23),(12,1,13),(12,13,24),(13,14,26),(13,26,25),(14,15,27),(14,27,26),(15,16,28),(15,28,27),(16,17,29),(16,29,28),(17,18,30),(17,30,29),(18,19,31),(18,31,30),(19,20,32),(19,32,31),(20,21,33),(20,33,32),(21,22,34),(21,34,33),(22,23,35),(22,35,34),(23,24,36),(23,36,35),(24,13,25),(24,25,36),(25,26,38),(25,38,37),(26,27,39),(26,39,38),(27,28,40),(27,40,39),(28,29,41),(28,41,40),(29,30,42),(29,42,41),(30,31,43),(30,43,42),(31,32,44),(31,44,43),(32,33,45),(32,45,44),(33,34,46),(33,46,45),(34,35,47),(34,47,46),(35,36,48),(35,48,47),(36,25,37),(36,37,48),(49,2,1),(50,37,38),(49,3,2),(50,38,39),(49,4,3),(50,39,40),(49,5,4),(50,40,41),(49,6,5),(50,41,42),(49,7,6),(50,42,43),(49,8,7),(50,43,44),(49,9,8),(50,44,45),(49,10,9),(50,45,46),(49,11,10),(50,46,47),(49,12,11),(50,47,48),(49,1,12),(50,48,37)),$);
#5252=IFCSHAPEREPRESENTATION(#11,'Body','Tessellation',(#5251,#5256,#5259));
#5253=IFCPRODUCTDEFINITIONSHAPE($,$,(#5252));
#5254=IFCSTYLEDITEM(#5251,(#5235),$);
#5255=IFCCARTESIANPOINTLIST3D(((0.02,0.,1.365),(0.014,0.014,1.365),(0.,0.02,1.365),(-0.014,0.014,1.365),(-0.02,0.,1.365),(-0.014,-0.014,1.365),(0.,-0.02,1.365),(0.014,-0.014,1.365),(0.361,0.,1.448),(0.255,0.255,1.448),(0.,0.361,1.448),(-0.255,0.255,1.448),(-0.361,0.,1.448),(-0.255,-0.255,1.448),(0.,-0.361,1.448),(0.255,-0.255,1.448),(0.625,0.,1.674),(0.442,0.442,1.674),(0.,0.625,1.674),(-0.442,0.442,1.674),(-0.625,0.,1.674),(-0.442,-0.442,1.674),(0.,-0.625,1.674),(0.442,-0.442,1.674),(0.722,0.,1.982),(0.511,0.511,1.982),(0.,0.722,1.982),(-0.511,0.511,1.982),(-0.722,0.,1.982),(-0.511,-0.511,1.982),(0.,-0.722,1.982),(0.511,-0.511,1.982),(0.625,0.,2.291),(0.442,0.442,2.291),(0.,0.625,2.291),(-0.442,0.442,2.291),(-0.625,0.,2.291),(-0.442,-0.442,2.291),(0.,-0.625,2.291),(0.442,-0.442,2.291),(0.361,0.,2.517),(0.255,0.255,2.517),(0.,0.361,2.517),(-0.255,0.255,2.517),(-0.361,0.,2.517),(-0.255,-0.255,2.517),(0.,-0.361,2.517),(0.255,-0.255,2.517),(0.02,0.,2.6),(0.014,0.014,2.6),(0.,0.02,2.6),(-0.014,0.014,2.6),(-0.02,0.,2.6),(-0.014,-0.014,2.6),(0.,-0.02,2.6),(0.014,-0.014,2.6),(0.,0.,1.3649999999999998),(0.,0.,2.5999999999999996),(0.17,0.1,1.08),(0.164,0.114,1.08),(0.15,0.12,1.08),(0.136,0.114,1.08),(0.13,0.1,1.08),(0.136,0.086,1.08),(0.15,0.08,1.08),(0.164,0.086,1.08),(0.387,0.1,1.131),(0.318,0.268,1.131),(0.15,0.337,1.131),(-0.018,0.268,1.131),(-0.087,0.1,1.131),(-0.018,-0.068,1.131),(0.15,-0.137,1.131),(0.318,-0.068,1.131),(0.561,0.1,1.27),(0.441,0.391,1.27),(0.15,0.511,1.27),(-0.141,0.391,1.27),(-0.261,0.1,1.27),(-0.141,-0.191,1.27),(0.15,-0.311,1.27),(0.441,-0.191,1.27),(0.625,0.1,1.46),(0.486,0.436,1.46),(0.15,0.575,1.46),(-0.186,0.436,1.46),(-0.325,0.1,1.46),(-0.186,-0.236,1.46),(0.15,-0.375,1.46),(0.486,-0.236,1.46),(0.561,0.1,1.65),(0.441,0.391,1.65),(0.15,0.511,1.65),(-0.141,0.391,1.65),(-0.261,0.1,1.65),(-0.141,-0.191,1.65),(0.15,-0.311,1.65),(0.441,-0.191,1.65),(0.387,0.1,1.789),(0.318,0.268,1.789),(0.15,0.337,1.789),(-0.018,0.268,1.789),(-0.087,0.1,1.789),(-0.018,-0.068,1.789),(0.15,-0.137,1.789),(0.318,-0.068,1.789),(0.17,0.1,1.84),(0.164,0.114,1.84),(0.15,0.12,1.84),(0.136,0.114,1.84),(0.13,0.1,1.84),(0.136,0.086,1.84),(0.15,0.08,1.84),(0.164,0.086,1.84),(0.15,0.1,1.08),(0.15,0.1,1.84)));
#5256=IFCTRIANGULATEDFACESET(#5255,$,$,((1,2,10),(1,10,9),(2,3,11),(2,11,10),(3,4,12),(3,12,11),(4,5,13),(4,13,12),(5,6,14),(5,14,13),(6,7,15),(6,15,14),(7,8,16),(7,16,15),(8,1,9),(8,9,16),(9,10,18),(9,18,17),(10,11,19),(10,19,18),(11,12,20),(11,20,19),(12,13,21),(12,21,20),(13,14,22),(13,22,21),(14,15,23),(14,23,22),(15,16,24),(15,24,23),(16,9,17),(16,17,24),(17,18,26),(17,26,25),(18,19,27),(18,27,26),(19,20,28),(19,28,27),(20,21,29),(20,29,28),(21,22,30),(21,30,29),(22,23,31),(22,31,30),(23,24,32),(23,32,31),(24,17,25),(24,25,32),(25,26,34),(25,34,33),(26,27,35),(26,35,34),(27,28,36),(27,36,35),(28,29,37),(28,37,36),(29,30,38),(29,38,37),(30,31,39),(30,39,38),(31,32,40),(31,40,39),(32,25,33),(32,33,40),(33,34,42),(33,42,41),(34,35,43),(34,43,42),(35,36,44),(35,44,43),(36,37,45),(36,45,44),(37,38,46),(37,46,45),(38,39,47),(38,47,46),(39,40,48),(39,48,47),(40,33,41),(40,41,48),(41,42,50),(41,50,49),(42,43,51),(42,51,50),(43,44,52),(43,52,51),(44,45,53),(44,53,52),(45,46,54),(45,54,53),(46,47,55),(46,55,54),(47,48,56),(47,56,55),(48,41,49),(48,49,56),(57,2,1),(58,49,50),(57,3,2),(58,50,51),(57,4,3),(58,51,52),(57,5,4),(58,52,53),(57,6,5),(58,53,54),(57,7,6),(58,54,55),(57,8,7),(58,55,56),(57,1,8),(58,56,49),(59,60,68),(59,68,67),(60,61,69),(60,69,68),(61,62,70),(61,70,69),(62,63,71),(62,71,70),(63,64,72),(63,72,71),(64,65,73),(64,73,72),(65,66,74),(65,74,73),(66,59,67),(66,67,74),(67,68,76),(67,76,75),(68,69,77),(68,77,76),(69,70,78),(69,78,77),(70,71,79),(70,79,78),(71,72,80),(71,80,79),(72,73,81),(72,81,80),(73,74,82),(73,82,81),(74,67,75),(74,75,82),(75,76,84),(75,84,83),(76,77,85),(76,85,84),(77,78,86),(77,86,85),(78,79,87),(78,87,86),(79,80,88),(79,88,87),(80,81,89),(80,89,88),(81,82,90),(81,90,89),(82,75,83),(82,83,90),(83,84,92),(83,92,91),(84,85,93),(84,93,92),(85,86,94),(85,94,93),(86,87,95),(86,95,94),(87,88,96),(87,96,95),(88,89,97),(88,97,96),(89,90,98),(89,98,97),(90,83,91),(90,91,98),(91,92,100),(91,100,99),(92,93,101),(92,101,100),(93,94,102),(93,102,101),(94,95,103),(94,103,102),(95,96,104),(95,104,103),(96,97,105),(96,105,104),(97,98,106),(97,106,105),(98,91,99),(98,99,106),(99,100,108),(99,108,107),(100,101,109),(100,109,108),(101,102,110),(101,110,109),(102,103,111),(102,111,110),(103,104,112),(103,112,111),(104,105,113),(104,113,112),(105,106,114),(105,114,113),(106,99,107),(106,107,114),(115,60,59),(116,107,108),(115,61,60),(116,108,109),(115,62,61),(116,109,110),(115,63,62),(116,110,111),(115,64,63),(116,111,112),(115,65,64),(116,112,113),(115,66,65),(116,113,114),(115,59,66),(116,114,107)),$);
#5257=IFCSTYLEDITEM(#5256,(#5239),$);
#5258=IFCCARTESIANPOINTLIST3D(((0.035,0.,0.65),(0.018,0.03,0.65),(-0.017,0.03,0.65),(-0.035,0.,0.65),(-0.018,-0.03,0.65),(0.018,-0.03,0.65),(0.03,0.,1.65),(0.015,0.026,1.65),(-0.015,0.026,1.65),(-0.03,0.,1.65),(-0.015,-0.026,1.65),(0.015,-0.026,1.65),(0.,0.,0.6499999999999999),(0.,0.,1.65)));
#5259=IFCTRIANGULATEDFACESET(#5258,$,$,((1,2,8),(1,8,7),(2,3,9),(2,9,8),(3,4,10),(3,10,9),(4,5,11),(4,11,10),(5,6,12),(5,12,11),(6,1,7),(6,7,12),(13,2,1),(14,7,8),(13,3,2),(14,8,9),(13,4,3),(14,9,10),(13,5,4),(14,10,11),(13,6,5),(14,11,12),(13,1,6),(14,12,7)),$);
#5260=IFCSTYLEDITEM(#5259,(#505),$);
#5261=IFCFURNISHINGELEMENT('00i$ryNNhz_tf9CsePKeUj',$,'Terrace planter 3',$,'Planter',#5264,#5268,$);
#5262=IFCCARTESIANPOINT((-1.6,-0.2,0.));
#5263=IFCAXIS2PLACEMENT3D(#5262,$,$);
#5264=IFCLOCALPLACEMENT(#26,#5263);
#5265=IFCCARTESIANPOINTLIST3D(((0.18,0.,0.),(0.156,0.09,0.),(0.09,0.156,0.),(0.,0.18,0.),(-0.09,0.156,0.),(-0.156,0.09,0.),(-0.18,0.,0.),(-0.156,-0.09,0.),(-0.09,-0.156,0.),(0.,-0.18,0.),(0.09,-0.156,0.),(0.156,-0.09,0.),(0.3,0.,0.303),(0.26,0.15,0.303),(0.15,0.26,0.303),(0.,0.3,0.303),(-0.15,0.26,0.303),(-0.26,0.15,0.303),(-0.3,0.,0.303),(-0.26,-0.15,0.303),(-0.15,-0.26,0.303),(0.,-0.3,0.303),(0.15,-0.26,0.303),(0.26,-0.15,0.303),(0.255,0.,0.55),(0.221,0.127,0.55),(0.128,0.221,0.55),(0.,0.255,0.55),(-0.127,0.221,0.55),(-0.221,0.127,0.55),(-0.255,0.,0.55),(-0.221,-0.127,0.55),(-0.128,-0.221,0.55),(0.,-0.255,0.55),(0.128,-0.221,0.55),(0.221,-0.128,0.55),(0.21,0.,0.51),(0.182,0.105,0.51),(0.105,0.182,0.51),(0.,0.21,0.51),(-0.105,0.182,0.51),(-0.182,0.105,0.51),(-0.21,0.,0.51),(-0.182,-0.105,0.51),(-0.105,-0.182,0.51),(0.,-0.21,0.51),(0.105,-0.182,0.51),(0.182,-0.105,0.51),(0.,0.,0.),(0.,0.,0.51)));
#5266=IFCTRIANGULATEDFACESET(#5265,$,$,((1,2,14),(1,14,13),(2,3,15),(2,15,14),(3,4,16),(3,16,15),(4,5,17),(4,17,16),(5,6,18),(5,18,17),(6,7,19),(6,19,18),(7,8,20),(7,20,19),(8,9,21),(8,21,20),(9,10,22),(9,22,21),(10,11,23),(10,23,22),(11,12,24),(11,24,23),(12,1,13),(12,13,24),(13,14,26),(13,26,25),(14,15,27),(14,27,26),(15,16,28),(15,28,27),(16,17,29),(16,29,28),(17,18,30),(17,30,29),(18,19,31),(18,31,30),(19,20,32),(19,32,31),(20,21,33),(20,33,32),(21,22,34),(21,34,33),(22,23,35),(22,35,34),(23,24,36),(23,36,35),(24,13,25),(24,25,36),(25,26,38),(25,38,37),(26,27,39),(26,39,38),(27,28,40),(27,40,39),(28,29,41),(28,41,40),(29,30,42),(29,42,41),(30,31,43),(30,43,42),(31,32,44),(31,44,43),(32,33,45),(32,45,44),(33,34,46),(33,46,45),(34,35,47),(34,47,46),(35,36,48),(35,48,47),(36,25,37),(36,37,48),(49,2,1),(50,37,38),(49,3,2),(50,38,39),(49,4,3),(50,39,40),(49,5,4),(50,40,41),(49,6,5),(50,41,42),(49,7,6),(50,42,43),(49,8,7),(50,43,44),(49,9,8),(50,44,45),(49,10,9),(50,45,46),(49,11,10),(50,46,47),(49,12,11),(50,47,48),(49,1,12),(50,48,37)),$);
#5267=IFCSHAPEREPRESENTATION(#11,'Body','Tessellation',(#5266,#5271,#5274));
#5268=IFCPRODUCTDEFINITIONSHAPE($,$,(#5267));
#5269=IFCSTYLEDITEM(#5266,(#5235),$);
#5270=IFCCARTESIANPOINTLIST3D(((0.02,0.,0.97),(0.014,0.014,0.97),(0.,0.02,0.97),(-0.014,0.014,0.97),(-0.02,0.,0.97),(-0.014,-0.014,0.97),(0.,-0.02,0.97),(0.014,-0.014,0.97),(0.228,0.,1.022),(0.161,0.161,1.022),(0.,0.228,1.022),(-0.161,0.161,1.022),(-0.228,0.,1.022),(-0.161,-0.161,1.022),(0.,-0.228,1.022),(0.161,-0.161,1.022),(0.395,0.,1.165),(0.279,0.279,1.165),(0.,0.395,1.165),(-0.279,0.279,1.165),(-0.395,0.,1.165),(-0.279,-0.279,1.165),(0.,-0.395,1.165),(0.279,-0.279,1.165),(0.456,0.,1.36),(0.322,0.322,1.36),(0.,0.456,1.36),(-0.322,0.322,1.36),(-0.456,0.,1.36),(-0.322,-0.322,1.36),(0.,-0.456,1.36),(0.322,-0.322,1.36),(0.395,0.,1.555),(0.279,0.279,1.555),(0.,0.395,1.555),(-0.279,0.279,1.555),(-0.395,0.,1.555),(-0.279,-0.279,1.555),(0.,-0.395,1.555),(0.279,-0.279,1.555),(0.228,0.,1.698),(0.161,0.161,1.698),(0.,0.228,1.698),(-0.161,0.161,1.698),(-0.228,0.,1.698),(-0.161,-0.161,1.698),(0.,-0.228,1.698),(0.161,-0.161,1.698),(0.02,0.,1.75),(0.014,0.014,1.75),(0.,0.02,1.75),(-0.014,0.014,1.75),(-0.02,0.,1.75),(-0.014,-0.014,1.75),(0.,-0.02,1.75),(0.014,-0.014,1.75),(0.,0.,0.97),(0.,0.,1.75),(0.17,0.1,0.79),(0.164,0.114,0.79),(0.15,0.12,0.79),(0.136,0.114,0.79),(0.13,0.1,0.79),(0.136,0.086,0.79),(0.15,0.08,0.79),(0.164,0.086,0.79),(0.3,0.1,0.822),(0.256,0.206,0.822),(0.15,0.25,0.822),(0.044,0.206,0.822),(0.,0.1,0.822),(0.044,-0.006,0.822),(0.15,-0.05,0.822),(0.256,-0.006,0.822),(0.41,0.1,0.91),(0.334,0.284,0.91),(0.15,0.36,0.91),(-0.034,0.284,0.91),(-0.11,0.1,0.91),(-0.034,-0.084,0.91),(0.15,-0.16,0.91),(0.334,-0.084,0.91),(0.45,0.1,1.03),(0.362,0.312,1.03),(0.15,0.4,1.03),(-0.062,0.312,1.03),(-0.15,0.1,1.03),(-0.062,-0.112,1.03),(0.15,-0.2,1.03),(0.362,-0.112,1.03),(0.41,0.1,1.15),(0.334,0.284,1.15),(0.15,0.36,1.15),(-0.034,0.284,1.15),(-0.11,0.1,1.15),(-0.034,-0.084,1.15),(0.15,-0.16,1.15),(0.334,-0.084,1.15),(0.3,0.1,1.238),(0.256,0.206,1.238),(0.15,0.25,1.238),(0.044,0.206,1.238),(0.,0.1,1.238),(0.044,-0.006,1.238),(0.15,-0.05,1.238),(0.256,-0.006,1.238),(0.17,0.1,1.27),(0.164,0.114,1.27),(0.15,0.12,1.27),(0.136,0.114,1.27),(0.13,0.1,1.27),(0.136,0.086,1.27),(0.15,0.08,1.27),(0.164,0.086,1.27),(0.15,0.1,0.79),(0.15,0.1,1.27)));
#5271=IFCTRIANGULATEDFACESET(#5270,$,$,((1,2,10),(1,10,9),(2,3,11),(2,11,10),(3,4,12),(3,12,11),(4,5,13),(4,13,12),(5,6,14),(5,14,13),(6,7,15),(6,15,14),(7,8,16),(7,16,15),(8,1,9),(8,9,16),(9,10,18),(9,18,17),(10,11,19),(10,19,18),(11,12,20),(11,20,19),(12,13,21),(12,21,20),(13,14,22),(13,22,21),(14,15,23),(14,23,22),(15,16,24),(15,24,23),(16,9,17),(16,17,24),(17,18,26),(17,26,25),(18,19,27),(18,27,26),(19,20,28),(19,28,27),(20,21,29),(20,29,28),(21,22,30),(21,30,29),(22,23,31),(22,31,30),(23,24,32),(23,32,31),(24,17,25),(24,25,32),(25,26,34),(25,34,33),(26,27,35),(26,35,34),(27,28,36),(27,36,35),(28,29,37),(28,37,36),(29,30,38),(29,38,37),(30,31,39),(30,39,38),(31,32,40),(31,40,39),(32,25,33),(32,33,40),(33,34,42),(33,42,41),(34,35,43),(34,43,42),(35,36,44),(35,44,43),(36,37,45),(36,45,44),(37,38,46),(37,46,45),(38,39,47),(38,47,46),(39,40,48),(39,48,47),(40,33,41),(40,41,48),(41,42,50),(41,50,49),(42,43,51),(42,51,50),(43,44,52),(43,52,51),(44,45,53),(44,53,52),(45,46,54),(45,54,53),(46,47,55),(46,55,54),(47,48,56),(47,56,55),(48,41,49),(48,49,56),(57,2,1),(58,49,50),(57,3,2),(58,50,51),(57,4,3),(58,51,52),(57,5,4),(58,52,53),(57,6,5),(58,53,54),(57,7,6),(58,54,55),(57,8,7),(58,55,56),(57,1,8),(58,56,49),(59,60,68),(59,68,67),(60,61,69),(60,69,68),(61,62,70),(61,70,69),(62,63,71),(62,71,70),(63,64,72),(63,72,71),(64,65,73),(64,73,72),(65,66,74),(65,74,73),(66,59,67),(66,67,74),(67,68,76),(67,76,75),(68,69,77),(68,77,76),(69,70,78),(69,78,77),(70,71,79),(70,79,78),(71,72,80),(71,80,79),(72,73,81),(72,81,80),(73,74,82),(73,82,81),(74,67,75),(74,75,82),(75,76,84),(75,84,83),(76,77,85),(76,85,84),(77,78,86),(77,86,85),(78,79,87),(78,87,86),(79,80,88),(79,88,87),(80,81,89),(80,89,88),(81,82,90),(81,90,89),(82,75,83),(82,83,90),(83,84,92),(83,92,91),(84,85,93),(84,93,92),(85,86,94),(85,94,93),(86,87,95),(86,95,94),(87,88,96),(87,96,95),(88,89,97),(88,97,96),(89,90,98),(89,98,97),(90,83,91),(90,91,98),(91,92,100),(91,100,99),(92,93,101),(92,101,100),(93,94,102),(93,102,101),(94,95,103),(94,103,102),(95,96,104),(95,104,103),(96,97,105),(96,105,104),(97,98,106),(97,106,105),(98,91,99),(98,99,106),(99,100,108),(99,108,107),(100,101,109),(100,109,108),(101,102,110),(101,110,109),(102,103,111),(102,111,110),(103,104,112),(103,112,111),(104,105,113),(104,113,112),(105,106,114),(105,114,113),(106,99,107),(106,107,114),(115,60,59),(116,107,108),(115,61,60),(116,108,109),(115,62,61),(116,109,110),(115,63,62),(116,110,111),(115,64,63),(116,111,112),(115,65,64),(116,112,113),(115,66,65),(116,113,114),(115,59,66),(116,114,107)),$);
#5272=IFCSTYLEDITEM(#5271,(#5239),$);
#5273=IFCCARTESIANPOINTLIST3D(((0.035,0.,0.5),(0.018,0.03,0.5),(-0.017,0.03,0.5),(-0.035,0.,0.5),(-0.018,-0.03,0.5),(0.018,-0.03,0.5),(0.03,0.,1.15),(0.015,0.026,1.15),(-0.015,0.026,1.15),(-0.03,0.,1.15),(-0.015,-0.026,1.15),(0.015,-0.026,1.15),(0.,0.,0.5),(0.,0.,1.15)));
#5274=IFCTRIANGULATEDFACESET(#5273,$,$,((1,2,8),(1,8,7),(2,3,9),(2,9,8),(3,4,10),(3,10,9),(4,5,11),(4,11,10),(5,6,12),(5,12,11),(6,1,7),(6,7,12),(13,2,1),(14,7,8),(13,3,2),(14,8,9),(13,4,3),(14,9,10),(13,5,4),(14,10,11),(13,6,5),(14,11,12),(13,1,6),(14,12,7)),$);
#5275=IFCSTYLEDITEM(#5274,(#505),$);
#5276=IFCFURNISHINGELEMENT('3O9RXAHgS860pnVWCB8wHo',$,'Terrace planter 4',$,'Planter',#5279,#5283,$);
#5277=IFCCARTESIANPOINT((12.2,-1.2,0.));
#5278=IFCAXIS2PLACEMENT3D(#5277,$,$);
#5279=IFCLOCALPLACEMENT(#26,#5278);
#5280=IFCCARTESIANPOINTLIST3D(((0.24,0.,0.),(0.208,0.12,0.),(0.12,0.208,0.),(0.,0.24,0.),(-0.12,0.208,0.),(-0.208,0.12,0.),(-0.24,0.,0.),(-0.208,-0.12,0.),(-0.12,-0.208,0.),(0.,-0.24,0.),(0.12,-0.208,0.),(0.208,-0.12,0.),(0.4,0.,0.413),(0.346,0.2,0.413),(0.2,0.346,0.413),(0.,0.4,0.413),(-0.2,0.346,0.413),(-0.346,0.2,0.413),(-0.4,0.,0.413),(-0.346,-0.2,0.413),(-0.2,-0.346,0.413),(0.,-0.4,0.413),(0.2,-0.346,0.413),(0.346,-0.2,0.413),(0.34,0.,0.75),(0.294,0.17,0.75),(0.17,0.294,0.75),(0.,0.34,0.75),(-0.17,0.294,0.75),(-0.294,0.17,0.75),(-0.34,0.,0.75),(-0.294,-0.17,0.75),(-0.17,-0.294,0.75),(0.,-0.34,0.75),(0.17,-0.294,0.75),(0.294,-0.17,0.75),(0.28,0.,0.71),(0.242,0.14,0.71),(0.14,0.242,0.71),(0.,0.28,0.71),(-0.14,0.242,0.71),(-0.242,0.14,0.71),(-0.28,0.,0.71),(-0.242,-0.14,0.71),(-0.14,-0.242,0.71),(0.,-0.28,0.71),(0.14,-0.242,0.71),(0.242,-0.14,0.71),(0.,0.,0.),(0.,0.,0.71)));
#5281=IFCTRIANGULATEDFACESET(#5280,$,$,((1,2,14),(1,14,13),(2,3,15),(2,15,14),(3,4,16),(3,16,15),(4,5,17),(4,17,16),(5,6,18),(5,18,17),(6,7,19),(6,19,18),(7,8,20),(7,20,19),(8,9,21),(8,21,20),(9,10,22),(9,22,21),(10,11,23),(10,23,22),(11,12,24),(11,24,23),(12,1,13),(12,13,24),(13,14,26),(13,26,25),(14,15,27),(14,27,26),(15,16,28),(15,28,27),(16,17,29),(16,29,28),(17,18,30),(17,30,29),(18,19,31),(18,31,30),(19,20,32),(19,32,31),(20,21,33),(20,33,32),(21,22,34),(21,34,33),(22,23,35),(22,35,34),(23,24,36),(23,36,35),(24,13,25),(24,25,36),(25,26,38),(25,38,37),(26,27,39),(26,39,38),(27,28,40),(27,40,39),(28,29,41),(28,41,40),(29,30,42),(29,42,41),(30,31,43),(30,43,42),(31,32,44),(31,44,43),(32,33,45),(32,45,44),(33,34,46),(33,46,45),(34,35,47),(34,47,46),(35,36,48),(35,48,47),(36,25,37),(36,37,48),(49,2,1),(50,37,38),(49,3,2),(50,38,39),(49,4,3),(50,39,40),(49,5,4),(50,40,41),(49,6,5),(50,41,42),(49,7,6),(50,42,43),(49,8,7),(50,43,44),(49,9,8),(50,44,45),(49,10,9),(50,45,46),(49,11,10),(50,46,47),(49,12,11),(50,47,48),(49,1,12),(50,48,37)),$);
#5282=IFCSHAPEREPRESENTATION(#11,'Body','Tessellation',(#5281,#5286,#5289));
#5283=IFCPRODUCTDEFINITIONSHAPE($,$,(#5282));
#5284=IFCSTYLEDITEM(#5281,(#5235),$);
#5285=IFCCARTESIANPOINTLIST3D(((0.02,0.,1.31),(0.014,0.014,1.31),(0.,0.02,1.31),(-0.014,0.014,1.31),(-0.02,0.,1.31),(-0.014,-0.014,1.31),(0.,-0.02,1.31),(0.014,-0.014,1.31),(0.304,0.,1.38),(0.215,0.215,1.38),(0.,0.304,1.38),(-0.215,0.215,1.38),(-0.304,0.,1.38),(-0.215,-0.215,1.38),(0.,-0.304,1.38),(0.215,-0.215,1.38),(0.527,0.,1.57),(0.372,0.372,1.57),(0.,0.527,1.57),(-0.372,0.372,1.57),(-0.527,0.,1.57),(-0.372,-0.372,1.57),(0.,-0.527,1.57),(0.372,-0.372,1.57),(0.608,0.,1.83),(0.43,0.43,1.83),(0.,0.608,1.83),(-0.43,0.43,1.83),(-0.608,0.,1.83),(-0.43,-0.43,1.83),(0.,-0.608,1.83),(0.43,-0.43,1.83),(0.527,0.,2.09),(0.372,0.372,2.09),(0.,0.527,2.09),(-0.372,0.372,2.09),(-0.527,0.,2.09),(-0.372,-0.372,2.09),(0.,-0.527,2.09),(0.372,-0.372,2.09),(0.304,0.,2.28),(0.215,0.215,2.28),(0.,0.304,2.28),(-0.215,0.215,2.28),(-0.304,0.,2.28),(-0.215,-0.215,2.28),(0.,-0.304,2.28),(0.215,-0.215,2.28),(0.02,0.,2.35),(0.014,0.014,2.35),(0.,0.02,2.35),(-0.014,0.014,2.35),(-0.02,0.,2.35),(-0.014,-0.014,2.35),(0.,-0.02,2.35),(0.014,-0.014,2.35),(0.,0.,1.31),(0.,0.,2.35),(0.17,0.1,1.07),(0.164,0.114,1.07),(0.15,0.12,1.07),(0.136,0.114,1.07),(0.13,0.1,1.07),(0.136,0.086,1.07),(0.15,0.08,1.07),(0.164,0.086,1.07),(0.35,0.1,1.113),(0.291,0.241,1.113),(0.15,0.3,1.113),(0.009,0.241,1.113),(-0.05,0.1,1.113),(0.009,-0.041,1.113),(0.15,-0.1,1.113),(0.291,-0.041,1.113),(0.496,0.1,1.23),(0.395,0.345,1.23),(0.15,0.446,1.23),(-0.095,0.345,1.23),(-0.196,0.1,1.23),(-0.095,-0.145,1.23),(0.15,-0.246,1.23),(0.395,-0.145,1.23),(0.55,0.1,1.39),(0.433,0.383,1.39),(0.15,0.5,1.39),(-0.133,0.383,1.39),(-0.25,0.1,1.39),(-0.133,-0.183,1.39),(0.15,-0.3,1.39),(0.433,-0.183,1.39),(0.496,0.1,1.55),(0.395,0.345,1.55),(0.15,0.446,1.55),(-0.095,0.345,1.55),(-0.196,0.1,1.55),(-0.095,-0.145,1.55),(0.15,-0.246,1.55),(0.395,-0.145,1.55),(0.35,0.1,1.667),(0.291,0.241,1.667),(0.15,0.3,1.667),(0.009,0.241,1.667),(-0.05,0.1,1.667),(0.009,-0.041,1.667),(0.15,-0.1,1.667),(0.291,-0.041,1.667),(0.17,0.1,1.71),(0.164,0.114,1.71),(0.15,0.12,1.71),(0.136,0.114,1.71),(0.13,0.1,1.71),(0.136,0.086,1.71),(0.15,0.08,1.71),(0.164,0.086,1.71),(0.15,0.1,1.07),(0.15,0.1,1.7100000000000002)));
#5286=IFCTRIANGULATEDFACESET(#5285,$,$,((1,2,10),(1,10,9),(2,3,11),(2,11,10),(3,4,12),(3,12,11),(4,5,13),(4,13,12),(5,6,14),(5,14,13),(6,7,15),(6,15,14),(7,8,16),(7,16,15),(8,1,9),(8,9,16),(9,10,18),(9,18,17),(10,11,19),(10,19,18),(11,12,20),(11,20,19),(12,13,21),(12,21,20),(13,14,22),(13,22,21),(14,15,23),(14,23,22),(15,16,24),(15,24,23),(16,9,17),(16,17,24),(17,18,26),(17,26,25),(18,19,27),(18,27,26),(19,20,28),(19,28,27),(20,21,29),(20,29,28),(21,22,30),(21,30,29),(22,23,31),(22,31,30),(23,24,32),(23,32,31),(24,17,25),(24,25,32),(25,26,34),(25,34,33),(26,27,35),(26,35,34),(27,28,36),(27,36,35),(28,29,37),(28,37,36),(29,30,38),(29,38,37),(30,31,39),(30,39,38),(31,32,40),(31,40,39),(32,25,33),(32,33,40),(33,34,42),(33,42,41),(34,35,43),(34,43,42),(35,36,44),(35,44,43),(36,37,45),(36,45,44),(37,38,46),(37,46,45),(38,39,47),(38,47,46),(39,40,48),(39,48,47),(40,33,41),(40,41,48),(41,42,50),(41,50,49),(42,43,51),(42,51,50),(43,44,52),(43,52,51),(44,45,53),(44,53,52),(45,46,54),(45,54,53),(46,47,55),(46,55,54),(47,48,56),(47,56,55),(48,41,49),(48,49,56),(57,2,1),(58,49,50),(57,3,2),(58,50,51),(57,4,3),(58,51,52),(57,5,4),(58,52,53),(57,6,5),(58,53,54),(57,7,6),(58,54,55),(57,8,7),(58,55,56),(57,1,8),(58,56,49),(59,60,68),(59,68,67),(60,61,69),(60,69,68),(61,62,70),(61,70,69),(62,63,71),(62,71,70),(63,64,72),(63,72,71),(64,65,73),(64,73,72),(65,66,74),(65,74,73),(66,59,67),(66,67,74),(67,68,76),(67,76,75),(68,69,77),(68,77,76),(69,70,78),(69,78,77),(70,71,79),(70,79,78),(71,72,80),(71,80,79),(72,73,81),(72,81,80),(73,74,82),(73,82,81),(74,67,75),(74,75,82),(75,76,84),(75,84,83),(76,77,85),(76,85,84),(77,78,86),(77,86,85),(78,79,87),(78,87,86),(79,80,88),(79,88,87),(80,81,89),(80,89,88),(81,82,90),(81,90,89),(82,75,83),(82,83,90),(83,84,92),(83,92,91),(84,85,93),(84,93,92),(85,86,94),(85,94,93),(86,87,95),(86,95,94),(87,88,96),(87,96,95),(88,89,97),(88,97,96),(89,90,98),(89,98,97),(90,83,91),(90,91,98),(91,92,100),(91,100,99),(92,93,101),(92,101,100),(93,94,102),(93,102,101),(94,95,103),(94,103,102),(95,96,104),(95,104,103),(96,97,105),(96,105,104),(97,98,106),(97,106,105),(98,91,99),(98,99,106),(99,100,108),(99,108,107),(100,101,109),(100,109,108),(101,102,110),(101,110,109),(102,103,111),(102,111,110),(103,104,112),(103,112,111),(104,105,113),(104,113,112),(105,106,114),(105,114,113),(106,99,107),(106,107,114),(115,60,59),(116,107,108),(115,61,60),(116,108,109),(115,62,61),(116,109,110),(115,63,62),(116,110,111),(115,64,63),(116,111,112),(115,65,64),(116,112,113),(115,66,65),(116,113,114),(115,59,66),(116,114,107)),$);
#5287=IFCSTYLEDITEM(#5286,(#5239),$);
#5288=IFCCARTESIANPOINTLIST3D(((0.035,0.,0.7),(0.018,0.03,0.7),(-0.017,0.03,0.7),(-0.035,0.,0.7),(-0.018,-0.03,0.7),(0.018,-0.03,0.7),(0.03,0.,1.55),(0.015,0.026,1.55),(-0.015,0.026,1.55),(-0.03,0.,1.55),(-0.015,-0.026,1.55),(0.015,-0.026,1.55),(0.,0.,0.7),(0.,0.,1.55)));
#5289=IFCTRIANGULATEDFACESET(#5288,$,$,((1,2,8),(1,8,7),(2,3,9),(2,9,8),(3,4,10),(3,10,9),(4,5,11),(4,11,10),(5,6,12),(5,12,11),(6,1,7),(6,7,12),(13,2,1),(14,7,8),(13,3,2),(14,8,9),(13,4,3),(14,9,10),(13,5,4),(14,10,11),(13,6,5),(14,11,12),(13,1,6),(14,12,7)),$);
#5290=IFCSTYLEDITEM(#5289,(#505),$);
#5291=IFCFURNISHINGELEMENT('3LYDz7LZmMz3oeOZ3TnP39',$,'Terrace planter 5',$,'Planter',#5294,#5298,$);
#5292=IFCCARTESIANPOINT((11.2,-0.8,0.));
#5293=IFCAXIS2PLACEMENT3D(#5292,$,$);
#5294=IFCLOCALPLACEMENT(#26,#5293);
#5295=IFCCARTESIANPOINTLIST3D(((0.168,0.,0.),(0.145,0.084,0.),(0.084,0.145,0.),(0.,0.168,0.),(-0.084,0.145,0.),(-0.145,0.084,0.),(-0.168,0.,0.),(-0.145,-0.084,0.),(-0.084,-0.145,0.),(0.,-0.168,0.),(0.084,-0.145,0.),(0.145,-0.084,0.),(0.28,0.,0.275),(0.242,0.14,0.275),(0.14,0.242,0.275),(0.,0.28,0.275),(-0.14,0.242,0.275),(-0.242,0.14,0.275),(-0.28,0.,0.275),(-0.242,-0.14,0.275),(-0.14,-0.242,0.275),(0.,-0.28,0.275),(0.14,-0.242,0.275),(0.242,-0.14,0.275),(0.238,0.,0.5),(0.206,0.119,0.5),(0.119,0.206,0.5),(0.,0.238,0.5),(-0.119,0.206,0.5),(-0.206,0.119,0.5),(-0.238,0.,0.5),(-0.206,-0.119,0.5),(-0.119,-0.206,0.5),(0.,-0.238,0.5),(0.119,-0.206,0.5),(0.206,-0.119,0.5),(0.196,0.,0.46),(0.17,0.098,0.46),(0.098,0.17,0.46),(0.,0.196,0.46),(-0.098,0.17,0.46),(-0.17,0.098,0.46),(-0.196,0.,0.46),(-0.17,-0.098,0.46),(-0.098,-0.17,0.46),(0.,-0.196,0.46),(0.098,-0.17,0.46),(0.17,-0.098,0.46),(0.,0.,0.),(0.,0.,0.46)));
#5296=IFCTRIANGULATEDFACESET(#5295,$,$,((1,2,14),(1,14,13),(2,3,15),(2,15,14),(3,4,16),(3,16,15),(4,5,17),(4,17,16),(5,6,18),(5,18,17),(6,7,19),(6,19,18),(7,8,20),(7,20,19),(8,9,21),(8,21,20),(9,10,22),(9,22,21),(10,11,23),(10,23,22),(11,12,24),(11,24,23),(12,1,13),(12,13,24),(13,14,26),(13,26,25),(14,15,27),(14,27,26),(15,16,28),(15,28,27),(16,17,29),(16,29,28),(17,18,30),(17,30,29),(18,19,31),(18,31,30),(19,20,32),(19,32,31),(20,21,33),(20,33,32),(21,22,34),(21,34,33),(22,23,35),(22,35,34),(23,24,36),(23,36,35),(24,13,25),(24,25,36),(25,26,38),(25,38,37),(26,27,39),(26,39,38),(27,28,40),(27,40,39),(28,29,41),(28,41,40),(29,30,42),(29,42,41),(30,31,43),(30,43,42),(31,32,44),(31,44,43),(32,33,45),(32,45,44),(33,34,46),(33,46,45),(34,35,47),(34,47,46),(35,36,48),(35,48,47),(36,25,37),(36,37,48),(49,2,1),(50,37,38),(49,3,2),(50,38,39),(49,4,3),(50,39,40),(49,5,4),(50,40,41),(49,6,5),(50,41,42),(49,7,6),(50,42,43),(49,8,7),(50,43,44),(49,9,8),(50,44,45),(49,10,9),(50,45,46),(49,11,10),(50,46,47),(49,12,11),(50,47,48),(49,1,12),(50,48,37)),$);
#5297=IFCSHAPEREPRESENTATION(#11,'Body','Tessellation',(#5296,#5301,#5304));
#5298=IFCPRODUCTDEFINITIONSHAPE($,$,(#5297));
#5299=IFCSTYLEDITEM(#5296,(#5235),$);
#5300=IFCCARTESIANPOINTLIST3D(((0.02,0.,0.85),(0.014,0.014,0.85),(0.,0.02,0.85),(-0.014,0.014,0.85),(-0.02,0.,0.85),(-0.014,-0.014,0.85),(0.,-0.02,0.85),(0.014,-0.014,0.85),(0.19,0.,0.894),(0.134,0.134,0.894),(0.,0.19,0.894),(-0.134,0.134,0.894),(-0.19,0.,0.894),(-0.134,-0.134,0.894),(0.,-0.19,0.894),(0.134,-0.134,0.894),(0.329,0.,1.013),(0.233,0.233,1.013),(0.,0.329,1.013),(-0.233,0.233,1.013),(-0.329,0.,1.013),(-0.233,-0.233,1.013),(0.,-0.329,1.013),(0.233,-0.233,1.013),(0.38,0.,1.175),(0.269,0.269,1.175),(0.,0.38,1.175),(-0.269,0.269,1.175),(-0.38,0.,1.175),(-0.269,-0.269,1.175),(0.,-0.38,1.175),(0.269,-0.269,1.175),(0.329,0.,1.338),(0.233,0.233,1.338),(0.,0.329,1.338),(-0.233,0.233,1.338),(-0.329,0.,1.338),(-0.233,-0.233,1.338),(0.,-0.329,1.338),(0.233,-0.233,1.338),(0.19,0.,1.456),(0.134,0.134,1.456),(0.,0.19,1.456),(-0.134,0.134,1.456),(-0.19,0.,1.456),(-0.134,-0.134,1.456),(0.,-0.19,1.456),(0.134,-0.134,1.456),(0.02,0.,1.5),(0.014,0.014,1.5),(0.,0.02,1.5),(-0.014,0.014,1.5),(-0.02,0.,1.5),(-0.014,-0.014,1.5),(0.,-0.02,1.5),(0.014,-0.014,1.5),(0.,0.,0.85),(0.,0.,1.5),(0.17,0.1,0.7),(0.164,0.114,0.7),(0.15,0.12,0.7),(0.136,0.114,0.7),(0.13,0.1,0.7),(0.136,0.086,0.7),(0.15,0.08,0.7),(0.164,0.086,0.7),(0.275,0.1,0.727),(0.238,0.188,0.727),(0.15,0.225,0.727),(0.062,0.188,0.727),(0.025,0.1,0.727),(0.062,0.012,0.727),(0.15,-0.025,0.727),(0.238,0.012,0.727),(0.367,0.1,0.8),(0.303,0.253,0.8),(0.15,0.317,0.8),(-0.003,0.253,0.8),(-0.067,0.1,0.8),(-0.003,-0.053,0.8),(0.15,-0.117,0.8),(0.303,-0.053,0.8),(0.4,0.1,0.9),(0.327,0.277,0.9),(0.15,0.35,0.9),(-0.027,0.277,0.9),(-0.1,0.1,0.9),(-0.027,-0.077,0.9),(0.15,-0.15,0.9),(0.327,-0.077,0.9),(0.367,0.1,1.),(0.303,0.253,1.),(0.15,0.317,1.),(-0.003,0.253,1.),(-0.067,0.1,1.),(-0.003,-0.053,1.),(0.15,-0.117,1.),(0.303,-0.053,1.),(0.275,0.1,1.073),(0.238,0.188,1.073),(0.15,0.225,1.073),(0.062,0.188,1.073),(0.025,0.1,1.073),(0.062,0.012,1.073),(0.15,-0.025,1.073),(0.238,0.012,1.073),(0.17,0.1,1.1),(0.164,0.114,1.1),(0.15,0.12,1.1),(0.136,0.114,1.1),(0.13,0.1,1.1),(0.136,0.086,1.1),(0.15,0.08,1.1),(0.164,0.086,1.1),(0.15,0.1,0.7),(0.15,0.1,1.1)));
#5301=IFCTRIANGULATEDFACESET(#5300,$,$,((1,2,10),(1,10,9),(2,3,11),(2,11,10),(3,4,12),(3,12,11),(4,5,13),(4,13,12),(5,6,14),(5,14,13),(6,7,15),(6,15,14),(7,8,16),(7,16,15),(8,1,9),(8,9,16),(9,10,18),(9,18,17),(10,11,19),(10,19,18),(11,12,20),(11,20,19),(12,13,21),(12,21,20),(13,14,22),(13,22,21),(14,15,23),(14,23,22),(15,16,24),(15,24,23),(16,9,17),(16,17,24),(17,18,26),(17,26,25),(18,19,27),(18,27,26),(19,20,28),(19,28,27),(20,21,29),(20,29,28),(21,22,30),(21,30,29),(22,23,31),(22,31,30),(23,24,32),(23,32,31),(24,17,25),(24,25,32),(25,26,34),(25,34,33),(26,27,35),(26,35,34),(27,28,36),(27,36,35),(28,29,37),(28,37,36),(29,30,38),(29,38,37),(30,31,39),(30,39,38),(31,32,40),(31,40,39),(32,25,33),(32,33,40),(33,34,42),(33,42,41),(34,35,43),(34,43,42),(35,36,44),(35,44,43),(36,37,45),(36,45,44),(37,38,46),(37,46,45),(38,39,47),(38,47,46),(39,40,48),(39,48,47),(40,33,41),(40,41,48),(41,42,50),(41,50,49),(42,43,51),(42,51,50),(43,44,52),(43,52,51),(44,45,53),(44,53,52),(45,46,54),(45,54,53),(46,47,55),(46,55,54),(47,48,56),(47,56,55),(48,41,49),(48,49,56),(57,2,1),(58,49,50),(57,3,2),(58,50,51),(57,4,3),(58,51,52),(57,5,4),(58,52,53),(57,6,5),(58,53,54),(57,7,6),(58,54,55),(57,8,7),(58,55,56),(57,1,8),(58,56,49),(59,60,68),(59,68,67),(60,61,69),(60,69,68),(61,62,70),(61,70,69),(62,63,71),(62,71,70),(63,64,72),(63,72,71),(64,65,73),(64,73,72),(65,66,74),(65,74,73),(66,59,67),(66,67,74),(67,68,76),(67,76,75),(68,69,77),(68,77,76),(69,70,78),(69,78,77),(70,71,79),(70,79,78),(71,72,80),(71,80,79),(72,73,81),(72,81,80),(73,74,82),(73,82,81),(74,67,75),(74,75,82),(75,76,84),(75,84,83),(76,77,85),(76,85,84),(77,78,86),(77,86,85),(78,79,87),(78,87,86),(79,80,88),(79,88,87),(80,81,89),(80,89,88),(81,82,90),(81,90,89),(82,75,83),(82,83,90),(83,84,92),(83,92,91),(84,85,93),(84,93,92),(85,86,94),(85,94,93),(86,87,95),(86,95,94),(87,88,96),(87,96,95),(88,89,97),(88,97,96),(89,90,98),(89,98,97),(90,83,91),(90,91,98),(91,92,100),(91,100,99),(92,93,101),(92,101,100),(93,94,102),(93,102,101),(94,95,103),(94,103,102),(95,96,104),(95,104,103),(96,97,105),(96,105,104),(97,98,106),(97,106,105),(98,91,99),(98,99,106),(99,100,108),(99,108,107),(100,101,109),(100,109,108),(101,102,110),(101,110,109),(102,103,111),(102,111,110),(103,104,112),(103,112,111),(104,105,113),(104,113,112),(105,106,114),(105,114,113),(106,99,107),(106,107,114),(115,60,59),(116,107,108),(115,61,60),(116,108,109),(115,62,61),(116,109,110),(115,63,62),(116,110,111),(115,64,63),(116,111,112),(115,65,64),(116,112,113),(115,66,65),(116,113,114),(115,59,66),(116,114,107)),$);
#5302=IFCSTYLEDITEM(#5301,(#5239),$);
#5303=IFCCARTESIANPOINTLIST3D(((0.035,0.,0.45),(0.018,0.03,0.45),(-0.017,0.03,0.45),(-0.035,0.,0.45),(-0.018,-0.03,0.45),(0.018,-0.03,0.45),(0.03,0.,1.),(0.015,0.026,1.),(-0.015,0.026,1.),(-0.03,0.,1.),(-0.015,-0.026,1.),(0.015,-0.026,1.),(0.,0.,0.45),(0.,0.,1.)));
#5304=IFCTRIANGULATEDFACESET(#5303,$,$,((1,2,8),(1,8,7),(2,3,9),(2,9,8),(3,4,10),(3,10,9),(4,5,11),(4,11,10),(5,6,12),(5,12,11),(6,1,7),(6,7,12),(13,2,1),(14,7,8),(13,3,2),(14,8,9),(13,4,3),(14,9,10),(13,5,4),(14,10,11),(13,6,5),(14,11,12),(13,1,6),(14,12,7)),$);
#5305=IFCSTYLEDITEM(#5304,(#505),$);
#5306=IFCFURNISHINGELEMENT('29d3TD$gk0EjpuHtGJkGfK',$,'Terrace planter 6',$,'Planter',#5309,#5313,$);
#5307=IFCCARTESIANPOINT((-8.2,0.2,0.));
#5308=IFCAXIS2PLACEMENT3D(#5307,$,$);
#5309=IFCLOCALPLACEMENT(#26,#5308);
#5310=IFCCARTESIANPOINTLIST3D(((0.204,0.,0.),(0.177,0.102,0.),(0.102,0.177,0.),(0.,0.204,0.),(-0.102,0.177,0.),(-0.177,0.102,0.),(-0.204,0.,0.),(-0.177,-0.102,0.),(-0.102,-0.177,0.),(0.,-0.204,0.),(0.102,-0.177,0.),(0.177,-0.102,0.),(0.34,0.,0.33),(0.294,0.17,0.33),(0.17,0.294,0.33),(0.,0.34,0.33),(-0.17,0.294,0.33),(-0.294,0.17,0.33),(-0.34,0.,0.33),(-0.294,-0.17,0.33),(-0.17,-0.294,0.33),(0.,-0.34,0.33),(0.17,-0.294,0.33),(0.294,-0.17,0.33),(0.289,0.,0.6),(0.25,0.145,0.6),(0.145,0.25,0.6),(0.,0.289,0.6),(-0.144,0.25,0.6),(-0.25,0.145,0.6),(-0.289,0.,0.6),(-0.25,-0.144,0.6),(-0.145,-0.25,0.6),(0.,-0.289,0.6),(0.145,-0.25,0.6),(0.25,-0.145,0.6),(0.238,0.,0.56),(0.206,0.119,0.56),(0.119,0.206,0.56),(0.,0.238,0.56),(-0.119,0.206,0.56),(-0.206,0.119,0.56),(-0.238,0.,0.56),(-0.206,-0.119,0.56),(-0.119,-0.206,0.56),(0.,-0.238,0.56),(0.119,-0.206,0.56),(0.206,-0.119,0.56),(0.,0.,0.),(0.,0.,0.5599999999999999)));
#5311=IFCTRIANGULATEDFACESET(#5310,$,$,((1,2,14),(1,14,13),(2,3,15),(2,15,14),(3,4,16),(3,16,15),(4,5,17),(4,17,16),(5,6,18),(5,18,17),(6,7,19),(6,19,18),(7,8,20),(7,20,19),(8,9,21),(8,21,20),(9,10,22),(9,22,21),(10,11,23),(10,23,22),(11,12,24),(11,24,23),(12,1,13),(12,13,24),(13,14,26),(13,26,25),(14,15,27),(14,27,26),(15,16,28),(15,28,27),(16,17,29),(16,29,28),(17,18,30),(17,30,29),(18,19,31),(18,31,30),(19,20,32),(19,32,31),(20,21,33),(20,33,32),(21,22,34),(21,34,33),(22,23,35),(22,35,34),(23,24,36),(23,36,35),(24,13,25),(24,25,36),(25,26,38),(25,38,37),(26,27,39),(26,39,38),(27,28,40),(27,40,39),(28,29,41),(28,41,40),(29,30,42),(29,42,41),(30,31,43),(30,43,42),(31,32,44),(31,44,43),(32,33,45),(32,45,44),(33,34,46),(33,46,45),(34,35,47),(34,47,46),(35,36,48),(35,48,47),(36,25,37),(36,37,48),(49,2,1),(50,37,38),(49,3,2),(50,38,39),(49,4,3),(50,39,40),(49,5,4),(50,40,41),(49,6,5),(50,41,42),(49,7,6),(50,42,43),(49,8,7),(50,43,44),(49,9,8),(50,44,45),(49,10,9),(50,45,46),(49,11,10),(50,46,47),(49,12,11),(50,47,48),(49,1,12),(50,48,37)),$);
#5312=IFCSHAPEREPRESENTATION(#11,'Body','Tessellation',(#5311,#5316,#5319));
#5313=IFCPRODUCTDEFINITIONSHAPE($,$,(#5312));
#5314=IFCSTYLEDITEM(#5311,(#5235),$);
#5315=IFCCARTESIANPOINTLIST3D(((0.02,0.,1.125),(0.014,0.014,1.125),(0.,0.02,1.125),(-0.014,0.014,1.125),(-0.02,0.,1.125),(-0.014,-0.014,1.125),(0.,-0.02,1.125),(0.014,-0.014,1.125),(0.285,0.,1.19),(0.202,0.202,1.19),(0.,0.285,1.19),(-0.202,0.202,1.19),(-0.285,0.,1.19),(-0.202,-0.202,1.19),(0.,-0.285,1.19),(0.202,-0.202,1.19),(0.494,0.,1.369),(0.349,0.349,1.369),(0.,0.494,1.369),(-0.349,0.349,1.369),(-0.494,0.,1.369),(-0.349,-0.349,1.369),(0.,-0.494,1.369),(0.349,-0.349,1.369),(0.57,0.,1.613),(0.403,0.403,1.613),(0.,0.57,1.613),(-0.403,0.403,1.613),(-0.57,0.,1.613),(-0.403,-0.403,1.613),(0.,-0.57,1.613),(0.403,-0.403,1.613),(0.494,0.,1.856),(0.349,0.349,1.856),(0.,0.494,1.856),(-0.349,0.349,1.856),(-0.494,0.,1.856),(-0.349,-0.349,1.856),(0.,-0.494,1.856),(0.349,-0.349,1.856),(0.285,0.,2.035),(0.202,0.202,2.035),(0.,0.285,2.035),(-0.202,0.202,2.035),(-0.285,0.,2.035),(-0.202,-0.202,2.035),(0.,-0.285,2.035),(0.202,-0.202,2.035),(0.02,0.,2.1),(0.014,0.014,2.1),(0.,0.02,2.1),(-0.014,0.014,2.1),(-0.02,0.,2.1),(-0.014,-0.014,2.1),(0.,-0.02,2.1),(0.014,-0.014,2.1),(0.,0.,1.125),(0.,0.,2.1),(0.17,0.1,0.9),(0.164,0.114,0.9),(0.15,0.12,0.9),(0.136,0.114,0.9),(0.13,0.1,0.9),(0.136,0.086,0.9),(0.15,0.08,0.9),(0.164,0.086,0.9),(0.337,0.1,0.94),(0.283,0.233,0.94),(0.15,0.288,0.94),(0.017,0.233,0.94),(-0.037,0.1,0.94),(0.017,-0.033,0.94),(0.15,-0.087,0.94),(0.283,-0.033,0.94),(0.475,0.1,1.05),(0.38,0.33,1.05),(0.15,0.425,1.05),(-0.08,0.33,1.05),(-0.175,0.1,1.05),(-0.08,-0.13,1.05),(0.15,-0.225,1.05),(0.38,-0.13,1.05),(0.525,0.1,1.2),(0.415,0.365,1.2),(0.15,0.475,1.2),(-0.115,0.365,1.2),(-0.225,0.1,1.2),(-0.115,-0.165,1.2),(0.15,-0.275,1.2),(0.415,-0.165,1.2),(0.475,0.1,1.35),(0.38,0.33,1.35),(0.15,0.425,1.35),(-0.08,0.33,1.35),(-0.175,0.1,1.35),(-0.08,-0.13,1.35),(0.15,-0.225,1.35),(0.38,-0.13,1.35),(0.337,0.1,1.46),(0.283,0.233,1.46),(0.15,0.288,1.46),(0.017,0.233,1.46),(-0.037,0.1,1.46),(0.017,-0.033,1.46),(0.15,-0.087,1.46),(0.283,-0.033,1.46),(0.17,0.1,1.5),(0.164,0.114,1.5),(0.15,0.12,1.5),(0.136,0.114,1.5),(0.13,0.1,1.5),(0.136,0.086,1.5),(0.15,0.08,1.5),(0.164,0.086,1.5),(0.15,0.1,0.9),(0.15,0.1,1.5)));
#5316=IFCTRIANGULATEDFACESET(#5315,$,$,((1,2,10),(1,10,9),(2,3,11),(2,11,10),(3,4,12),(3,12,11),(4,5,13),(4,13,12),(5,6,14),(5,14,13),(6,7,15),(6,15,14),(7,8,16),(7,16,15),(8,1,9),(8,9,16),(9,10,18),(9,18,17),(10,11,19),(10,19,18),(11,12,20),(11,20,19),(12,13,21),(12,21,20),(13,14,22),(13,22,21),(14,15,23),(14,23,22),(15,16,24),(15,24,23),(16,9,17),(16,17,24),(17,18,26),(17,26,25),(18,19,27),(18,27,26),(19,20,28),(19,28,27),(20,21,29),(20,29,28),(21,22,30),(21,30,29),(22,23,31),(22,31,30),(23,24,32),(23,32,31),(24,17,25),(24,25,32),(25,26,34),(25,34,33),(26,27,35),(26,35,34),(27,28,36),(27,36,35),(28,29,37),(28,37,36),(29,30,38),(29,38,37),(30,31,39),(30,39,38),(31,32,40),(31,40,39),(32,25,33),(32,33,40),(33,34,42),(33,42,41),(34,35,43),(34,43,42),(35,36,44),(35,44,43),(36,37,45),(36,45,44),(37,38,46),(37,46,45),(38,39,47),(38,47,46),(39,40,48),(39,48,47),(40,33,41),(40,41,48),(41,42,50),(41,50,49),(42,43,51),(42,51,50),(43,44,52),(43,52,51),(44,45,53),(44,53,52),(45,46,54),(45,54,53),(46,47,55),(46,55,54),(47,48,56),(47,56,55),(48,41,49),(48,49,56),(57,2,1),(58,49,50),(57,3,2),(58,50,51),(57,4,3),(58,51,52),(57,5,4),(58,52,53),(57,6,5),(58,53,54),(57,7,6),(58,54,55),(57,8,7),(58,55,56),(57,1,8),(58,56,49),(59,60,68),(59,68,67),(60,61,69),(60,69,68),(61,62,70),(61,70,69),(62,63,71),(62,71,70),(63,64,72),(63,72,71),(64,65,73),(64,73,72),(65,66,74),(65,74,73),(66,59,67),(66,67,74),(67,68,76),(67,76,75),(68,69,77),(68,77,76),(69,70,78),(69,78,77),(70,71,79),(70,79,78),(71,72,80),(71,80,79),(72,73,81),(72,81,80),(73,74,82),(73,82,81),(74,67,75),(74,75,82),(75,76,84),(75,84,83),(76,77,85),(76,85,84),(77,78,86),(77,86,85),(78,79,87),(78,87,86),(79,80,88),(79,88,87),(80,81,89),(80,89,88),(81,82,90),(81,90,89),(82,75,83),(82,83,90),(83,84,92),(83,92,91),(84,85,93),(84,93,92),(85,86,94),(85,94,93),(86,87,95),(86,95,94),(87,88,96),(87,96,95),(88,89,97),(88,97,96),(89,90,98),(89,98,97),(90,83,91),(90,91,98),(91,92,100),(91,100,99),(92,93,101),(92,101,100),(93,94,102),(93,102,101),(94,95,103),(94,103,102),(95,96,104),(95,104,103),(96,97,105),(96,105,104),(97,98,106),(97,106,105),(98,91,99),(98,99,106),(99,100,108),(99,108,107),(100,101,109),(100,109,108),(101,102,110),(101,110,109),(102,103,111),(102,111,110),(103,104,112),(103,112,111),(104,105,113),(104,113,112),(105,106,114),(105,114,113),(106,99,107),(106,107,114),(115,60,59),(116,107,108),(115,61,60),(116,108,109),(115,62,61),(116,109,110),(115,63,62),(116,110,111),(115,64,63),(116,111,112),(115,65,64),(116,112,113),(115,66,65),(116,113,114),(115,59,66),(116,114,107)),$);
#5317=IFCSTYLEDITEM(#5316,(#5239),$);
#5318=IFCCARTESIANPOINTLIST3D(((0.035,0.,0.55),(0.018,0.03,0.55),(-0.017,0.03,0.55),(-0.035,0.,0.55),(-0.018,-0.03,0.55),(0.018,-0.03,0.55),(0.03,0.,1.35),(0.015,0.026,1.35),(-0.015,0.026,1.35),(-0.03,0.,1.35),(-0.015,-0.026,1.35),(0.015,-0.026,1.35),(0.,0.,0.5499999999999999),(0.,0.,1.35)));
#5319=IFCTRIANGULATEDFACESET(#5318,$,$,((1,2,8),(1,8,7),(2,3,9),(2,9,8),(3,4,10),(3,10,9),(4,5,11),(4,11,10),(5,6,12),(5,12,11),(6,1,7),(6,7,12),(13,2,1),(14,7,8),(13,3,2),(14,8,9),(13,4,3),(14,9,10),(13,5,4),(14,10,11),(13,6,5),(14,11,12),(13,1,6),(14,12,7)),$);
#5320=IFCSTYLEDITEM(#5319,(#505),$);
#5321=IFCFURNISHINGELEMENT('3a5dudXxTvkSIqSS9WbGWU',$,'Terrace planter 7',$,'Planter',#5324,#5328,$);
#5322=IFCCARTESIANPOINT((5.6,-1.,0.));
#5323=IFCAXIS2PLACEMENT3D(#5322,$,$);
#5324=IFCLOCALPLACEMENT(#26,#5323);
#5325=IFCCARTESIANPOINTLIST3D(((0.156,0.,0.),(0.135,0.078,0.),(0.078,0.135,0.),(0.,0.156,0.),(-0.078,0.135,0.),(-0.135,0.078,0.),(-0.156,0.,0.),(-0.135,-0.078,0.),(-0.078,-0.135,0.),(0.,-0.156,0.),(0.078,-0.135,0.),(0.135,-0.078,0.),(0.26,0.,0.248),(0.225,0.13,0.248),(0.13,0.225,0.248),(0.,0.26,0.248),(-0.13,0.225,0.248),(-0.225,0.13,0.248),(-0.26,0.,0.248),(-0.225,-0.13,0.248),(-0.13,-0.225,0.248),(0.,-0.26,0.248),(0.13,-0.225,0.248),(0.225,-0.13,0.248),(0.221,0.,0.45),(0.191,0.11,0.45),(0.111,0.191,0.45),(0.,0.221,0.45),(-0.11,0.191,0.45),(-0.191,0.11,0.45),(-0.221,0.,0.45),(-0.191,-0.11,0.45),(-0.111,-0.191,0.45),(0.,-0.221,0.45),(0.111,-0.191,0.45),(0.191,-0.111,0.45),(0.182,0.,0.41),(0.158,0.091,0.41),(0.091,0.158,0.41),(0.,0.182,0.41),(-0.091,0.158,0.41),(-0.158,0.091,0.41),(-0.182,0.,0.41),(-0.158,-0.091,0.41),(-0.091,-0.158,0.41),(0.,-0.182,0.41),(0.091,-0.158,0.41),(0.158,-0.091,0.41),(0.,0.,0.),(0.,0.,0.41)));
#5326=IFCTRIANGULATEDFACESET(#5325,$,$,((1,2,14),(1,14,13),(2,3,15),(2,15,14),(3,4,16),(3,16,15),(4,5,17),(4,17,16),(5,6,18),(5,18,17),(6,7,19),(6,19,18),(7,8,20),(7,20,19),(8,9,21),(8,21,20),(9,10,22),(9,22,21),(10,11,23),(10,23,22),(11,12,24),(11,24,23),(12,1,13),(12,13,24),(13,14,26),(13,26,25),(14,15,27),(14,27,26),(15,16,28),(15,28,27),(16,17,29),(16,29,28),(17,18,30),(17,30,29),(18,19,31),(18,31,30),(19,20,32),(19,32,31),(20,21,33),(20,33,32),(21,22,34),(21,34,33),(22,23,35),(22,35,34),(23,24,36),(23,36,35),(24,13,25),(24,25,36),(25,26,38),(25,38,37),(26,27,39),(26,39,38),(27,28,40),(27,40,39),(28,29,41),(28,41,40),(29,30,42),(29,42,41),(30,31,43),(30,43,42),(31,32,44),(31,44,43),(32,33,45),(32,45,44),(33,34,46),(33,46,45),(34,35,47),(34,47,46),(35,36,48),(35,48,47),(36,25,37),(36,37,48),(49,2,1),(50,37,38),(49,3,2),(50,38,39),(49,4,3),(50,39,40),(49,5,4),(50,40,41),(49,6,5),(50,41,42),(49,7,6),(50,42,43),(49,8,7),(50,43,44),(49,9,8),(50,44,45),(49,10,9),(50,45,46),(49,11,10),(50,46,47),(49,12,11),(50,47,48),(49,1,12),(50,48,37)),$);
#5327=IFCSHAPEREPRESENTATION(#11,'Body','Tessellation',(#5326,#5331,#5334));
#5328=IFCPRODUCTDEFINITIONSHAPE($,$,(#5327));
#5329=IFCSTYLEDITEM(#5326,(#5235),$);
#5330=IFCCARTESIANPOINTLIST3D(((0.02,0.,0.765),(0.014,0.014,0.765),(0.,0.02,0.765),(-0.014,0.014,0.765),(-0.02,0.,0.765),(-0.014,-0.014,0.765),(0.,-0.02,0.765),(0.014,-0.014,0.765),(0.171,0.,0.804),(0.121,0.121,0.804),(0.,0.171,0.804),(-0.121,0.121,0.804),(-0.171,0.,0.804),(-0.121,-0.121,0.804),(0.,-0.171,0.804),(0.121,-0.121,0.804),(0.296,0.,0.911),(0.209,0.209,0.911),(0.,0.296,0.911),(-0.209,0.209,0.911),(-0.296,0.,0.911),(-0.209,-0.209,0.911),(0.,-0.296,0.911),(0.209,-0.209,0.911),(0.342,0.,1.058),(0.242,0.242,1.058),(0.,0.342,1.058),(-0.242,0.242,1.058),(-0.342,0.,1.058),(-0.242,-0.242,1.058),(0.,-0.342,1.058),(0.242,-0.242,1.058),(0.296,0.,1.204),(0.209,0.209,1.204),(0.,0.296,1.204),(-0.209,0.209,1.204),(-0.296,0.,1.204),(-0.209,-0.209,1.204),(0.,-0.296,1.204),(0.209,-0.209,1.204),(0.171,0.,1.311),(0.121,0.121,1.311),(0.,0.171,1.311),(-0.121,0.121,1.311),(-0.171,0.,1.311),(-0.121,-0.121,1.311),(0.,-0.171,1.311),(0.121,-0.121,1.311),(0.02,0.,1.35),(0.014,0.014,1.35),(0.,0.02,1.35),(-0.014,0.014,1.35),(-0.02,0.,1.35),(-0.014,-0.014,1.35),(0.,-0.02,1.35),(0.014,-0.014,1.35),(0.,0.,0.765),(0.,0.,1.35),(0.17,0.1,0.63),(0.164,0.114,0.63),(0.15,0.12,0.63),(0.136,0.114,0.63),(0.13,0.1,0.63),(0.136,0.086,0.63),(0.15,0.08,0.63),(0.164,0.086,0.63),(0.262,0.1,0.654),(0.23,0.18,0.654),(0.15,0.213,0.654),(0.07,0.18,0.654),(0.038,0.1,0.654),(0.07,0.02,0.654),(0.15,-0.012,0.654),(0.23,0.02,0.654),(0.345,0.1,0.72),(0.288,0.238,0.72),(0.15,0.295,0.72),(0.012,0.238,0.72),(-0.045,0.1,0.72),(0.012,-0.038,0.72),(0.15,-0.095,0.72),(0.288,-0.038,0.72),(0.375,0.1,0.81),(0.309,0.259,0.81),(0.15,0.325,0.81),(-0.009,0.259,0.81),(-0.075,0.1,0.81),(-0.009,-0.059,0.81),(0.15,-0.125,0.81),(0.309,-0.059,0.81),(0.345,0.1,0.9),(0.288,0.238,0.9),(0.15,0.295,0.9),(0.012,0.238,0.9),(-0.045,0.1,0.9),(0.012,-0.038,0.9),(0.15,-0.095,0.9),(0.288,-0.038,0.9),(0.262,0.1,0.966),(0.23,0.18,0.966),(0.15,0.213,0.966),(0.07,0.18,0.966),(0.038,0.1,0.966),(0.07,0.02,0.966),(0.15,-0.012,0.966),(0.23,0.02,0.966),(0.17,0.1,0.99),(0.164,0.114,0.99),(0.15,0.12,0.99),(0.136,0.114,0.99),(0.13,0.1,0.99),(0.136,0.086,0.99),(0.15,0.08,0.99),(0.164,0.086,0.99),(0.15,0.1,0.63),(0.15,0.1,0.99)));
#5331=IFCTRIANGULATEDFACESET(#5330,$,$,((1,2,10),(1,10,9),(2,3,11),(2,11,10),(3,4,12),(3,12,11),(4,5,13),(4,13,12),(5,6,14),(5,14,13),(6,7,15),(6,15,14),(7,8,16),(7,16,15),(8,1,9),(8,9,16),(9,10,18),(9,18,17),(10,11,19),(10,19,18),(11,12,20),(11,20,19),(12,13,21),(12,21,20),(13,14,22),(13,22,21),(14,15,23),(14,23,22),(15,16,24),(15,24,23),(16,9,17),(16,17,24),(17,18,26),(17,26,25),(18,19,27),(18,27,26),(19,20,28),(19,28,27),(20,21,29),(20,29,28),(21,22,30),(21,30,29),(22,23,31),(22,31,30),(23,24,32),(23,32,31),(24,17,25),(24,25,32),(25,26,34),(25,34,33),(26,27,35),(26,35,34),(27,28,36),(27,36,35),(28,29,37),(28,37,36),(29,30,38),(29,38,37),(30,31,39),(30,39,38),(31,32,40),(31,40,39),(32,25,33),(32,33,40),(33,34,42),(33,42,41),(34,35,43),(34,43,42),(35,36,44),(35,44,43),(36,37,45),(36,45,44),(37,38,46),(37,46,45),(38,39,47),(38,47,46),(39,40,48),(39,48,47),(40,33,41),(40,41,48),(41,42,50),(41,50,49),(42,43,51),(42,51,50),(43,44,52),(43,52,51),(44,45,53),(44,53,52),(45,46,54),(45,54,53),(46,47,55),(46,55,54),(47,48,56),(47,56,55),(48,41,49),(48,49,56),(57,2,1),(58,49,50),(57,3,2),(58,50,51),(57,4,3),(58,51,52),(57,5,4),(58,52,53),(57,6,5),(58,53,54),(57,7,6),(58,54,55),(57,8,7),(58,55,56),(57,1,8),(58,56,49),(59,60,68),(59,68,67),(60,61,69),(60,69,68),(61,62,70),(61,70,69),(62,63,71),(62,71,70),(63,64,72),(63,72,71),(64,65,73),(64,73,72),(65,66,74),(65,74,73),(66,59,67),(66,67,74),(67,68,76),(67,76,75),(68,69,77),(68,77,76),(69,70,78),(69,78,77),(70,71,79),(70,79,78),(71,72,80),(71,80,79),(72,73,81),(72,81,80),(73,74,82),(73,82,81),(74,67,75),(74,75,82),(75,76,84),(75,84,83),(76,77,85),(76,85,84),(77,78,86),(77,86,85),(78,79,87),(78,87,86),(79,80,88),(79,88,87),(80,81,89),(80,89,88),(81,82,90),(81,90,89),(82,75,83),(82,83,90),(83,84,92),(83,92,91),(84,85,93),(84,93,92),(85,86,94),(85,94,93),(86,87,95),(86,95,94),(87,88,96),(87,96,95),(88,89,97),(88,97,96),(89,90,98),(89,98,97),(90,83,91),(90,91,98),(91,92,100),(91,100,99),(92,93,101),(92,101,100),(93,94,102),(93,102,101),(94,95,103),(94,103,102),(95,96,104),(95,104,103),(96,97,105),(96,105,104),(97,98,106),(97,106,105),(98,91,99),(98,99,106),(99,100,108),(99,108,107),(100,101,109),(100,109,108),(101,102,110),(101,110,109),(102,103,111),(102,111,110),(103,104,112),(103,112,111),(104,105,113),(104,113,112),(105,106,114),(105,114,113),(106,99,107),(106,107,114),(115,60,59),(116,107,108),(115,61,60),(116,108,109),(115,62,61),(116,109,110),(115,63,62),(116,110,111),(115,64,63),(116,111,112),(115,65,64),(116,112,113),(115,66,65),(116,113,114),(115,59,66),(116,114,107)),$);
#5332=IFCSTYLEDITEM(#5331,(#5239),$);
#5333=IFCCARTESIANPOINTLIST3D(((0.035,0.,0.4),(0.018,0.03,0.4),(-0.017,0.03,0.4),(-0.035,0.,0.4),(-0.018,-0.03,0.4),(0.018,-0.03,0.4),(0.03,0.,0.9),(0.015,0.026,0.9),(-0.015,0.026,0.9),(-0.03,0.,0.9),(-0.015,-0.026,0.9),(0.015,-0.026,0.9),(0.,0.,0.4),(0.,0.,0.9)));
#5334=IFCTRIANGULATEDFACESET(#5333,$,$,((1,2,8),(1,8,7),(2,3,9),(2,9,8),(3,4,10),(3,10,9),(4,5,11),(4,11,10),(5,6,12),(5,12,11),(6,1,7),(6,7,12),(13,2,1),(14,7,8),(13,3,2),(14,8,9),(13,4,3),(14,9,10),(13,5,4),(14,10,11),(13,6,5),(14,11,12),(13,1,6),(14,12,7)),$);
#5335=IFCSTYLEDITEM(#5334,(#505),$);
#5336=IFCFURNITURE('23OPuoDWpxaaXqe0lMVL4L',$,'Master bed',$,$,#5339,#5348,$,.BED.);
#5337=IFCCARTESIANPOINT((2.,4.6,0.));
#5338=IFCAXIS2PLACEMENT3D(#5337,$,$);
#5339=IFCLOCALPLACEMENT(#31,#5338);
#5340=IFCCARTESIANPOINT((1.,1.05));
#5341=IFCAXIS2PLACEMENT2D(#5340,$);
#5342=IFCRECTANGLEPROFILEDEF(.AREA.,$,#5341,2.,2.1);
#5343=IFCCARTESIANPOINT((0.,0.,0.28));
#5344=IFCAXIS2PLACEMENT3D(#5343,$,$);
#5345=IFCDIRECTION((0.,0.,1.));
#5346=IFCEXTRUDEDAREASOLID(#5342,#5344,#5345,0.24);
#5347=IFCSHAPEREPRESENTATION(#11,'Body','SweptSolid',(#5346,#5356,#5364,#5372,#5380,#5388));
#5348=IFCPRODUCTDEFINITIONSHAPE($,$,(#5347));
#5349=IFCSTYLEDITEM(#5346,(#4082),$);
#5350=IFCCARTESIANPOINT((1.04,1.07));
#5351=IFCAXIS2PLACEMENT2D(#5350,$);
#5352=IFCRECTANGLEPROFILEDEF(.AREA.,$,#5351,2.08,2.14);
#5353=IFCCARTESIANPOINT((-0.04,-0.04,0.));
#5354=IFCAXIS2PLACEMENT3D(#5353,$,$);
#5355=IFCDIRECTION((0.,0.,1.));
#5356=IFCEXTRUDEDAREASOLID(#5352,#5354,#5355,0.28);
#5357=IFCSTYLEDITEM(#5356,(#3450),$);
#5358=IFCCARTESIANPOINT((1.04,0.040000000000000036));
#5359=IFCAXIS2PLACEMENT2D(#5358,$);
#5360=IFCRECTANGLEPROFILEDEF(.AREA.,$,#5359,2.08,0.08000000000000007);
#5361=IFCCARTESIANPOINT((-0.04,2.1,0.));
#5362=IFCAXIS2PLACEMENT3D(#5361,$,$);
#5363=IFCDIRECTION((0.,0.,1.));
#5364=IFCEXTRUDEDAREASOLID(#5360,#5362,#5363,1.1);
#5365=IFCSTYLEDITEM(#5364,(#3189),$);
#5366=IFCCARTESIANPOINT((1.,0.63));
#5367=IFCAXIS2PLACEMENT2D(#5366,$);
#5368=IFCRECTANGLEPROFILEDEF(.AREA.,$,#5367,2.,1.26);
#5369=IFCCARTESIANPOINT((0.,0.,0.52));
#5370=IFCAXIS2PLACEMENT3D(#5369,$,$);
#5371=IFCDIRECTION((0.,0.,1.));
#5372=IFCEXTRUDEDAREASOLID(#5368,#5370,#5371,0.04000000000000003);
#5373=IFCSTYLEDITEM(#5372,(#3189),$);
#5374=IFCCARTESIANPOINT((0.41,0.21499999999999997));
#5375=IFCAXIS2PLACEMENT2D(#5374,$);
#5376=IFCRECTANGLEPROFILEDEF(.AREA.,$,#5375,0.82,0.42999999999999994);
#5377=IFCCARTESIANPOINT((0.12,1.55,0.52));
#5378=IFCAXIS2PLACEMENT3D(#5377,$,$);
#5379=IFCDIRECTION((0.,0.,1.));
#5380=IFCEXTRUDEDAREASOLID(#5376,#5378,#5379,0.14);
#5381=IFCSTYLEDITEM(#5380,(#193),$);
#5382=IFCCARTESIANPOINT((0.4099999999999999,0.21499999999999997));
#5383=IFCAXIS2PLACEMENT2D(#5382,$);
#5384=IFCRECTANGLEPROFILEDEF(.AREA.,$,#5383,0.8199999999999998,0.42999999999999994);
#5385=IFCCARTESIANPOINT((1.06,1.55,0.52));
#5386=IFCAXIS2PLACEMENT3D(#5385,$,$);
#5387=IFCDIRECTION((0.,0.,1.));
#5388=IFCEXTRUDEDAREASOLID(#5384,#5386,#5387,0.14);
#5389=IFCSTYLEDITEM(#5388,(#193),$);
#5390=IFCFURNITURE('12U9Lv_QWt7bfwRvM5ID6t',$,'Master nightstand west',$,$,#5393,#5402,$,$);
#5391=IFCCARTESIANPOINT((1.35,6.3,0.));
#5392=IFCAXIS2PLACEMENT3D(#5391,$,$);
#5393=IFCLOCALPLACEMENT(#31,#5392);
#5394=IFCCARTESIANPOINT((0.25,0.2));
#5395=IFCAXIS2PLACEMENT2D(#5394,$);
#5396=IFCRECTANGLEPROFILEDEF(.AREA.,$,#5395,0.5,0.4);
#5397=IFCCARTESIANPOINT((0.,0.,0.));
#5398=IFCAXIS2PLACEMENT3D(#5397,$,$);
#5399=IFCDIRECTION((0.,0.,1.));
#5400=IFCEXTRUDEDAREASOLID(#5396,#5398,#5399,0.5);
#5401=IFCSHAPEREPRESENTATION(#11,'Body','SweptSolid',(#5400));
#5402=IFCPRODUCTDEFINITIONSHAPE($,$,(#5401));
#5403=IFCSTYLEDITEM(#5400,(#1830),$);
#5404=IFCFURNITURE('3C33C7WCiN0vKU1EN$YyS2',$,'Master nightstand east',$,$,#5407,#5416,$,$);
#5405=IFCCARTESIANPOINT((4.15,6.3,0.));
#5406=IFCAXIS2PLACEMENT3D(#5405,$,$);
#5407=IFCLOCALPLACEMENT(#31,#5406);
#5408=IFCCARTESIANPOINT((0.25,0.2));
#5409=IFCAXIS2PLACEMENT2D(#5408,$);
#5410=IFCRECTANGLEPROFILEDEF(.AREA.,$,#5409,0.5,0.4);
#5411=IFCCARTESIANPOINT((0.,0.,0.));
#5412=IFCAXIS2PLACEMENT3D(#5411,$,$);
#5413=IFCDIRECTION((0.,0.,1.));
#5414=IFCEXTRUDEDAREASOLID(#5410,#5412,#5413,0.5);
#5415=IFCSHAPEREPRESENTATION(#11,'Body','SweptSolid',(#5414));
#5416=IFCPRODUCTDEFINITIONSHAPE($,$,(#5415));
#5417=IFCSTYLEDITEM(#5414,(#1830),$);
#5418=IFCFURNISHINGELEMENT('3_2lKMvqWbcEZTcNHfdE9l',$,'Master bedroom rug',$,$,#5421,#5430,$);
#5419=IFCCARTESIANPOINT((0.,0.,0.));
#5420=IFCAXIS2PLACEMENT3D(#5419,$,$);
#5421=IFCLOCALPLACEMENT(#31,#5420);
#5422=IFCCARTESIANPOINT((1.85,1.3));
#5423=IFCAXIS2PLACEMENT2D(#5422,$);
#5424=IFCRECTANGLEPROFILEDEF(.AREA.,$,#5423,3.7,2.6);
#5425=IFCCARTESIANPOINT((1.2,3.4,0.));
#5426=IFCAXIS2PLACEMENT3D(#5425,$,$);
#5427=IFCDIRECTION((0.,0.,1.));
#5428=IFCEXTRUDEDAREASOLID(#5424,#5426,#5427,0.02);
#5429=IFCSHAPEREPRESENTATION(#11,'Body','SweptSolid',(#5428));
#5430=IFCPRODUCTDEFINITIONSHAPE($,$,(#5429));
#5431=IFCSTYLEDITEM(#5428,(#3168),$);
#5432=IFCFURNITURE('2Mh521oonf_pjSUC_8ueCX',$,'Master wardrobe',$,$,#5435,#5444,$,$);
#5433=IFCCARTESIANPOINT((0.4,7.95,0.));
#5434=IFCAXIS2PLACEMENT3D(#5433,$,$);
#5435=IFCLOCALPLACEMENT(#31,#5434);
#5436=IFCCARTESIANPOINT((2.6,0.325));
#5437=IFCAXIS2PLACEMENT2D(#5436,$);
#5438=IFCRECTANGLEPROFILEDEF(.AREA.,$,#5437,5.2,0.65);
#5439=IFCCARTESIANPOINT((0.,0.,0.));
#5440=IFCAXIS2PLACEMENT3D(#5439,$,$);
#5441=IFCDIRECTION((0.,0.,1.));
#5442=IFCEXTRUDEDAREASOLID(#5438,#5440,#5441,2.5);
#5443=IFCSHAPEREPRESENTATION(#11,'Body','SweptSolid',(#5442));
#5444=IFCPRODUCTDEFINITIONSHAPE($,$,(#5443));
#5445=IFCSTYLEDITEM(#5442,(#189),$);
#5446=IFCFURNITURE('3aub08ZK8Mqc0Pt4a8_Kgr',$,'Bedroom bench',$,$,#5449,#5458,$,.SOFA.);
#5447=IFCCARTESIANPOINT((2.2,3.3,0.));
#5448=IFCAXIS2PLACEMENT3D(#5447,$,$);
#5449=IFCLOCALPLACEMENT(#31,#5448);
#5450=IFCCARTESIANPOINT((0.8,0.475));
#5451=IFCAXIS2PLACEMENT2D(#5450,$);
#5452=IFCRECTANGLEPROFILEDEF(.AREA.,$,#5451,1.6,0.95);
#5453=IFCCARTESIANPOINT((0.,0.,0.12));
#5454=IFCAXIS2PLACEMENT3D(#5453,$,$);
#5455=IFCDIRECTION((0.,0.,1.));
#5456=IFCEXTRUDEDAREASOLID(#5452,#5454,#5455,0.28);
#5457=IFCSHAPEREPRESENTATION(#11,'Body','SweptSolid',(#5456,#5466,#5474,#5482,#5490,#5498,#5506,#5514,#5522));
#5458=IFCPRODUCTDEFINITIONSHAPE($,$,(#5457));
#5459=IFCSTYLEDITEM(#5456,(#3185),$);
#5460=IFCCARTESIANPOINT((0.77,0.44499999999999995));
#5461=IFCAXIS2PLACEMENT2D(#5460,$);
#5462=IFCRECTANGLEPROFILEDEF(.AREA.,$,#5461,1.54,0.8899999999999999);
#5463=IFCCARTESIANPOINT((0.03,0.03,0.));
#5464=IFCAXIS2PLACEMENT3D(#5463,$,$);
#5465=IFCDIRECTION((0.,0.,1.));
#5466=IFCEXTRUDEDAREASOLID(#5462,#5464,#5465,0.12);
#5467=IFCSTYLEDITEM(#5466,(#3189),$);
#5468=IFCCARTESIANPOINT((0.8,0.10999999999999999));
#5469=IFCAXIS2PLACEMENT2D(#5468,$);
#5470=IFCRECTANGLEPROFILEDEF(.AREA.,$,#5469,1.6,0.21999999999999997);
#5471=IFCCARTESIANPOINT((0.,0.73,0.4));
#5472=IFCAXIS2PLACEMENT3D(#5471,$,$);
#5473=IFCDIRECTION((0.,0.,1.));
#5474=IFCEXTRUDEDAREASOLID(#5470,#5472,#5473,0.41999999999999993);
#5475=IFCSTYLEDITEM(#5474,(#3200),$);
#5476=IFCCARTESIANPOINT((0.09,0.365));
#5477=IFCAXIS2PLACEMENT2D(#5476,$);
#5478=IFCRECTANGLEPROFILEDEF(.AREA.,$,#5477,0.18,0.73);
#5479=IFCCARTESIANPOINT((0.,0.,0.4));
#5480=IFCAXIS2PLACEMENT3D(#5479,$,$);
#5481=IFCDIRECTION((0.,0.,1.));
#5482=IFCEXTRUDEDAREASOLID(#5478,#5480,#5481,0.21999999999999997);
#5483=IFCSTYLEDITEM(#5482,(#3200),$);
#5484=IFCCARTESIANPOINT((0.08999999999999997,0.365));
#5485=IFCAXIS2PLACEMENT2D(#5484,$);
#5486=IFCRECTANGLEPROFILEDEF(.AREA.,$,#5485,0.17999999999999994,0.73);
#5487=IFCCARTESIANPOINT((1.4200000000000002,0.,0.4));
#5488=IFCAXIS2PLACEMENT3D(#5487,$,$);
#5489=IFCDIRECTION((0.,0.,1.));
#5490=IFCEXTRUDEDAREASOLID(#5486,#5488,#5489,0.21999999999999997);
#5491=IFCSTYLEDITEM(#5490,(#3200),$);
#5492=IFCCARTESIANPOINT((0.30000000000000004,0.345));
#5493=IFCAXIS2PLACEMENT2D(#5492,$);
#5494=IFCRECTANGLEPROFILEDEF(.AREA.,$,#5493,0.6000000000000001,0.69);
#5495=IFCCARTESIANPOINT((0.19,0.02,0.4));
#5496=IFCAXIS2PLACEMENT3D(#5495,$,$);
#5497=IFCDIRECTION((0.,0.,1.));
#5498=IFCEXTRUDEDAREASOLID(#5494,#5496,#5497,0.14);
#5499=IFCSTYLEDITEM(#5498,(#3227),$);
#5500=IFCCARTESIANPOINT((0.2700000000000001,0.07));
#5501=IFCAXIS2PLACEMENT2D(#5500,$);
#5502=IFCRECTANGLEPROFILEDEF(.AREA.,$,#5501,0.5400000000000001,0.14);
#5503=IFCCARTESIANPOINT((0.22,0.59,0.54));
#5504=IFCAXIS2PLACEMENT3D(#5503,$,$);
#5505=IFCDIRECTION((0.,0.,1.));
#5506=IFCEXTRUDEDAREASOLID(#5502,#5504,#5505,0.36);
#5507=IFCSTYLEDITEM(#5506,(#3227),$);
#5508=IFCCARTESIANPOINT((0.30000000000000004,0.345));
#5509=IFCAXIS2PLACEMENT2D(#5508,$);
#5510=IFCRECTANGLEPROFILEDEF(.AREA.,$,#5509,0.6000000000000001,0.69);
#5511=IFCCARTESIANPOINT((0.81,0.02,0.4));
#5512=IFCAXIS2PLACEMENT3D(#5511,$,$);
#5513=IFCDIRECTION((0.,0.,1.));
#5514=IFCEXTRUDEDAREASOLID(#5510,#5512,#5513,0.14);
#5515=IFCSTYLEDITEM(#5514,(#3227),$);
#5516=IFCCARTESIANPOINT((0.27000000000000013,0.07));
#5517=IFCAXIS2PLACEMENT2D(#5516,$);
#5518=IFCRECTANGLEPROFILEDEF(.AREA.,$,#5517,0.5400000000000003,0.14);
#5519=IFCCARTESIANPOINT((0.8400000000000001,0.59,0.54));
#5520=IFCAXIS2PLACEMENT3D(#5519,$,$);
#5521=IFCDIRECTION((0.,0.,1.));
#5522=IFCEXTRUDEDAREASOLID(#5518,#5520,#5521,0.36);
#5523=IFCSTYLEDITEM(#5522,(#3227),$);
#5524=IFCFURNISHINGELEMENT('33ISw9H$xYv3hKsC5RUZMV',$,'Master bedroom curtain 1',$,'Curtain',#5527,#5536,$);
#5525=IFCCARTESIANPOINT((0.,0.,0.));
#5526=IFCAXIS2PLACEMENT3D(#5525,$,$);
#5527=IFCLOCALPLACEMENT(#31,#5526);
#5528=IFCCARTESIANPOINT((0.3,0.040000000000000036));
#5529=IFCAXIS2PLACEMENT2D(#5528,$);
#5530=IFCRECTANGLEPROFILEDEF(.AREA.,$,#5529,0.6,0.08000000000000007);
#5531=IFCCARTESIANPOINT((0.4,2.55,0.03));
#5532=IFCAXIS2PLACEMENT3D(#5531,$,$);
#5533=IFCDIRECTION((0.,0.,1.));
#5534=IFCEXTRUDEDAREASOLID(#5530,#5532,#5533,2.77);
#5535=IFCSHAPEREPRESENTATION(#11,'Body','SweptSolid',(#5534));
#5536=IFCPRODUCTDEFINITIONSHAPE($,$,(#5535));
#5537=IFCSTYLEDITEM(#5534,(#189),$);
#5538=IFCFURNISHINGELEMENT('2AEM9U9sp9ceUt83e7kZ6f',$,'Master bedroom curtain 2',$,'Curtain',#5541,#5550,$);
#5539=IFCCARTESIANPOINT((0.,0.,0.));
#5540=IFCAXIS2PLACEMENT3D(#5539,$,$);
#5541=IFCLOCALPLACEMENT(#31,#5540);
#5542=IFCCARTESIANPOINT((0.2999999999999998,0.040000000000000036));
#5543=IFCAXIS2PLACEMENT2D(#5542,$);
#5544=IFCRECTANGLEPROFILEDEF(.AREA.,$,#5543,0.5999999999999996,0.08000000000000007);
#5545=IFCCARTESIANPOINT((5.15,2.55,0.03));
#5546=IFCAXIS2PLACEMENT3D(#5545,$,$);
#5547=IFCDIRECTION((0.,0.,1.));
#5548=IFCEXTRUDEDAREASOLID(#5544,#5546,#5547,2.77);
#5549=IFCSHAPEREPRESENTATION(#11,'Body','SweptSolid',(#5548));
#5550=IFCPRODUCTDEFINITIONSHAPE($,$,(#5549));
#5551=IFCSTYLEDITEM(#5548,(#189),$);
#5552=IFCFURNITURE('0hvLylWv8o74drwe7zEQaK',$,'Studio sofa',$,$,#5555,#5564,$,.SOFA.);
#5553=IFCCARTESIANPOINT((9.6,5.2,0.));
#5554=IFCAXIS2PLACEMENT3D(#5553,$,$);
#5555=IFCLOCALPLACEMENT(#31,#5554);
#5556=IFCCARTESIANPOINT((1.3,0.475));
#5557=IFCAXIS2PLACEMENT2D(#5556,$);
#5558=IFCRECTANGLEPROFILEDEF(.AREA.,$,#5557,2.6,0.95);
#5559=IFCCARTESIANPOINT((0.,0.,0.12));
#5560=IFCAXIS2PLACEMENT3D(#5559,$,$);
#5561=IFCDIRECTION((0.,0.,1.));
#5562=IFCEXTRUDEDAREASOLID(#5558,#5560,#5561,0.28);
#5563=IFCSHAPEREPRESENTATION(#11,'Body','SweptSolid',(#5562,#5572,#5580,#5588,#5596,#5604,#5612,#5620,#5628,#5636,#5644));
#5564=IFCPRODUCTDEFINITIONSHAPE($,$,(#5563));
#5565=IFCSTYLEDITEM(#5562,(#3185),$);
#5566=IFCCARTESIANPOINT((1.2700000000000002,0.44499999999999995));
#5567=IFCAXIS2PLACEMENT2D(#5566,$);
#5568=IFCRECTANGLEPROFILEDEF(.AREA.,$,#5567,2.5400000000000005,0.8899999999999999);
#5569=IFCCARTESIANPOINT((0.03,0.03,0.));
#5570=IFCAXIS2PLACEMENT3D(#5569,$,$);
#5571=IFCDIRECTION((0.,0.,1.));
#5572=IFCEXTRUDEDAREASOLID(#5568,#5570,#5571,0.12);
#5573=IFCSTYLEDITEM(#5572,(#3189),$);
#5574=IFCCARTESIANPOINT((1.3,0.10999999999999999));
#5575=IFCAXIS2PLACEMENT2D(#5574,$);
#5576=IFCRECTANGLEPROFILEDEF(.AREA.,$,#5575,2.6,0.21999999999999997);
#5577=IFCCARTESIANPOINT((0.,0.73,0.4));
#5578=IFCAXIS2PLACEMENT3D(#5577,$,$);
#5579=IFCDIRECTION((0.,0.,1.));
#5580=IFCEXTRUDEDAREASOLID(#5576,#5578,#5579,0.41999999999999993);
#5581=IFCSTYLEDITEM(#5580,(#3200),$);
#5582=IFCCARTESIANPOINT((0.09,0.365));
#5583=IFCAXIS2PLACEMENT2D(#5582,$);
#5584=IFCRECTANGLEPROFILEDEF(.AREA.,$,#5583,0.18,0.73);
#5585=IFCCARTESIANPOINT((0.,0.,0.4));
#5586=IFCAXIS2PLACEMENT3D(#5585,$,$);
#5587=IFCDIRECTION((0.,0.,1.));
#5588=IFCEXTRUDEDAREASOLID(#5584,#5586,#5587,0.21999999999999997);
#5589=IFCSTYLEDITEM(#5588,(#3200),$);
#5590=IFCCARTESIANPOINT((0.09000000000000008,0.365));
#5591=IFCAXIS2PLACEMENT2D(#5590,$);
#5592=IFCRECTANGLEPROFILEDEF(.AREA.,$,#5591,0.18000000000000016,0.73);
#5593=IFCCARTESIANPOINT((2.42,0.,0.4));
#5594=IFCAXIS2PLACEMENT3D(#5593,$,$);
#5595=IFCDIRECTION((0.,0.,1.));
#5596=IFCEXTRUDEDAREASOLID(#5592,#5594,#5595,0.21999999999999997);
#5597=IFCSTYLEDITEM(#5596,(#3200),$);
#5598=IFCCARTESIANPOINT((0.3633333333333334,0.345));
#5599=IFCAXIS2PLACEMENT2D(#5598,$);
#5600=IFCRECTANGLEPROFILEDEF(.AREA.,$,#5599,0.7266666666666668,0.69);
#5601=IFCCARTESIANPOINT((0.19,0.02,0.4));
#5602=IFCAXIS2PLACEMENT3D(#5601,$,$);
#5603=IFCDIRECTION((0.,0.,1.));
#5604=IFCEXTRUDEDAREASOLID(#5600,#5602,#5603,0.14);
#5605=IFCSTYLEDITEM(#5604,(#3227),$);
#5606=IFCCARTESIANPOINT((0.33333333333333337,0.07));
#5607=IFCAXIS2PLACEMENT2D(#5606,$);
#5608=IFCRECTANGLEPROFILEDEF(.AREA.,$,#5607,0.6666666666666667,0.14);
#5609=IFCCARTESIANPOINT((0.22,0.59,0.54));
#5610=IFCAXIS2PLACEMENT3D(#5609,$,$);
#5611=IFCDIRECTION((0.,0.,1.));
#5612=IFCEXTRUDEDAREASOLID(#5608,#5610,#5611,0.36);
#5613=IFCSTYLEDITEM(#5612,(#3227),$);
#5614=IFCCARTESIANPOINT((0.3633333333333333,0.345));
#5615=IFCAXIS2PLACEMENT2D(#5614,$);
#5616=IFCRECTANGLEPROFILEDEF(.AREA.,$,#5615,0.7266666666666666,0.69);
#5617=IFCCARTESIANPOINT((0.9366666666666668,0.02,0.4));
#5618=IFCAXIS2PLACEMENT3D(#5617,$,$);
#5619=IFCDIRECTION((0.,0.,1.));
#5620=IFCEXTRUDEDAREASOLID(#5616,#5618,#5619,0.14);
#5621=IFCSTYLEDITEM(#5620,(#3227),$);
#5622=IFCCARTESIANPOINT((0.3333333333333333,0.07));
#5623=IFCAXIS2PLACEMENT2D(#5622,$);
#5624=IFCRECTANGLEPROFILEDEF(.AREA.,$,#5623,0.6666666666666666,0.14);
#5625=IFCCARTESIANPOINT((0.9666666666666668,0.59,0.54));
#5626=IFCAXIS2PLACEMENT3D(#5625,$,$);
#5627=IFCDIRECTION((0.,0.,1.));
#5628=IFCEXTRUDEDAREASOLID(#5624,#5626,#5627,0.36);
#5629=IFCSTYLEDITEM(#5628,(#3227),$);
#5630=IFCCARTESIANPOINT((0.3633333333333334,0.345));
#5631=IFCAXIS2PLACEMENT2D(#5630,$);
#5632=IFCRECTANGLEPROFILEDEF(.AREA.,$,#5631,0.7266666666666668,0.69);
#5633=IFCCARTESIANPOINT((1.6833333333333331,0.02,0.4));
#5634=IFCAXIS2PLACEMENT3D(#5633,$,$);
#5635=IFCDIRECTION((0.,0.,1.));
#5636=IFCEXTRUDEDAREASOLID(#5632,#5634,#5635,0.14);
#5637=IFCSTYLEDITEM(#5636,(#3227),$);
#5638=IFCCARTESIANPOINT((0.3333333333333335,0.07));
#5639=IFCAXIS2PLACEMENT2D(#5638,$);
#5640=IFCRECTANGLEPROFILEDEF(.AREA.,$,#5639,0.666666666666667,0.14);
#5641=IFCCARTESIANPOINT((1.7133333333333334,0.59,0.54));
#5642=IFCAXIS2PLACEMENT3D(#5641,$,$);
#5643=IFCDIRECTION((0.,0.,1.));
#5644=IFCEXTRUDEDAREASOLID(#5640,#5642,#5643,0.36);
#5645=IFCSTYLEDITEM(#5644,(#3227),$);
#5646=IFCFURNITURE('3ajtnu_62gX7ZzmPfK6_Ey',$,'Studio table',$,$,#5649,#5658,$,.TABLE.);
#5647=IFCCARTESIANPOINT((10.2,3.9,0.));
#5648=IFCAXIS2PLACEMENT3D(#5647,$,$);
#5649=IFCLOCALPLACEMENT(#31,#5648);
#5650=IFCCARTESIANPOINT((0.6,0.35));
#5651=IFCAXIS2PLACEMENT2D(#5650,$);
#5652=IFCRECTANGLEPROFILEDEF(.AREA.,$,#5651,1.2,0.7);
#5653=IFCCARTESIANPOINT((0.,0.,0.31));
#5654=IFCAXIS2PLACEMENT3D(#5653,$,$);
#5655=IFCDIRECTION((0.,0.,1.));
#5656=IFCEXTRUDEDAREASOLID(#5652,#5654,#5655,0.04999999999999999);
#5657=IFCSHAPEREPRESENTATION(#11,'Body','SweptSolid',(#5656,#5666,#5674,#5682,#5690));
#5658=IFCPRODUCTDEFINITIONSHAPE($,$,(#5657));
#5659=IFCSTYLEDITEM(#5656,(#1830),$);
#5660=IFCCARTESIANPOINT((0.035,0.035));
#5661=IFCAXIS2PLACEMENT2D(#5660,$);
#5662=IFCRECTANGLEPROFILEDEF(.AREA.,$,#5661,0.07,0.07);
#5663=IFCCARTESIANPOINT((0.06,0.06,0.));
#5664=IFCAXIS2PLACEMENT3D(#5663,$,$);
#5665=IFCDIRECTION((0.,0.,1.));
#5666=IFCEXTRUDEDAREASOLID(#5662,#5664,#5665,0.31);
#5667=IFCSTYLEDITEM(#5666,(#3450),$);
#5668=IFCCARTESIANPOINT((0.03500000000000003,0.035));
#5669=IFCAXIS2PLACEMENT2D(#5668,$);
#5670=IFCRECTANGLEPROFILEDEF(.AREA.,$,#5669,0.07000000000000006,0.07);
#5671=IFCCARTESIANPOINT((1.0699999999999998,0.06,0.));
#5672=IFCAXIS2PLACEMENT3D(#5671,$,$);
#5673=IFCDIRECTION((0.,0.,1.));
#5674=IFCEXTRUDEDAREASOLID(#5670,#5672,#5673,0.31);
#5675=IFCSTYLEDITEM(#5674,(#3450),$);
#5676=IFCCARTESIANPOINT((0.035,0.03500000000000003));
#5677=IFCAXIS2PLACEMENT2D(#5676,$);
#5678=IFCRECTANGLEPROFILEDEF(.AREA.,$,#5677,0.07,0.07000000000000006);
#5679=IFCCARTESIANPOINT((0.06,0.5699999999999998,0.));
#5680=IFCAXIS2PLACEMENT3D(#5679,$,$);
#5681=IFCDIRECTION((0.,0.,1.));
#5682=IFCEXTRUDEDAREASOLID(#5678,#5680,#5681,0.31);
#5683=IFCSTYLEDITEM(#5682,(#3450),$);
#5684=IFCCARTESIANPOINT((0.03500000000000003,0.03500000000000003));
#5685=IFCAXIS2PLACEMENT2D(#5684,$);
#5686=IFCRECTANGLEPROFILEDEF(.AREA.,$,#5685,0.07000000000000006,0.07000000000000006);
#5687=IFCCARTESIANPOINT((1.0699999999999998,0.5699999999999998,0.));
#5688=IFCAXIS2PLACEMENT3D(#5687,$,$);
#5689=IFCDIRECTION((0.,0.,1.));
#5690=IFCEXTRUDEDAREASOLID(#5686,#5688,#5689,0.31);
#5691=IFCSTYLEDITEM(#5690,(#3450),$);
#5692=IFCFURNITURE('1KFdDoD9$vDhakLLX9Kv14',$,'Studio shelf',$,$,#5695,#5704,$,.SHELF.);
#5693=IFCCARTESIANPOINT((9.3,6.9,0.));
#5694=IFCAXIS2PLACEMENT3D(#5693,$,$);
#5695=IFCLOCALPLACEMENT(#31,#5694);
#5696=IFCCARTESIANPOINT((1.6,0.2));
#5697=IFCAXIS2PLACEMENT2D(#5696,$);
#5698=IFCRECTANGLEPROFILEDEF(.AREA.,$,#5697,3.2,0.4);
#5699=IFCCARTESIANPOINT((0.,0.,0.));
#5700=IFCAXIS2PLACEMENT3D(#5699,$,$);
#5701=IFCDIRECTION((0.,0.,1.));
#5702=IFCEXTRUDEDAREASOLID(#5698,#5700,#5701,2.);
#5703=IFCSHAPEREPRESENTATION(#11,'Body','SweptSolid',(#5702));
#5704=IFCPRODUCTDEFINITIONSHAPE($,$,(#5703));
#5705=IFCSTYLEDITEM(#5702,(#1830),$);
#5706=IFCRAILING('2QiyFA8K1mTetjYsnYWWTE',$,'Stair well balustrade',$,$,#5709,#5718,$,.BALUSTRADE.);
#5707=IFCCARTESIANPOINT((0.,0.,0.));
#5708=IFCAXIS2PLACEMENT3D(#5707,$,$);
#5709=IFCLOCALPLACEMENT(#31,#5708);
#5710=IFCCARTESIANPOINT((0.010000000000000233,0.4999999999999996));
#5711=IFCAXIS2PLACEMENT2D(#5710,$);
#5712=IFCRECTANGLEPROFILEDEF(.AREA.,$,#5711,0.020000000000000465,0.9999999999999992);
#5713=IFCCARTESIANPOINT((7.3,7.7,0.));
#5714=IFCAXIS2PLACEMENT3D(#5713,$,$);
#5715=IFCDIRECTION((0.,0.,1.));
#5716=IFCEXTRUDEDAREASOLID(#5712,#5714,#5715,1.05);
#5717=IFCSHAPEREPRESENTATION(#11,'Body','SweptSolid',(#5716));
#5718=IFCPRODUCTDEFINITIONSHAPE($,$,(#5717));
#5719=IFCSTYLEDITEM(#5716,(#978),$);
#5720=IFCFURNISHINGELEMENT('0mmhfxCWH4CLQhhHW8ac3b',$,'Studio curtain 1',$,'Curtain',#5723,#5732,$);
#5721=IFCCARTESIANPOINT((0.,0.,0.));
#5722=IFCAXIS2PLACEMENT3D(#5721,$,$);
#5723=IFCLOCALPLACEMENT(#31,#5722);
#5724=IFCCARTESIANPOINT((0.2999999999999998,0.040000000000000036));
#5725=IFCAXIS2PLACEMENT2D(#5724,$);
#5726=IFCRECTANGLEPROFILEDEF(.AREA.,$,#5725,0.5999999999999996,0.08000000000000007);
#5727=IFCCARTESIANPOINT((9.3,2.55,0.03));
#5728=IFCAXIS2PLACEMENT3D(#5727,$,$);
#5729=IFCDIRECTION((0.,0.,1.));
#5730=IFCEXTRUDEDAREASOLID(#5726,#5728,#5729,2.77);
#5731=IFCSHAPEREPRESENTATION(#11,'Body','SweptSolid',(#5730));
#5732=IFCPRODUCTDEFINITIONSHAPE($,$,(#5731));
#5733=IFCSTYLEDITEM(#5730,(#189),$);
#5734=IFCFURNISHINGELEMENT('2SdFfK3fduvl_6rhAvUrSE',$,'Studio curtain 2',$,'Curtain',#5737,#5746,$);
#5735=IFCCARTESIANPOINT((0.,0.,0.));
#5736=IFCAXIS2PLACEMENT3D(#5735,$,$);
#5737=IFCLOCALPLACEMENT(#31,#5736);
#5738=IFCCARTESIANPOINT((0.2999999999999998,0.040000000000000036));
#5739=IFCAXIS2PLACEMENT2D(#5738,$);
#5740=IFCRECTANGLEPROFILEDEF(.AREA.,$,#5739,0.5999999999999996,0.08000000000000007);
#5741=IFCCARTESIANPOINT((12.,2.55,0.03));
#5742=IFCAXIS2PLACEMENT3D(#5741,$,$);
#5743=IFCDIRECTION((0.,0.,1.));
#5744=IFCEXTRUDEDAREASOLID(#5740,#5742,#5743,2.77);
#5745=IFCSHAPEREPRESENTATION(#11,'Body','SweptSolid',(#5744));
#5746=IFCPRODUCTDEFINITIONSHAPE($,$,(#5745));
#5747=IFCSTYLEDITEM(#5744,(#189),$);
#5748=IFCFURNISHINGELEMENT('1qyss0cXALKlIfAkq8zlWK',$,'Balcony planter 1',$,'Planter',#5751,#5755,$);
#5749=IFCCARTESIANPOINT((0.9,0.5,0.));
#5750=IFCAXIS2PLACEMENT3D(#5749,$,$);
#5751=IFCLOCALPLACEMENT(#31,#5750);
#5752=IFCCARTESIANPOINTLIST3D(((0.204,0.,0.),(0.177,0.102,0.),(0.102,0.177,0.),(0.,0.204,0.),(-0.102,0.177,0.),(-0.177,0.102,0.),(-0.204,0.,0.),(-0.177,-0.102,0.),(-0.102,-0.177,0.),(0.,-0.204,0.),(0.102,-0.177,0.),(0.177,-0.102,0.),(0.34,0.,0.358),(0.294,0.17,0.358),(0.17,0.294,0.358),(0.,0.34,0.358),(-0.17,0.294,0.358),(-0.294,0.17,0.358),(-0.34,0.,0.358),(-0.294,-0.17,0.358),(-0.17,-0.294,0.358),(0.,-0.34,0.358),(0.17,-0.294,0.358),(0.294,-0.17,0.358),(0.289,0.,0.65),(0.25,0.145,0.65),(0.145,0.25,0.65),(0.,0.289,0.65),(-0.144,0.25,0.65),(-0.25,0.145,0.65),(-0.289,0.,0.65),(-0.25,-0.144,0.65),(-0.145,-0.25,0.65),(0.,-0.289,0.65),(0.145,-0.25,0.65),(0.25,-0.145,0.65),(0.238,0.,0.61),(0.206,0.119,0.61),(0.119,0.206,0.61),(0.,0.238,0.61),(-0.119,0.206,0.61),(-0.206,0.119,0.61),(-0.238,0.,0.61),(-0.206,-0.119,0.61),(-0.119,-0.206,0.61),(0.,-0.238,0.61),(0.119,-0.206,0.61),(0.206,-0.119,0.61),(0.,0.,0.),(0.,0.,0.61)));
#5753=IFCTRIANGULATEDFACESET(#5752,$,$,((1,2,14),(1,14,13),(2,3,15),(2,15,14),(3,4,16),(3,16,15),(4,5,17),(4,17,16),(5,6,18),(5,18,17),(6,7,19),(6,19,18),(7,8,20),(7,20,19),(8,9,21),(8,21,20),(9,10,22),(9,22,21),(10,11,23),(10,23,22),(11,12,24),(11,24,23),(12,1,13),(12,13,24),(13,14,26),(13,26,25),(14,15,27),(14,27,26),(15,16,28),(15,28,27),(16,17,29),(16,29,28),(17,18,30),(17,30,29),(18,19,31),(18,31,30),(19,20,32),(19,32,31),(20,21,33),(20,33,32),(21,22,34),(21,34,33),(22,23,35),(22,35,34),(23,24,36),(23,36,35),(24,13,25),(24,25,36),(25,26,38),(25,38,37),(26,27,39),(26,39,38),(27,28,40),(27,40,39),(28,29,41),(28,41,40),(29,30,42),(29,42,41),(30,31,43),(30,43,42),(31,32,44),(31,44,43),(32,33,45),(32,45,44),(33,34,46),(33,46,45),(34,35,47),(34,47,46),(35,36,48),(35,48,47),(36,25,37),(36,37,48),(49,2,1),(50,37,38),(49,3,2),(50,38,39),(49,4,3),(50,39,40),(49,5,4),(50,40,41),(49,6,5),(50,41,42),(49,7,6),(50,42,43),(49,8,7),(50,43,44),(49,9,8),(50,44,45),(49,10,9),(50,45,46),(49,11,10),(50,46,47),(49,12,11),(50,47,48),(49,1,12),(50,48,37)),$);
#5754=IFCSHAPEREPRESENTATION(#11,'Body','Tessellation',(#5753,#5758,#5761));
#5755=IFCPRODUCTDEFINITIONSHAPE($,$,(#5754));
#5756=IFCSTYLEDITEM(#5753,(#5235),$);
#5757=IFCCARTESIANPOINTLIST3D(((0.02,0.,1.105),(0.014,0.014,1.105),(0.,0.02,1.105),(-0.014,0.014,1.105),(-0.02,0.,1.105),(-0.014,-0.014,1.105),(0.,-0.02,1.105),(0.014,-0.014,1.105),(0.247,0.,1.162),(0.175,0.175,1.162),(0.,0.247,1.162),(-0.175,0.175,1.162),(-0.247,0.,1.162),(-0.175,-0.175,1.162),(0.,-0.247,1.162),(0.175,-0.175,1.162),(0.428,0.,1.316),(0.303,0.303,1.316),(0.,0.428,1.316),(-0.303,0.303,1.316),(-0.428,0.,1.316),(-0.303,-0.303,1.316),(0.,-0.428,1.316),(0.303,-0.303,1.316),(0.494,0.,1.527),(0.349,0.349,1.527),(0.,0.494,1.527),(-0.349,0.349,1.527),(-0.494,0.,1.527),(-0.349,-0.349,1.527),(0.,-0.494,1.527),(0.349,-0.349,1.527),(0.428,0.,1.739),(0.303,0.303,1.739),(0.,0.428,1.739),(-0.303,0.303,1.739),(-0.428,0.,1.739),(-0.303,-0.303,1.739),(0.,-0.428,1.739),(0.303,-0.303,1.739),(0.247,0.,1.893),(0.175,0.175,1.893),(0.,0.247,1.893),(-0.175,0.175,1.893),(-0.247,0.,1.893),(-0.175,-0.175,1.893),(0.,-0.247,1.893),(0.175,-0.175,1.893),(0.02,0.,1.95),(0.014,0.014,1.95),(0.,0.02,1.95),(-0.014,0.014,1.95),(-0.02,0.,1.95),(-0.014,-0.014,1.95),(0.,-0.02,1.95),(0.014,-0.014,1.95),(0.,0.,1.105),(0.,0.,1.95),(0.17,0.1,0.91),(0.164,0.114,0.91),(0.15,0.12,0.91),(0.136,0.114,0.91),(0.13,0.1,0.91),(0.136,0.086,0.91),(0.15,0.08,0.91),(0.164,0.086,0.91),(0.313,0.1,0.945),(0.265,0.215,0.945),(0.15,0.262,0.945),(0.035,0.215,0.945),(-0.012,0.1,0.945),(0.035,-0.015,0.945),(0.15,-0.062,0.945),(0.265,-0.015,0.945),(0.431,0.1,1.04),(0.349,0.299,1.04),(0.15,0.381,1.04),(-0.049,0.299,1.04),(-0.131,0.1,1.04),(-0.049,-0.099,1.04),(0.15,-0.181,1.04),(0.349,-0.099,1.04),(0.475,0.1,1.17),(0.38,0.33,1.17),(0.15,0.425,1.17),(-0.08,0.33,1.17),(-0.175,0.1,1.17),(-0.08,-0.13,1.17),(0.15,-0.225,1.17),(0.38,-0.13,1.17),(0.431,0.1,1.3),(0.349,0.299,1.3),(0.15,0.381,1.3),(-0.049,0.299,1.3),(-0.131,0.1,1.3),(-0.049,-0.099,1.3),(0.15,-0.181,1.3),(0.349,-0.099,1.3),(0.313,0.1,1.395),(0.265,0.215,1.395),(0.15,0.262,1.395),(0.035,0.215,1.395),(-0.012,0.1,1.395),(0.035,-0.015,1.395),(0.15,-0.062,1.395),(0.265,-0.015,1.395),(0.17,0.1,1.43),(0.164,0.114,1.43),(0.15,0.12,1.43),(0.136,0.114,1.43),(0.13,0.1,1.43),(0.136,0.086,1.43),(0.15,0.08,1.43),(0.164,0.086,1.43),(0.15,0.1,0.91),(0.15,0.1,1.4300000000000002)));
#5758=IFCTRIANGULATEDFACESET(#5757,$,$,((1,2,10),(1,10,9),(2,3,11),(2,11,10),(3,4,12),(3,12,11),(4,5,13),(4,13,12),(5,6,14),(5,14,13),(6,7,15),(6,15,14),(7,8,16),(7,16,15),(8,1,9),(8,9,16),(9,10,18),(9,18,17),(10,11,19),(10,19,18),(11,12,20),(11,20,19),(12,13,21),(12,21,20),(13,14,22),(13,22,21),(14,15,23),(14,23,22),(15,16,24),(15,24,23),(16,9,17),(16,17,24),(17,18,26),(17,26,25),(18,19,27),(18,27,26),(19,20,28),(19,28,27),(20,21,29),(20,29,28),(21,22,30),(21,30,29),(22,23,31),(22,31,30),(23,24,32),(23,32,31),(24,17,25),(24,25,32),(25,26,34),(25,34,33),(26,27,35),(26,35,34),(27,28,36),(27,36,35),(28,29,37),(28,37,36),(29,30,38),(29,38,37),(30,31,39),(30,39,38),(31,32,40),(31,40,39),(32,25,33),(32,33,40),(33,34,42),(33,42,41),(34,35,43),(34,43,42),(35,36,44),(35,44,43),(36,37,45),(36,45,44),(37,38,46),(37,46,45),(38,39,47),(38,47,46),(39,40,48),(39,48,47),(40,33,41),(40,41,48),(41,42,50),(41,50,49),(42,43,51),(42,51,50),(43,44,52),(43,52,51),(44,45,53),(44,53,52),(45,46,54),(45,54,53),(46,47,55),(46,55,54),(47,48,56),(47,56,55),(48,41,49),(48,49,56),(57,2,1),(58,49,50),(57,3,2),(58,50,51),(57,4,3),(58,51,52),(57,5,4),(58,52,53),(57,6,5),(58,53,54),(57,7,6),(58,54,55),(57,8,7),(58,55,56),(57,1,8),(58,56,49),(59,60,68),(59,68,67),(60,61,69),(60,69,68),(61,62,70),(61,70,69),(62,63,71),(62,71,70),(63,64,72),(63,72,71),(64,65,73),(64,73,72),(65,66,74),(65,74,73),(66,59,67),(66,67,74),(67,68,76),(67,76,75),(68,69,77),(68,77,76),(69,70,78),(69,78,77),(70,71,79),(70,79,78),(71,72,80),(71,80,79),(72,73,81),(72,81,80),(73,74,82),(73,82,81),(74,67,75),(74,75,82),(75,76,84),(75,84,83),(76,77,85),(76,85,84),(77,78,86),(77,86,85),(78,79,87),(78,87,86),(79,80,88),(79,88,87),(80,81,89),(80,89,88),(81,82,90),(81,90,89),(82,75,83),(82,83,90),(83,84,92),(83,92,91),(84,85,93),(84,93,92),(85,86,94),(85,94,93),(86,87,95),(86,95,94),(87,88,96),(87,96,95),(88,89,97),(88,97,96),(89,90,98),(89,98,97),(90,83,91),(90,91,98),(91,92,100),(91,100,99),(92,93,101),(92,101,100),(93,94,102),(93,102,101),(94,95,103),(94,103,102),(95,96,104),(95,104,103),(96,97,105),(96,105,104),(97,98,106),(97,106,105),(98,91,99),(98,99,106),(99,100,108),(99,108,107),(100,101,109),(100,109,108),(101,102,110),(101,110,109),(102,103,111),(102,111,110),(103,104,112),(103,112,111),(104,105,113),(104,113,112),(105,106,114),(105,114,113),(106,99,107),(106,107,114),(115,60,59),(116,107,108),(115,61,60),(116,108,109),(115,62,61),(116,109,110),(115,63,62),(116,110,111),(115,64,63),(116,111,112),(115,65,64),(116,112,113),(115,66,65),(116,113,114),(115,59,66),(116,114,107)),$);
#5759=IFCSTYLEDITEM(#5758,(#5239),$);
#5760=IFCCARTESIANPOINTLIST3D(((0.035,0.,0.6),(0.018,0.03,0.6),(-0.017,0.03,0.6),(-0.035,0.,0.6),(-0.018,-0.03,0.6),(0.018,-0.03,0.6),(0.03,0.,1.3),(0.015,0.026,1.3),(-0.015,0.026,1.3),(-0.03,0.,1.3),(-0.015,-0.026,1.3),(0.015,-0.026,1.3),(0.,0.,0.6),(0.,0.,1.3)));
#5761=IFCTRIANGULATEDFACESET(#5760,$,$,((1,2,8),(1,8,7),(2,3,9),(2,9,8),(3,4,10),(3,10,9),(4,5,11),(4,11,10),(5,6,12),(5,12,11),(6,1,7),(6,7,12),(13,2,1),(14,7,8),(13,3,2),(14,8,9),(13,4,3),(14,9,10),(13,5,4),(14,10,11),(13,6,5),(14,11,12),(13,1,6),(14,12,7)),$);
#5762=IFCSTYLEDITEM(#5761,(#505),$);
#5763=IFCFURNISHINGELEMENT('1Nwj339FbPwCDwmfQYlzxW',$,'Balcony planter 2',$,'Planter',#5766,#5770,$);
#5764=IFCCARTESIANPOINT((2.6,0.2,0.));
#5765=IFCAXIS2PLACEMENT3D(#5764,$,$);
#5766=IFCLOCALPLACEMENT(#31,#5765);
#5767=IFCCARTESIANPOINTLIST3D(((0.18,0.,0.),(0.156,0.09,0.),(0.09,0.156,0.),(0.,0.18,0.),(-0.09,0.156,0.),(-0.156,0.09,0.),(-0.18,0.,0.),(-0.156,-0.09,0.),(-0.09,-0.156,0.),(0.,-0.18,0.),(0.09,-0.156,0.),(0.156,-0.09,0.),(0.3,0.,0.33),(0.26,0.15,0.33),(0.15,0.26,0.33),(0.,0.3,0.33),(-0.15,0.26,0.33),(-0.26,0.15,0.33),(-0.3,0.,0.33),(-0.26,-0.15,0.33),(-0.15,-0.26,0.33),(0.,-0.3,0.33),(0.15,-0.26,0.33),(0.26,-0.15,0.33),(0.255,0.,0.6),(0.221,0.127,0.6),(0.128,0.221,0.6),(0.,0.255,0.6),(-0.127,0.221,0.6),(-0.221,0.127,0.6),(-0.255,0.,0.6),(-0.221,-0.127,0.6),(-0.128,-0.221,0.6),(0.,-0.255,0.6),(0.128,-0.221,0.6),(0.221,-0.128,0.6),(0.21,0.,0.56),(0.182,0.105,0.56),(0.105,0.182,0.56),(0.,0.21,0.56),(-0.105,0.182,0.56),(-0.182,0.105,0.56),(-0.21,0.,0.56),(-0.182,-0.105,0.56),(-0.105,-0.182,0.56),(0.,-0.21,0.56),(0.105,-0.182,0.56),(0.182,-0.105,0.56),(0.,0.,0.),(0.,0.,0.5599999999999999)));
#5768=IFCTRIANGULATEDFACESET(#5767,$,$,((1,2,14),(1,14,13),(2,3,15),(2,15,14),(3,4,16),(3,16,15),(4,5,17),(4,17,16),(5,6,18),(5,18,17),(6,7,19),(6,19,18),(7,8,20),(7,20,19),(8,9,21),(8,21,20),(9,10,22),(9,22,21),(10,11,23),(10,23,22),(11,12,24),(11,24,23),(12,1,13),(12,13,24),(13,14,26),(13,26,25),(14,15,27),(14,27,26),(15,16,28),(15,28,27),(16,17,29),(16,29,28),(17,18,30),(17,30,29),(18,19,31),(18,31,30),(19,20,32),(19,32,31),(20,21,33),(20,33,32),(21,22,34),(21,34,33),(22,23,35),(22,35,34),(23,24,36),(23,36,35),(24,13,25),(24,25,36),(25,26,38),(25,38,37),(26,27,39),(26,39,38),(27,28,40),(27,40,39),(28,29,41),(28,41,40),(29,30,42),(29,42,41),(30,31,43),(30,43,42),(31,32,44),(31,44,43),(32,33,45),(32,45,44),(33,34,46),(33,46,45),(34,35,47),(34,47,46),(35,36,48),(35,48,47),(36,25,37),(36,37,48),(49,2,1),(50,37,38),(49,3,2),(50,38,39),(49,4,3),(50,39,40),(49,5,4),(50,40,41),(49,6,5),(50,41,42),(49,7,6),(50,42,43),(49,8,7),(50,43,44),(49,9,8),(50,44,45),(49,10,9),(50,45,46),(49,11,10),(50,46,47),(49,12,11),(50,47,48),(49,1,12),(50,48,37)),$);
#5769=IFCSHAPEREPRESENTATION(#11,'Body','Tessellation',(#5768,#5773,#5776));
#5770=IFCPRODUCTDEFINITIONSHAPE($,$,(#5769));
#5771=IFCSTYLEDITEM(#5768,(#5235),$);
#5772=IFCCARTESIANPOINTLIST3D(((0.02,0.,1.16),(0.014,0.014,1.16),(0.,0.02,1.16),(-0.014,0.014,1.16),(-0.02,0.,1.16),(-0.014,-0.014,1.16),(0.,-0.02,1.16),(0.014,-0.014,1.16),(0.304,0.,1.23),(0.215,0.215,1.23),(0.,0.304,1.23),(-0.215,0.215,1.23),(-0.304,0.,1.23),(-0.215,-0.215,1.23),(0.,-0.304,1.23),(0.215,-0.215,1.23),(0.527,0.,1.42),(0.372,0.372,1.42),(0.,0.527,1.42),(-0.372,0.372,1.42),(-0.527,0.,1.42),(-0.372,-0.372,1.42),(0.,-0.527,1.42),(0.372,-0.372,1.42),(0.608,0.,1.68),(0.43,0.43,1.68),(0.,0.608,1.68),(-0.43,0.43,1.68),(-0.608,0.,1.68),(-0.43,-0.43,1.68),(0.,-0.608,1.68),(0.43,-0.43,1.68),(0.527,0.,1.94),(0.372,0.372,1.94),(0.,0.527,1.94),(-0.372,0.372,1.94),(-0.527,0.,1.94),(-0.372,-0.372,1.94),(0.,-0.527,1.94),(0.372,-0.372,1.94),(0.304,0.,2.13),(0.215,0.215,2.13),(0.,0.304,2.13),(-0.215,0.215,2.13),(-0.304,0.,2.13),(-0.215,-0.215,2.13),(0.,-0.304,2.13),(0.215,-0.215,2.13),(0.02,0.,2.2),(0.014,0.014,2.2),(0.,0.02,2.2),(-0.014,0.014,2.2),(-0.02,0.,2.2),(-0.014,-0.014,2.2),(0.,-0.02,2.2),(0.014,-0.014,2.2),(0.,0.,1.16),(0.,0.,2.2),(0.17,0.1,0.92),(0.164,0.114,0.92),(0.15,0.12,0.92),(0.136,0.114,0.92),(0.13,0.1,0.92),(0.136,0.086,0.92),(0.15,0.08,0.92),(0.164,0.086,0.92),(0.35,0.1,0.963),(0.291,0.241,0.963),(0.15,0.3,0.963),(0.009,0.241,0.963),(-0.05,0.1,0.963),(0.009,-0.041,0.963),(0.15,-0.1,0.963),(0.291,-0.041,0.963),(0.496,0.1,1.08),(0.395,0.345,1.08),(0.15,0.446,1.08),(-0.095,0.345,1.08),(-0.196,0.1,1.08),(-0.095,-0.145,1.08),(0.15,-0.246,1.08),(0.395,-0.145,1.08),(0.55,0.1,1.24),(0.433,0.383,1.24),(0.15,0.5,1.24),(-0.133,0.383,1.24),(-0.25,0.1,1.24),(-0.133,-0.183,1.24),(0.15,-0.3,1.24),(0.433,-0.183,1.24),(0.496,0.1,1.4),(0.395,0.345,1.4),(0.15,0.446,1.4),(-0.095,0.345,1.4),(-0.196,0.1,1.4),(-0.095,-0.145,1.4),(0.15,-0.246,1.4),(0.395,-0.145,1.4),(0.35,0.1,1.517),(0.291,0.241,1.517),(0.15,0.3,1.517),(0.009,0.241,1.517),(-0.05,0.1,1.517),(0.009,-0.041,1.517),(0.15,-0.1,1.517),(0.291,-0.041,1.517),(0.17,0.1,1.56),(0.164,0.114,1.56),(0.15,0.12,1.56),(0.136,0.114,1.56),(0.13,0.1,1.56),(0.136,0.086,1.56),(0.15,0.08,1.56),(0.164,0.086,1.56),(0.15,0.1,0.92),(0.15,0.1,1.56)));
#5773=IFCTRIANGULATEDFACESET(#5772,$,$,((1,2,10),(1,10,9),(2,3,11),(2,11,10),(3,4,12),(3,12,11),(4,5,13),(4,13,12),(5,6,14),(5,14,13),(6,7,15),(6,15,14),(7,8,16),(7,16,15),(8,1,9),(8,9,16),(9,10,18),(9,18,17),(10,11,19),(10,19,18),(11,12,20),(11,20,19),(12,13,21),(12,21,20),(13,14,22),(13,22,21),(14,15,23),(14,23,22),(15,16,24),(15,24,23),(16,9,17),(16,17,24),(17,18,26),(17,26,25),(18,19,27),(18,27,26),(19,20,28),(19,28,27),(20,21,29),(20,29,28),(21,22,30),(21,30,29),(22,23,31),(22,31,30),(23,24,32),(23,32,31),(24,17,25),(24,25,32),(25,26,34),(25,34,33),(26,27,35),(26,35,34),(27,28,36),(27,36,35),(28,29,37),(28,37,36),(29,30,38),(29,38,37),(30,31,39),(30,39,38),(31,32,40),(31,40,39),(32,25,33),(32,33,40),(33,34,42),(33,42,41),(34,35,43),(34,43,42),(35,36,44),(35,44,43),(36,37,45),(36,45,44),(37,38,46),(37,46,45),(38,39,47),(38,47,46),(39,40,48),(39,48,47),(40,33,41),(40,41,48),(41,42,50),(41,50,49),(42,43,51),(42,51,50),(43,44,52),(43,52,51),(44,45,53),(44,53,52),(45,46,54),(45,54,53),(46,47,55),(46,55,54),(47,48,56),(47,56,55),(48,41,49),(48,49,56),(57,2,1),(58,49,50),(57,3,2),(58,50,51),(57,4,3),(58,51,52),(57,5,4),(58,52,53),(57,6,5),(58,53,54),(57,7,6),(58,54,55),(57,8,7),(58,55,56),(57,1,8),(58,56,49),(59,60,68),(59,68,67),(60,61,69),(60,69,68),(61,62,70),(61,70,69),(62,63,71),(62,71,70),(63,64,72),(63,72,71),(64,65,73),(64,73,72),(65,66,74),(65,74,73),(66,59,67),(66,67,74),(67,68,76),(67,76,75),(68,69,77),(68,77,76),(69,70,78),(69,78,77),(70,71,79),(70,79,78),(71,72,80),(71,80,79),(72,73,81),(72,81,80),(73,74,82),(73,82,81),(74,67,75),(74,75,82),(75,76,84),(75,84,83),(76,77,85),(76,85,84),(77,78,86),(77,86,85),(78,79,87),(78,87,86),(79,80,88),(79,88,87),(80,81,89),(80,89,88),(81,82,90),(81,90,89),(82,75,83),(82,83,90),(83,84,92),(83,92,91),(84,85,93),(84,93,92),(85,86,94),(85,94,93),(86,87,95),(86,95,94),(87,88,96),(87,96,95),(88,89,97),(88,97,96),(89,90,98),(89,98,97),(90,83,91),(90,91,98),(91,92,100),(91,100,99),(92,93,101),(92,101,100),(93,94,102),(93,102,101),(94,95,103),(94,103,102),(95,96,104),(95,104,103),(96,97,105),(96,105,104),(97,98,106),(97,106,105),(98,91,99),(98,99,106),(99,100,108),(99,108,107),(100,101,109),(100,109,108),(101,102,110),(101,110,109),(102,103,111),(102,111,110),(103,104,112),(103,112,111),(104,105,113),(104,113,112),(105,106,114),(105,114,113),(106,99,107),(106,107,114),(115,60,59),(116,107,108),(115,61,60),(116,108,109),(115,62,61),(116,109,110),(115,63,62),(116,110,111),(115,64,63),(116,111,112),(115,65,64),(116,112,113),(115,66,65),(116,113,114),(115,59,66),(116,114,107)),$);
#5774=IFCSTYLEDITEM(#5773,(#5239),$);
#5775=IFCCARTESIANPOINTLIST3D(((0.035,0.,0.55),(0.018,0.03,0.55),(-0.017,0.03,0.55),(-0.035,0.,0.55),(-0.018,-0.03,0.55),(0.018,-0.03,0.55),(0.03,0.,1.4),(0.015,0.026,1.4),(-0.015,0.026,1.4),(-0.03,0.,1.4),(-0.015,-0.026,1.4),(0.015,-0.026,1.4),(0.,0.,0.5499999999999999),(0.,0.,1.4)));
#5776=IFCTRIANGULATEDFACESET(#5775,$,$,((1,2,8),(1,8,7),(2,3,9),(2,9,8),(3,4,10),(3,10,9),(4,5,11),(4,11,10),(5,6,12),(5,12,11),(6,1,7),(6,7,12),(13,2,1),(14,7,8),(13,3,2),(14,8,9),(13,4,3),(14,9,10),(13,5,4),(14,10,11),(13,6,5),(14,11,12),(13,1,6),(14,12,7)),$);
#5777=IFCSTYLEDITEM(#5776,(#505),$);
#5778=IFCFURNISHINGELEMENT('2dWUJzO459YZhlMsPTTnXG',$,'Balcony planter 3',$,'Planter',#5781,#5785,$);
#5779=IFCCARTESIANPOINT((7.4,0.4,0.));
#5780=IFCAXIS2PLACEMENT3D(#5779,$,$);
#5781=IFCLOCALPLACEMENT(#31,#5780);
#5782=IFCCARTESIANPOINTLIST3D(((0.24,0.,0.),(0.208,0.12,0.),(0.12,0.208,0.),(0.,0.24,0.),(-0.12,0.208,0.),(-0.208,0.12,0.),(-0.24,0.,0.),(-0.208,-0.12,0.),(-0.12,-0.208,0.),(0.,-0.24,0.),(0.12,-0.208,0.),(0.208,-0.12,0.),(0.4,0.,0.413),(0.346,0.2,0.413),(0.2,0.346,0.413),(0.,0.4,0.413),(-0.2,0.346,0.413),(-0.346,0.2,0.413),(-0.4,0.,0.413),(-0.346,-0.2,0.413),(-0.2,-0.346,0.413),(0.,-0.4,0.413),(0.2,-0.346,0.413),(0.346,-0.2,0.413),(0.34,0.,0.75),(0.294,0.17,0.75),(0.17,0.294,0.75),(0.,0.34,0.75),(-0.17,0.294,0.75),(-0.294,0.17,0.75),(-0.34,0.,0.75),(-0.294,-0.17,0.75),(-0.17,-0.294,0.75),(0.,-0.34,0.75),(0.17,-0.294,0.75),(0.294,-0.17,0.75),(0.28,0.,0.71),(0.242,0.14,0.71),(0.14,0.242,0.71),(0.,0.28,0.71),(-0.14,0.242,0.71),(-0.242,0.14,0.71),(-0.28,0.,0.71),(-0.242,-0.14,0.71),(-0.14,-0.242,0.71),(0.,-0.28,0.71),(0.14,-0.242,0.71),(0.242,-0.14,0.71),(0.,0.,0.),(0.,0.,0.71)));
#5783=IFCTRIANGULATEDFACESET(#5782,$,$,((1,2,14),(1,14,13),(2,3,15),(2,15,14),(3,4,16),(3,16,15),(4,5,17),(4,17,16),(5,6,18),(5,18,17),(6,7,19),(6,19,18),(7,8,20),(7,20,19),(8,9,21),(8,21,20),(9,10,22),(9,22,21),(10,11,23),(10,23,22),(11,12,24),(11,24,23),(12,1,13),(12,13,24),(13,14,26),(13,26,25),(14,15,27),(14,27,26),(15,16,28),(15,28,27),(16,17,29),(16,29,28),(17,18,30),(17,30,29),(18,19,31),(18,31,30),(19,20,32),(19,32,31),(20,21,33),(20,33,32),(21,22,34),(21,34,33),(22,23,35),(22,35,34),(23,24,36),(23,36,35),(24,13,25),(24,25,36),(25,26,38),(25,38,37),(26,27,39),(26,39,38),(27,28,40),(27,40,39),(28,29,41),(28,41,40),(29,30,42),(29,42,41),(30,31,43),(30,43,42),(31,32,44),(31,44,43),(32,33,45),(32,45,44),(33,34,46),(33,46,45),(34,35,47),(34,47,46),(35,36,48),(35,48,47),(36,25,37),(36,37,48),(49,2,1),(50,37,38),(49,3,2),(50,38,39),(49,4,3),(50,39,40),(49,5,4),(50,40,41),(49,6,5),(50,41,42),(49,7,6),(50,42,43),(49,8,7),(50,43,44),(49,9,8),(50,44,45),(49,10,9),(50,45,46),(49,11,10),(50,46,47),(49,12,11),(50,47,48),(49,1,12),(50,48,37)),$);
#5784=IFCSHAPEREPRESENTATION(#11,'Body','Tessellation',(#5783,#5788,#5791));
#5785=IFCPRODUCTDEFINITIONSHAPE($,$,(#5784));
#5786=IFCSTYLEDITEM(#5783,(#5235),$);
#5787=IFCCARTESIANPOINTLIST3D(((0.02,0.,1.415),(0.014,0.014,1.415),(0.,0.02,1.415),(-0.014,0.014,1.415),(-0.02,0.,1.415),(-0.014,-0.014,1.415),(0.,-0.02,1.415),(0.014,-0.014,1.415),(0.361,0.,1.498),(0.255,0.255,1.498),(0.,0.361,1.498),(-0.255,0.255,1.498),(-0.361,0.,1.498),(-0.255,-0.255,1.498),(0.,-0.361,1.498),(0.255,-0.255,1.498),(0.625,0.,1.724),(0.442,0.442,1.724),(0.,0.625,1.724),(-0.442,0.442,1.724),(-0.625,0.,1.724),(-0.442,-0.442,1.724),(0.,-0.625,1.724),(0.442,-0.442,1.724),(0.722,0.,2.032),(0.511,0.511,2.032),(0.,0.722,2.032),(-0.511,0.511,2.032),(-0.722,0.,2.032),(-0.511,-0.511,2.032),(0.,-0.722,2.032),(0.511,-0.511,2.032),(0.625,0.,2.341),(0.442,0.442,2.341),(0.,0.625,2.341),(-0.442,0.442,2.341),(-0.625,0.,2.341),(-0.442,-0.442,2.341),(0.,-0.625,2.341),(0.442,-0.442,2.341),(0.361,0.,2.567),(0.255,0.255,2.567),(0.,0.361,2.567),(-0.255,0.255,2.567),(-0.361,0.,2.567),(-0.255,-0.255,2.567),(0.,-0.361,2.567),(0.255,-0.255,2.567),(0.02,0.,2.65),(0.014,0.014,2.65),(0.,0.02,2.65),(-0.014,0.014,2.65),(-0.02,0.,2.65),(-0.014,-0.014,2.65),(0.,-0.02,2.65),(0.014,-0.014,2.65),(0.,0.,1.415),(0.,0.,2.65),(0.17,0.1,1.13),(0.164,0.114,1.13),(0.15,0.12,1.13),(0.136,0.114,1.13),(0.13,0.1,1.13),(0.136,0.086,1.13),(0.15,0.08,1.13),(0.164,0.086,1.13),(0.387,0.1,1.181),(0.318,0.268,1.181),(0.15,0.337,1.181),(-0.018,0.268,1.181),(-0.087,0.1,1.181),(-0.018,-0.068,1.181),(0.15,-0.137,1.181),(0.318,-0.068,1.181),(0.561,0.1,1.32),(0.441,0.391,1.32),(0.15,0.511,1.32),(-0.141,0.391,1.32),(-0.261,0.1,1.32),(-0.141,-0.191,1.32),(0.15,-0.311,1.32),(0.441,-0.191,1.32),(0.625,0.1,1.51),(0.486,0.436,1.51),(0.15,0.575,1.51),(-0.186,0.436,1.51),(-0.325,0.1,1.51),(-0.186,-0.236,1.51),(0.15,-0.375,1.51),(0.486,-0.236,1.51),(0.561,0.1,1.7),(0.441,0.391,1.7),(0.15,0.511,1.7),(-0.141,0.391,1.7),(-0.261,0.1,1.7),(-0.141,-0.191,1.7),(0.15,-0.311,1.7),(0.441,-0.191,1.7),(0.387,0.1,1.839),(0.318,0.268,1.839),(0.15,0.337,1.839),(-0.018,0.268,1.839),(-0.087,0.1,1.839),(-0.018,-0.068,1.839),(0.15,-0.137,1.839),(0.318,-0.068,1.839),(0.17,0.1,1.89),(0.164,0.114,1.89),(0.15,0.12,1.89),(0.136,0.114,1.89),(0.13,0.1,1.89),(0.136,0.086,1.89),(0.15,0.08,1.89),(0.164,0.086,1.89),(0.15,0.1,1.13),(0.15,0.1,1.89)));
#5788=IFCTRIANGULATEDFACESET(#5787,$,$,((1,2,10),(1,10,9),(2,3,11),(2,11,10),(3,4,12),(3,12,11),(4,5,13),(4,13,12),(5,6,14),(5,14,13),(6,7,15),(6,15,14),(7,8,16),(7,16,15),(8,1,9),(8,9,16),(9,10,18),(9,18,17),(10,11,19),(10,19,18),(11,12,20),(11,20,19),(12,13,21),(12,21,20),(13,14,22),(13,22,21),(14,15,23),(14,23,22),(15,16,24),(15,24,23),(16,9,17),(16,17,24),(17,18,26),(17,26,25),(18,19,27),(18,27,26),(19,20,28),(19,28,27),(20,21,29),(20,29,28),(21,22,30),(21,30,29),(22,23,31),(22,31,30),(23,24,32),(23,32,31),(24,17,25),(24,25,32),(25,26,34),(25,34,33),(26,27,35),(26,35,34),(27,28,36),(27,36,35),(28,29,37),(28,37,36),(29,30,38),(29,38,37),(30,31,39),(30,39,38),(31,32,40),(31,40,39),(32,25,33),(32,33,40),(33,34,42),(33,42,41),(34,35,43),(34,43,42),(35,36,44),(35,44,43),(36,37,45),(36,45,44),(37,38,46),(37,46,45),(38,39,47),(38,47,46),(39,40,48),(39,48,47),(40,33,41),(40,41,48),(41,42,50),(41,50,49),(42,43,51),(42,51,50),(43,44,52),(43,52,51),(44,45,53),(44,53,52),(45,46,54),(45,54,53),(46,47,55),(46,55,54),(47,48,56),(47,56,55),(48,41,49),(48,49,56),(57,2,1),(58,49,50),(57,3,2),(58,50,51),(57,4,3),(58,51,52),(57,5,4),(58,52,53),(57,6,5),(58,53,54),(57,7,6),(58,54,55),(57,8,7),(58,55,56),(57,1,8),(58,56,49),(59,60,68),(59,68,67),(60,61,69),(60,69,68),(61,62,70),(61,70,69),(62,63,71),(62,71,70),(63,64,72),(63,72,71),(64,65,73),(64,73,72),(65,66,74),(65,74,73),(66,59,67),(66,67,74),(67,68,76),(67,76,75),(68,69,77),(68,77,76),(69,70,78),(69,78,77),(70,71,79),(70,79,78),(71,72,80),(71,80,79),(72,73,81),(72,81,80),(73,74,82),(73,82,81),(74,67,75),(74,75,82),(75,76,84),(75,84,83),(76,77,85),(76,85,84),(77,78,86),(77,86,85),(78,79,87),(78,87,86),(79,80,88),(79,88,87),(80,81,89),(80,89,88),(81,82,90),(81,90,89),(82,75,83),(82,83,90),(83,84,92),(83,92,91),(84,85,93),(84,93,92),(85,86,94),(85,94,93),(86,87,95),(86,95,94),(87,88,96),(87,96,95),(88,89,97),(88,97,96),(89,90,98),(89,98,97),(90,83,91),(90,91,98),(91,92,100),(91,100,99),(92,93,101),(92,101,100),(93,94,102),(93,102,101),(94,95,103),(94,103,102),(95,96,104),(95,104,103),(96,97,105),(96,105,104),(97,98,106),(97,106,105),(98,91,99),(98,99,106),(99,100,108),(99,108,107),(100,101,109),(100,109,108),(101,102,110),(101,110,109),(102,103,111),(102,111,110),(103,104,112),(103,112,111),(104,105,113),(104,113,112),(105,106,114),(105,114,113),(106,99,107),(106,107,114),(115,60,59),(116,107,108),(115,61,60),(116,108,109),(115,62,61),(116,109,110),(115,63,62),(116,110,111),(115,64,63),(116,111,112),(115,65,64),(116,112,113),(115,66,65),(116,113,114),(115,59,66),(116,114,107)),$);
#5789=IFCSTYLEDITEM(#5788,(#5239),$);
#5790=IFCCARTESIANPOINTLIST3D(((0.035,0.,0.7),(0.018,0.03,0.7),(-0.017,0.03,0.7),(-0.035,0.,0.7),(-0.018,-0.03,0.7),(0.018,-0.03,0.7),(0.03,0.,1.7),(0.015,0.026,1.7),(-0.015,0.026,1.7),(-0.03,0.,1.7),(-0.015,-0.026,1.7),(0.015,-0.026,1.7),(0.,0.,0.7),(0.,0.,1.7)));
#5791=IFCTRIANGULATEDFACESET(#5790,$,$,((1,2,8),(1,8,7),(2,3,9),(2,9,8),(3,4,10),(3,10,9),(4,5,11),(4,11,10),(5,6,12),(5,12,11),(6,1,7),(6,7,12),(13,2,1),(14,7,8),(13,3,2),(14,8,9),(13,4,3),(14,9,10),(13,5,4),(14,10,11),(13,6,5),(14,11,12),(13,1,6),(14,12,7)),$);
#5792=IFCSTYLEDITEM(#5791,(#505),$);
#5793=IFCFURNISHINGELEMENT('209OhE_zRCT7ZFBTsCrPXy',$,'Balcony planter 4',$,'Planter',#5796,#5800,$);
#5794=IFCCARTESIANPOINT((4.4,0.6,0.));
#5795=IFCAXIS2PLACEMENT3D(#5794,$,$);
#5796=IFCLOCALPLACEMENT(#31,#5795);
#5797=IFCCARTESIANPOINTLIST3D(((0.156,0.,0.),(0.135,0.078,0.),(0.078,0.135,0.),(0.,0.156,0.),(-0.078,0.135,0.),(-0.135,0.078,0.),(-0.156,0.,0.),(-0.135,-0.078,0.),(-0.078,-0.135,0.),(0.,-0.156,0.),(0.078,-0.135,0.),(0.135,-0.078,0.),(0.26,0.,0.248),(0.225,0.13,0.248),(0.13,0.225,0.248),(0.,0.26,0.248),(-0.13,0.225,0.248),(-0.225,0.13,0.248),(-0.26,0.,0.248),(-0.225,-0.13,0.248),(-0.13,-0.225,0.248),(0.,-0.26,0.248),(0.13,-0.225,0.248),(0.225,-0.13,0.248),(0.221,0.,0.45),(0.191,0.11,0.45),(0.111,0.191,0.45),(0.,0.221,0.45),(-0.11,0.191,0.45),(-0.191,0.11,0.45),(-0.221,0.,0.45),(-0.191,-0.11,0.45),(-0.111,-0.191,0.45),(0.,-0.221,0.45),(0.111,-0.191,0.45),(0.191,-0.111,0.45),(0.182,0.,0.41),(0.158,0.091,0.41),(0.091,0.158,0.41),(0.,0.182,0.41),(-0.091,0.158,0.41),(-0.158,0.091,0.41),(-0.182,0.,0.41),(-0.158,-0.091,0.41),(-0.091,-0.158,0.41),(0.,-0.182,0.41),(0.091,-0.158,0.41),(0.158,-0.091,0.41),(0.,0.,0.),(0.,0.,0.41)));
#5798=IFCTRIANGULATEDFACESET(#5797,$,$,((1,2,14),(1,14,13),(2,3,15),(2,15,14),(3,4,16),(3,16,15),(4,5,17),(4,17,16),(5,6,18),(5,18,17),(6,7,19),(6,19,18),(7,8,20),(7,20,19),(8,9,21),(8,21,20),(9,10,22),(9,22,21),(10,11,23),(10,23,22),(11,12,24),(11,24,23),(12,1,13),(12,13,24),(13,14,26),(13,26,25),(14,15,27),(14,27,26),(15,16,28),(15,28,27),(16,17,29),(16,29,28),(17,18,30),(17,30,29),(18,19,31),(18,31,30),(19,20,32),(19,32,31),(20,21,33),(20,33,32),(21,22,34),(21,34,33),(22,23,35),(22,35,34),(23,24,36),(23,36,35),(24,13,25),(24,25,36),(25,26,38),(25,38,37),(26,27,39),(26,39,38),(27,28,40),(27,40,39),(28,29,41),(28,41,40),(29,30,42),(29,42,41),(30,31,43),(30,43,42),(31,32,44),(31,44,43),(32,33,45),(32,45,44),(33,34,46),(33,46,45),(34,35,47),(34,47,46),(35,36,48),(35,48,47),(36,25,37),(36,37,48),(49,2,1),(50,37,38),(49,3,2),(50,38,39),(49,4,3),(50,39,40),(49,5,4),(50,40,41),(49,6,5),(50,41,42),(49,7,6),(50,42,43),(49,8,7),(50,43,44),(49,9,8),(50,44,45),(49,10,9),(50,45,46),(49,11,10),(50,46,47),(49,12,11),(50,47,48),(49,1,12),(50,48,37)),$);
#5799=IFCSHAPEREPRESENTATION(#11,'Body','Tessellation',(#5798,#5803,#5806));
#5800=IFCPRODUCTDEFINITIONSHAPE($,$,(#5799));
#5801=IFCSTYLEDITEM(#5798,(#5235),$);
#5802=IFCCARTESIANPOINTLIST3D(((0.02,0.,0.765),(0.014,0.014,0.765),(0.,0.02,0.765),(-0.014,0.014,0.765),(-0.02,0.,0.765),(-0.014,-0.014,0.765),(0.,-0.02,0.765),(0.014,-0.014,0.765),(0.171,0.,0.804),(0.121,0.121,0.804),(0.,0.171,0.804),(-0.121,0.121,0.804),(-0.171,0.,0.804),(-0.121,-0.121,0.804),(0.,-0.171,0.804),(0.121,-0.121,0.804),(0.296,0.,0.911),(0.209,0.209,0.911),(0.,0.296,0.911),(-0.209,0.209,0.911),(-0.296,0.,0.911),(-0.209,-0.209,0.911),(0.,-0.296,0.911),(0.209,-0.209,0.911),(0.342,0.,1.058),(0.242,0.242,1.058),(0.,0.342,1.058),(-0.242,0.242,1.058),(-0.342,0.,1.058),(-0.242,-0.242,1.058),(0.,-0.342,1.058),(0.242,-0.242,1.058),(0.296,0.,1.204),(0.209,0.209,1.204),(0.,0.296,1.204),(-0.209,0.209,1.204),(-0.296,0.,1.204),(-0.209,-0.209,1.204),(0.,-0.296,1.204),(0.209,-0.209,1.204),(0.171,0.,1.311),(0.121,0.121,1.311),(0.,0.171,1.311),(-0.121,0.121,1.311),(-0.171,0.,1.311),(-0.121,-0.121,1.311),(0.,-0.171,1.311),(0.121,-0.121,1.311),(0.02,0.,1.35),(0.014,0.014,1.35),(0.,0.02,1.35),(-0.014,0.014,1.35),(-0.02,0.,1.35),(-0.014,-0.014,1.35),(0.,-0.02,1.35),(0.014,-0.014,1.35),(0.,0.,0.765),(0.,0.,1.35),(0.17,0.1,0.63),(0.164,0.114,0.63),(0.15,0.12,0.63),(0.136,0.114,0.63),(0.13,0.1,0.63),(0.136,0.086,0.63),(0.15,0.08,0.63),(0.164,0.086,0.63),(0.262,0.1,0.654),(0.23,0.18,0.654),(0.15,0.213,0.654),(0.07,0.18,0.654),(0.038,0.1,0.654),(0.07,0.02,0.654),(0.15,-0.012,0.654),(0.23,0.02,0.654),(0.345,0.1,0.72),(0.288,0.238,0.72),(0.15,0.295,0.72),(0.012,0.238,0.72),(-0.045,0.1,0.72),(0.012,-0.038,0.72),(0.15,-0.095,0.72),(0.288,-0.038,0.72),(0.375,0.1,0.81),(0.309,0.259,0.81),(0.15,0.325,0.81),(-0.009,0.259,0.81),(-0.075,0.1,0.81),(-0.009,-0.059,0.81),(0.15,-0.125,0.81),(0.309,-0.059,0.81),(0.345,0.1,0.9),(0.288,0.238,0.9),(0.15,0.295,0.9),(0.012,0.238,0.9),(-0.045,0.1,0.9),(0.012,-0.038,0.9),(0.15,-0.095,0.9),(0.288,-0.038,0.9),(0.262,0.1,0.966),(0.23,0.18,0.966),(0.15,0.213,0.966),(0.07,0.18,0.966),(0.038,0.1,0.966),(0.07,0.02,0.966),(0.15,-0.012,0.966),(0.23,0.02,0.966),(0.17,0.1,0.99),(0.164,0.114,0.99),(0.15,0.12,0.99),(0.136,0.114,0.99),(0.13,0.1,0.99),(0.136,0.086,0.99),(0.15,0.08,0.99),(0.164,0.086,0.99),(0.15,0.1,0.63),(0.15,0.1,0.99)));
#5803=IFCTRIANGULATEDFACESET(#5802,$,$,((1,2,10),(1,10,9),(2,3,11),(2,11,10),(3,4,12),(3,12,11),(4,5,13),(4,13,12),(5,6,14),(5,14,13),(6,7,15),(6,15,14),(7,8,16),(7,16,15),(8,1,9),(8,9,16),(9,10,18),(9,18,17),(10,11,19),(10,19,18),(11,12,20),(11,20,19),(12,13,21),(12,21,20),(13,14,22),(13,22,21),(14,15,23),(14,23,22),(15,16,24),(15,24,23),(16,9,17),(16,17,24),(17,18,26),(17,26,25),(18,19,27),(18,27,26),(19,20,28),(19,28,27),(20,21,29),(20,29,28),(21,22,30),(21,30,29),(22,23,31),(22,31,30),(23,24,32),(23,32,31),(24,17,25),(24,25,32),(25,26,34),(25,34,33),(26,27,35),(26,35,34),(27,28,36),(27,36,35),(28,29,37),(28,37,36),(29,30,38),(29,38,37),(30,31,39),(30,39,38),(31,32,40),(31,40,39),(32,25,33),(32,33,40),(33,34,42),(33,42,41),(34,35,43),(34,43,42),(35,36,44),(35,44,43),(36,37,45),(36,45,44),(37,38,46),(37,46,45),(38,39,47),(38,47,46),(39,40,48),(39,48,47),(40,33,41),(40,41,48),(41,42,50),(41,50,49),(42,43,51),(42,51,50),(43,44,52),(43,52,51),(44,45,53),(44,53,52),(45,46,54),(45,54,53),(46,47,55),(46,55,54),(47,48,56),(47,56,55),(48,41,49),(48,49,56),(57,2,1),(58,49,50),(57,3,2),(58,50,51),(57,4,3),(58,51,52),(57,5,4),(58,52,53),(57,6,5),(58,53,54),(57,7,6),(58,54,55),(57,8,7),(58,55,56),(57,1,8),(58,56,49),(59,60,68),(59,68,67),(60,61,69),(60,69,68),(61,62,70),(61,70,69),(62,63,71),(62,71,70),(63,64,72),(63,72,71),(64,65,73),(64,73,72),(65,66,74),(65,74,73),(66,59,67),(66,67,74),(67,68,76),(67,76,75),(68,69,77),(68,77,76),(69,70,78),(69,78,77),(70,71,79),(70,79,78),(71,72,80),(71,80,79),(72,73,81),(72,81,80),(73,74,82),(73,82,81),(74,67,75),(74,75,82),(75,76,84),(75,84,83),(76,77,85),(76,85,84),(77,78,86),(77,86,85),(78,79,87),(78,87,86),(79,80,88),(79,88,87),(80,81,89),(80,89,88),(81,82,90),(81,90,89),(82,75,83),(82,83,90),(83,84,92),(83,92,91),(84,85,93),(84,93,92),(85,86,94),(85,94,93),(86,87,95),(86,95,94),(87,88,96),(87,96,95),(88,89,97),(88,97,96),(89,90,98),(89,98,97),(90,83,91),(90,91,98),(91,92,100),(91,100,99),(92,93,101),(92,101,100),(93,94,102),(93,102,101),(94,95,103),(94,103,102),(95,96,104),(95,104,103),(96,97,105),(96,105,104),(97,98,106),(97,106,105),(98,91,99),(98,99,106),(99,100,108),(99,108,107),(100,101,109),(100,109,108),(101,102,110),(101,110,109),(102,103,111),(102,111,110),(103,104,112),(103,112,111),(104,105,113),(104,113,112),(105,106,114),(105,114,113),(106,99,107),(106,107,114),(115,60,59),(116,107,108),(115,61,60),(116,108,109),(115,62,61),(116,109,110),(115,63,62),(116,110,111),(115,64,63),(116,111,112),(115,65,64),(116,112,113),(115,66,65),(116,113,114),(115,59,66),(116,114,107)),$);
#5804=IFCSTYLEDITEM(#5803,(#5239),$);
#5805=IFCCARTESIANPOINTLIST3D(((0.035,0.,0.4),(0.018,0.03,0.4),(-0.017,0.03,0.4),(-0.035,0.,0.4),(-0.018,-0.03,0.4),(0.018,-0.03,0.4),(0.03,0.,0.9),(0.015,0.026,0.9),(-0.015,0.026,0.9),(-0.03,0.,0.9),(-0.015,-0.026,0.9),(0.015,-0.026,0.9),(0.,0.,0.4),(0.,0.,0.9)));
#5806=IFCTRIANGULATEDFACESET(#5805,$,$,((1,2,8),(1,8,7),(2,3,9),(2,9,8),(3,4,10),(3,10,9),(4,5,11),(4,11,10),(5,6,12),(5,12,11),(6,1,7),(6,7,12),(13,2,1),(14,7,8),(13,3,2),(14,8,9),(13,4,3),(14,9,10),(13,5,4),(14,10,11),(13,6,5),(14,11,12),(13,1,6),(14,12,7)),$);
#5807=IFCSTYLEDITEM(#5806,(#505),$);
#5808=IFCFURNISHINGELEMENT('1LE1LsBLBMhf_Eshb8Uptl',$,'Balcony planter 5',$,'Planter',#5811,#5815,$);
#5809=IFCCARTESIANPOINT((13.8,7.6,0.));
#5810=IFCAXIS2PLACEMENT3D(#5809,$,$);
#5811=IFCLOCALPLACEMENT(#31,#5810);
#5812=IFCCARTESIANPOINTLIST3D(((0.216,0.,0.),(0.187,0.108,0.),(0.108,0.187,0.),(0.,0.216,0.),(-0.108,0.187,0.),(-0.187,0.108,0.),(-0.216,0.,0.),(-0.187,-0.108,0.),(-0.108,-0.187,0.),(0.,-0.216,0.),(0.108,-0.187,0.),(0.187,-0.108,0.),(0.36,0.,0.385),(0.312,0.18,0.385),(0.18,0.312,0.385),(0.,0.36,0.385),(-0.18,0.312,0.385),(-0.312,0.18,0.385),(-0.36,0.,0.385),(-0.312,-0.18,0.385),(-0.18,-0.312,0.385),(0.,-0.36,0.385),(0.18,-0.312,0.385),(0.312,-0.18,0.385),(0.306,0.,0.7),(0.265,0.153,0.7),(0.153,0.265,0.7),(0.,0.306,0.7),(-0.153,0.265,0.7),(-0.265,0.153,0.7),(-0.306,0.,0.7),(-0.265,-0.153,0.7),(-0.153,-0.265,0.7),(0.,-0.306,0.7),(0.153,-0.265,0.7),(0.265,-0.153,0.7),(0.252,0.,0.66),(0.218,0.126,0.66),(0.126,0.218,0.66),(0.,0.252,0.66),(-0.126,0.218,0.66),(-0.218,0.126,0.66),(-0.252,0.,0.66),(-0.218,-0.126,0.66),(-0.126,-0.218,0.66),(0.,-0.252,0.66),(0.126,-0.218,0.66),(0.218,-0.126,0.66),(0.,0.,0.),(0.,0.,0.6599999999999999)));
#5813=IFCTRIANGULATEDFACESET(#5812,$,$,((1,2,14),(1,14,13),(2,3,15),(2,15,14),(3,4,16),(3,16,15),(4,5,17),(4,17,16),(5,6,18),(5,18,17),(6,7,19),(6,19,18),(7,8,20),(7,20,19),(8,9,21),(8,21,20),(9,10,22),(9,22,21),(10,11,23),(10,23,22),(11,12,24),(11,24,23),(12,1,13),(12,13,24),(13,14,26),(13,26,25),(14,15,27),(14,27,26),(15,16,28),(15,28,27),(16,17,29),(16,29,28),(17,18,30),(17,30,29),(18,19,31),(18,31,30),(19,20,32),(19,32,31),(20,21,33),(20,33,32),(21,22,34),(21,34,33),(22,23,35),(22,35,34),(23,24,36),(23,36,35),(24,13,25),(24,25,36),(25,26,38),(25,38,37),(26,27,39),(26,39,38),(27,28,40),(27,40,39),(28,29,41),(28,41,40),(29,30,42),(29,42,41),(30,31,43),(30,43,42),(31,32,44),(31,44,43),(32,33,45),(32,45,44),(33,34,46),(33,46,45),(34,35,47),(34,47,46),(35,36,48),(35,48,47),(36,25,37),(36,37,48),(49,2,1),(50,37,38),(49,3,2),(50,38,39),(49,4,3),(50,39,40),(49,5,4),(50,40,41),(49,6,5),(50,41,42),(49,7,6),(50,42,43),(49,8,7),(50,43,44),(49,9,8),(50,44,45),(49,10,9),(50,45,46),(49,11,10),(50,46,47),(49,12,11),(50,47,48),(49,1,12),(50,48,37)),$);
#5814=IFCSHAPEREPRESENTATION(#11,'Body','Tessellation',(#5813,#5818,#5821));
#5815=IFCPRODUCTDEFINITIONSHAPE($,$,(#5814));
#5816=IFCSTYLEDITEM(#5813,(#5235),$);
#5817=IFCCARTESIANPOINTLIST3D(((0.02,0.,1.225),(0.014,0.014,1.225),(0.,0.02,1.225),(-0.014,0.014,1.225),(-0.02,0.,1.225),(-0.014,-0.014,1.225),(0.,-0.02,1.225),(0.014,-0.014,1.225),(0.285,0.,1.29),(0.202,0.202,1.29),(0.,0.285,1.29),(-0.202,0.202,1.29),(-0.285,0.,1.29),(-0.202,-0.202,1.29),(0.,-0.285,1.29),(0.202,-0.202,1.29),(0.494,0.,1.469),(0.349,0.349,1.469),(0.,0.494,1.469),(-0.349,0.349,1.469),(-0.494,0.,1.469),(-0.349,-0.349,1.469),(0.,-0.494,1.469),(0.349,-0.349,1.469),(0.57,0.,1.713),(0.403,0.403,1.713),(0.,0.57,1.713),(-0.403,0.403,1.713),(-0.57,0.,1.713),(-0.403,-0.403,1.713),(0.,-0.57,1.713),(0.403,-0.403,1.713),(0.494,0.,1.956),(0.349,0.349,1.956),(0.,0.494,1.956),(-0.349,0.349,1.956),(-0.494,0.,1.956),(-0.349,-0.349,1.956),(0.,-0.494,1.956),(0.349,-0.349,1.956),(0.285,0.,2.135),(0.202,0.202,2.135),(0.,0.285,2.135),(-0.202,0.202,2.135),(-0.285,0.,2.135),(-0.202,-0.202,2.135),(0.,-0.285,2.135),(0.202,-0.202,2.135),(0.02,0.,2.2),(0.014,0.014,2.2),(0.,0.02,2.2),(-0.014,0.014,2.2),(-0.02,0.,2.2),(-0.014,-0.014,2.2),(0.,-0.02,2.2),(0.014,-0.014,2.2),(0.,0.,1.225),(0.,0.,2.2),(0.17,0.1,1.),(0.164,0.114,1.),(0.15,0.12,1.),(0.136,0.114,1.),(0.13,0.1,1.),(0.136,0.086,1.),(0.15,0.08,1.),(0.164,0.086,1.),(0.337,0.1,1.04),(0.283,0.233,1.04),(0.15,0.288,1.04),(0.017,0.233,1.04),(-0.037,0.1,1.04),(0.017,-0.033,1.04),(0.15,-0.087,1.04),(0.283,-0.033,1.04),(0.475,0.1,1.15),(0.38,0.33,1.15),(0.15,0.425,1.15),(-0.08,0.33,1.15),(-0.175,0.1,1.15),(-0.08,-0.13,1.15),(0.15,-0.225,1.15),(0.38,-0.13,1.15),(0.525,0.1,1.3),(0.415,0.365,1.3),(0.15,0.475,1.3),(-0.115,0.365,1.3),(-0.225,0.1,1.3),(-0.115,-0.165,1.3),(0.15,-0.275,1.3),(0.415,-0.165,1.3),(0.475,0.1,1.45),(0.38,0.33,1.45),(0.15,0.425,1.45),(-0.08,0.33,1.45),(-0.175,0.1,1.45),(-0.08,-0.13,1.45),(0.15,-0.225,1.45),(0.38,-0.13,1.45),(0.337,0.1,1.56),(0.283,0.233,1.56),(0.15,0.288,1.56),(0.017,0.233,1.56),(-0.037,0.1,1.56),(0.017,-0.033,1.56),(0.15,-0.087,1.56),(0.283,-0.033,1.56),(0.17,0.1,1.6),(0.164,0.114,1.6),(0.15,0.12,1.6),(0.136,0.114,1.6),(0.13,0.1,1.6),(0.136,0.086,1.6),(0.15,0.08,1.6),(0.164,0.086,1.6),(0.15,0.1,1.),(0.15,0.1,1.6)));
#5818=IFCTRIANGULATEDFACESET(#5817,$,$,((1,2,10),(1,10,9),(2,3,11),(2,11,10),(3,4,12),(3,12,11),(4,5,13),(4,13,12),(5,6,14),(5,14,13),(6,7,15),(6,15,14),(7,8,16),(7,16,15),(8,1,9),(8,9,16),(9,10,18),(9,18,17),(10,11,19),(10,19,18),(11,12,20),(11,20,19),(12,13,21),(12,21,20),(13,14,22),(13,22,21),(14,15,23),(14,23,22),(15,16,24),(15,24,23),(16,9,17),(16,17,24),(17,18,26),(17,26,25),(18,19,27),(18,27,26),(19,20,28),(19,28,27),(20,21,29),(20,29,28),(21,22,30),(21,30,29),(22,23,31),(22,31,30),(23,24,32),(23,32,31),(24,17,25),(24,25,32),(25,26,34),(25,34,33),(26,27,35),(26,35,34),(27,28,36),(27,36,35),(28,29,37),(28,37,36),(29,30,38),(29,38,37),(30,31,39),(30,39,38),(31,32,40),(31,40,39),(32,25,33),(32,33,40),(33,34,42),(33,42,41),(34,35,43),(34,43,42),(35,36,44),(35,44,43),(36,37,45),(36,45,44),(37,38,46),(37,46,45),(38,39,47),(38,47,46),(39,40,48),(39,48,47),(40,33,41),(40,41,48),(41,42,50),(41,50,49),(42,43,51),(42,51,50),(43,44,52),(43,52,51),(44,45,53),(44,53,52),(45,46,54),(45,54,53),(46,47,55),(46,55,54),(47,48,56),(47,56,55),(48,41,49),(48,49,56),(57,2,1),(58,49,50),(57,3,2),(58,50,51),(57,4,3),(58,51,52),(57,5,4),(58,52,53),(57,6,5),(58,53,54),(57,7,6),(58,54,55),(57,8,7),(58,55,56),(57,1,8),(58,56,49),(59,60,68),(59,68,67),(60,61,69),(60,69,68),(61,62,70),(61,70,69),(62,63,71),(62,71,70),(63,64,72),(63,72,71),(64,65,73),(64,73,72),(65,66,74),(65,74,73),(66,59,67),(66,67,74),(67,68,76),(67,76,75),(68,69,77),(68,77,76),(69,70,78),(69,78,77),(70,71,79),(70,79,78),(71,72,80),(71,80,79),(72,73,81),(72,81,80),(73,74,82),(73,82,81),(74,67,75),(74,75,82),(75,76,84),(75,84,83),(76,77,85),(76,85,84),(77,78,86),(77,86,85),(78,79,87),(78,87,86),(79,80,88),(79,88,87),(80,81,89),(80,89,88),(81,82,90),(81,90,89),(82,75,83),(82,83,90),(83,84,92),(83,92,91),(84,85,93),(84,93,92),(85,86,94),(85,94,93),(86,87,95),(86,95,94),(87,88,96),(87,96,95),(88,89,97),(88,97,96),(89,90,98),(89,98,97),(90,83,91),(90,91,98),(91,92,100),(91,100,99),(92,93,101),(92,101,100),(93,94,102),(93,102,101),(94,95,103),(94,103,102),(95,96,104),(95,104,103),(96,97,105),(96,105,104),(97,98,106),(97,106,105),(98,91,99),(98,99,106),(99,100,108),(99,108,107),(100,101,109),(100,109,108),(101,102,110),(101,110,109),(102,103,111),(102,111,110),(103,104,112),(103,112,111),(104,105,113),(104,113,112),(105,106,114),(105,114,113),(106,99,107),(106,107,114),(115,60,59),(116,107,108),(115,61,60),(116,108,109),(115,62,61),(116,109,110),(115,63,62),(116,110,111),(115,64,63),(116,111,112),(115,65,64),(116,112,113),(115,66,65),(116,113,114),(115,59,66),(116,114,107)),$);
#5819=IFCSTYLEDITEM(#5818,(#5239),$);
#5820=IFCCARTESIANPOINTLIST3D(((0.035,0.,0.65),(0.018,0.03,0.65),(-0.017,0.03,0.65),(-0.035,0.,0.65),(-0.018,-0.03,0.65),(0.018,-0.03,0.65),(0.03,0.,1.45),(0.015,0.026,1.45),(-0.015,0.026,1.45),(-0.03,0.,1.45),(-0.015,-0.026,1.45),(0.015,-0.026,1.45),(0.,0.,0.6499999999999999),(0.,0.,1.45)));
#5821=IFCTRIANGULATEDFACESET(#5820,$,$,((1,2,8),(1,8,7),(2,3,9),(2,9,8),(3,4,10),(3,10,9),(4,5,11),(4,11,10),(5,6,12),(5,12,11),(6,1,7),(6,7,12),(13,2,1),(14,7,8),(13,3,2),(14,8,9),(13,4,3),(14,9,10),(13,5,4),(14,10,11),(13,6,5),(14,11,12),(13,1,6),(14,12,7)),$);
#5822=IFCSTYLEDITEM(#5821,(#505),$);
#5823=IFCFURNISHINGELEMENT('11DFogpfFqbm5K4oVbWwFn',$,'Balcony planter 6',$,'Planter',#5826,#5830,$);
#5824=IFCCARTESIANPOINT((15.,8.,0.));
#5825=IFCAXIS2PLACEMENT3D(#5824,$,$);
#5826=IFCLOCALPLACEMENT(#31,#5825);
#5827=IFCCARTESIANPOINTLIST3D(((0.18,0.,0.),(0.156,0.09,0.),(0.09,0.156,0.),(0.,0.18,0.),(-0.09,0.156,0.),(-0.156,0.09,0.),(-0.18,0.,0.),(-0.156,-0.09,0.),(-0.09,-0.156,0.),(0.,-0.18,0.),(0.09,-0.156,0.),(0.156,-0.09,0.),(0.3,0.,0.303),(0.26,0.15,0.303),(0.15,0.26,0.303),(0.,0.3,0.303),(-0.15,0.26,0.303),(-0.26,0.15,0.303),(-0.3,0.,0.303),(-0.26,-0.15,0.303),(-0.15,-0.26,0.303),(0.,-0.3,0.303),(0.15,-0.26,0.303),(0.26,-0.15,0.303),(0.255,0.,0.55),(0.221,0.127,0.55),(0.128,0.221,0.55),(0.,0.255,0.55),(-0.127,0.221,0.55),(-0.221,0.127,0.55),(-0.255,0.,0.55),(-0.221,-0.127,0.55),(-0.128,-0.221,0.55),(0.,-0.255,0.55),(0.128,-0.221,0.55),(0.221,-0.128,0.55),(0.21,0.,0.51),(0.182,0.105,0.51),(0.105,0.182,0.51),(0.,0.21,0.51),(-0.105,0.182,0.51),(-0.182,0.105,0.51),(-0.21,0.,0.51),(-0.182,-0.105,0.51),(-0.105,-0.182,0.51),(0.,-0.21,0.51),(0.105,-0.182,0.51),(0.182,-0.105,0.51),(0.,0.,0.),(0.,0.,0.51)));
#5828=IFCTRIANGULATEDFACESET(#5827,$,$,((1,2,14),(1,14,13),(2,3,15),(2,15,14),(3,4,16),(3,16,15),(4,5,17),(4,17,16),(5,6,18),(5,18,17),(6,7,19),(6,19,18),(7,8,20),(7,20,19),(8,9,21),(8,21,20),(9,10,22),(9,22,21),(10,11,23),(10,23,22),(11,12,24),(11,24,23),(12,1,13),(12,13,24),(13,14,26),(13,26,25),(14,15,27),(14,27,26),(15,16,28),(15,28,27),(16,17,29),(16,29,28),(17,18,30),(17,30,29),(18,19,31),(18,31,30),(19,20,32),(19,32,31),(20,21,33),(20,33,32),(21,22,34),(21,34,33),(22,23,35),(22,35,34),(23,24,36),(23,36,35),(24,13,25),(24,25,36),(25,26,38),(25,38,37),(26,27,39),(26,39,38),(27,28,40),(27,40,39),(28,29,41),(28,41,40),(29,30,42),(29,42,41),(30,31,43),(30,43,42),(31,32,44),(31,44,43),(32,33,45),(32,45,44),(33,34,46),(33,46,45),(34,35,47),(34,47,46),(35,36,48),(35,48,47),(36,25,37),(36,37,48),(49,2,1),(50,37,38),(49,3,2),(50,38,39),(49,4,3),(50,39,40),(49,5,4),(50,40,41),(49,6,5),(50,41,42),(49,7,6),(50,42,43),(49,8,7),(50,43,44),(49,9,8),(50,44,45),(49,10,9),(50,45,46),(49,11,10),(50,46,47),(49,12,11),(50,47,48),(49,1,12),(50,48,37)),$);
#5829=IFCSHAPEREPRESENTATION(#11,'Body','Tessellation',(#5828,#5833,#5836));
#5830=IFCPRODUCTDEFINITIONSHAPE($,$,(#5829));
#5831=IFCSTYLEDITEM(#5828,(#5235),$);
#5832=IFCCARTESIANPOINTLIST3D(((0.02,0.,0.935),(0.014,0.014,0.935),(0.,0.02,0.935),(-0.014,0.014,0.935),(-0.02,0.,0.935),(-0.014,-0.014,0.935),(0.,-0.02,0.935),(0.014,-0.014,0.935),(0.209,0.,0.983),(0.148,0.148,0.983),(0.,0.209,0.983),(-0.148,0.148,0.983),(-0.209,0.,0.983),(-0.148,-0.148,0.983),(0.,-0.209,0.983),(0.148,-0.148,0.983),(0.362,0.,1.114),(0.256,0.256,1.114),(0.,0.362,1.114),(-0.256,0.256,1.114),(-0.362,0.,1.114),(-0.256,-0.256,1.114),(0.,-0.362,1.114),(0.256,-0.256,1.114),(0.418,0.,1.293),(0.296,0.296,1.293),(0.,0.418,1.293),(-0.296,0.296,1.293),(-0.418,0.,1.293),(-0.296,-0.296,1.293),(0.,-0.418,1.293),(0.296,-0.296,1.293),(0.362,0.,1.471),(0.256,0.256,1.471),(0.,0.362,1.471),(-0.256,0.256,1.471),(-0.362,0.,1.471),(-0.256,-0.256,1.471),(0.,-0.362,1.471),(0.256,-0.256,1.471),(0.209,0.,1.602),(0.148,0.148,1.602),(0.,0.209,1.602),(-0.148,0.148,1.602),(-0.209,0.,1.602),(-0.148,-0.148,1.602),(0.,-0.209,1.602),(0.148,-0.148,1.602),(0.02,0.,1.65),(0.014,0.014,1.65),(0.,0.02,1.65),(-0.014,0.014,1.65),(-0.02,0.,1.65),(-0.014,-0.014,1.65),(0.,-0.02,1.65),(0.014,-0.014,1.65),(0.,0.,0.935),(0.,0.,1.65),(0.17,0.1,0.77),(0.164,0.114,0.77),(0.15,0.12,0.77),(0.136,0.114,0.77),(0.13,0.1,0.77),(0.136,0.086,0.77),(0.15,0.08,0.77),(0.164,0.086,0.77),(0.288,0.1,0.799),(0.247,0.197,0.799),(0.15,0.238,0.799),(0.053,0.197,0.799),(0.013,0.1,0.799),(0.053,0.003,0.799),(0.15,-0.037,0.799),(0.247,0.003,0.799),(0.388,0.1,0.88),(0.318,0.268,0.88),(0.15,0.338,0.88),(-0.018,0.268,0.88),(-0.088,0.1,0.88),(-0.018,-0.068,0.88),(0.15,-0.138,0.88),(0.318,-0.068,0.88),(0.425,0.1,0.99),(0.344,0.294,0.99),(0.15,0.375,0.99),(-0.044,0.294,0.99),(-0.125,0.1,0.99),(-0.044,-0.094,0.99),(0.15,-0.175,0.99),(0.344,-0.094,0.99),(0.388,0.1,1.1),(0.318,0.268,1.1),(0.15,0.338,1.1),(-0.018,0.268,1.1),(-0.088,0.1,1.1),(-0.018,-0.068,1.1),(0.15,-0.138,1.1),(0.318,-0.068,1.1),(0.288,0.1,1.181),(0.247,0.197,1.181),(0.15,0.238,1.181),(0.053,0.197,1.181),(0.013,0.1,1.181),(0.053,0.003,1.181),(0.15,-0.037,1.181),(0.247,0.003,1.181),(0.17,0.1,1.21),(0.164,0.114,1.21),(0.15,0.12,1.21),(0.136,0.114,1.21),(0.13,0.1,1.21),(0.136,0.086,1.21),(0.15,0.08,1.21),(0.164,0.086,1.21),(0.15,0.1,0.77),(0.15,0.1,1.21)));
#5833=IFCTRIANGULATEDFACESET(#5832,$,$,((1,2,10),(1,10,9),(2,3,11),(2,11,10),(3,4,12),(3,12,11),(4,5,13),(4,13,12),(5,6,14),(5,14,13),(6,7,15),(6,15,14),(7,8,16),(7,16,15),(8,1,9),(8,9,16),(9,10,18),(9,18,17),(10,11,19),(10,19,18),(11,12,20),(11,20,19),(12,13,21),(12,21,20),(13,14,22),(13,22,21),(14,15,23),(14,23,22),(15,16,24),(15,24,23),(16,9,17),(16,17,24),(17,18,26),(17,26,25),(18,19,27),(18,27,26),(19,20,28),(19,28,27),(20,21,29),(20,29,28),(21,22,30),(21,30,29),(22,23,31),(22,31,30),(23,24,32),(23,32,31),(24,17,25),(24,25,32),(25,26,34),(25,34,33),(26,27,35),(26,35,34),(27,28,36),(27,36,35),(28,29,37),(28,37,36),(29,30,38),(29,38,37),(30,31,39),(30,39,38),(31,32,40),(31,40,39),(32,25,33),(32,33,40),(33,34,42),(33,42,41),(34,35,43),(34,43,42),(35,36,44),(35,44,43),(36,37,45),(36,45,44),(37,38,46),(37,46,45),(38,39,47),(38,47,46),(39,40,48),(39,48,47),(40,33,41),(40,41,48),(41,42,50),(41,50,49),(42,43,51),(42,51,50),(43,44,52),(43,52,51),(44,45,53),(44,53,52),(45,46,54),(45,54,53),(46,47,55),(46,55,54),(47,48,56),(47,56,55),(48,41,49),(48,49,56),(57,2,1),(58,49,50),(57,3,2),(58,50,51),(57,4,3),(58,51,52),(57,5,4),(58,52,53),(57,6,5),(58,53,54),(57,7,6),(58,54,55),(57,8,7),(58,55,56),(57,1,8),(58,56,49),(59,60,68),(59,68,67),(60,61,69),(60,69,68),(61,62,70),(61,70,69),(62,63,71),(62,71,70),(63,64,72),(63,72,71),(64,65,73),(64,73,72),(65,66,74),(65,74,73),(66,59,67),(66,67,74),(67,68,76),(67,76,75),(68,69,77),(68,77,76),(69,70,78),(69,78,77),(70,71,79),(70,79,78),(71,72,80),(71,80,79),(72,73,81),(72,81,80),(73,74,82),(73,82,81),(74,67,75),(74,75,82),(75,76,84),(75,84,83),(76,77,85),(76,85,84),(77,78,86),(77,86,85),(78,79,87),(78,87,86),(79,80,88),(79,88,87),(80,81,89),(80,89,88),(81,82,90),(81,90,89),(82,75,83),(82,83,90),(83,84,92),(83,92,91),(84,85,93),(84,93,92),(85,86,94),(85,94,93),(86,87,95),(86,95,94),(87,88,96),(87,96,95),(88,89,97),(88,97,96),(89,90,98),(89,98,97),(90,83,91),(90,91,98),(91,92,100),(91,100,99),(92,93,101),(92,101,100),(93,94,102),(93,102,101),(94,95,103),(94,103,102),(95,96,104),(95,104,103),(96,97,105),(96,105,104),(97,98,106),(97,106,105),(98,91,99),(98,99,106),(99,100,108),(99,108,107),(100,101,109),(100,109,108),(101,102,110),(101,110,109),(102,103,111),(102,111,110),(103,104,112),(103,112,111),(104,105,113),(104,113,112),(105,106,114),(105,114,113),(106,99,107),(106,107,114),(115,60,59),(116,107,108),(115,61,60),(116,108,109),(115,62,61),(116,109,110),(115,63,62),(116,110,111),(115,64,63),(116,111,112),(115,65,64),(116,112,113),(115,66,65),(116,113,114),(115,59,66),(116,114,107)),$);
#5834=IFCSTYLEDITEM(#5833,(#5239),$);
#5835=IFCCARTESIANPOINTLIST3D(((0.035,0.,0.5),(0.018,0.03,0.5),(-0.017,0.03,0.5),(-0.035,0.,0.5),(-0.018,-0.03,0.5),(0.018,-0.03,0.5),(0.03,0.,1.1),(0.015,0.026,1.1),(-0.015,0.026,1.1),(-0.03,0.,1.1),(-0.015,-0.026,1.1),(0.015,-0.026,1.1),(0.,0.,0.5),(0.,0.,1.1)));
#5836=IFCTRIANGULATEDFACESET(#5835,$,$,((1,2,8),(1,8,7),(2,3,9),(2,9,8),(3,4,10),(3,10,9),(4,5,11),(4,11,10),(5,6,12),(5,12,11),(6,1,7),(6,7,12),(13,2,1),(14,7,8),(13,3,2),(14,8,9),(13,4,3),(14,9,10),(13,5,4),(14,10,11),(13,6,5),(14,11,12),(13,1,6),(14,12,7)),$);
#5837=IFCSTYLEDITEM(#5836,(#505),$);
#5838=IFCFURNISHINGELEMENT('1wvv8myxiw2Rjb5NRqWCpr',$,'Balcony planter 7',$,'Planter',#5841,#5845,$);
#5839=IFCCARTESIANPOINT((16.2,7.7,0.));
#5840=IFCAXIS2PLACEMENT3D(#5839,$,$);
#5841=IFCLOCALPLACEMENT(#31,#5840);
#5842=IFCCARTESIANPOINTLIST3D(((0.192,0.,0.),(0.166,0.096,0.),(0.096,0.166,0.),(0.,0.192,0.),(-0.096,0.166,0.),(-0.166,0.096,0.),(-0.192,0.,0.),(-0.166,-0.096,0.),(-0.096,-0.166,0.),(0.,-0.192,0.),(0.096,-0.166,0.),(0.166,-0.096,0.),(0.32,0.,0.33),(0.277,0.16,0.33),(0.16,0.277,0.33),(0.,0.32,0.33),(-0.16,0.277,0.33),(-0.277,0.16,0.33),(-0.32,0.,0.33),(-0.277,-0.16,0.33),(-0.16,-0.277,0.33),(0.,-0.32,0.33),(0.16,-0.277,0.33),(0.277,-0.16,0.33),(0.272,0.,0.6),(0.236,0.136,0.6),(0.136,0.236,0.6),(0.,0.272,0.6),(-0.136,0.236,0.6),(-0.236,0.136,0.6),(-0.272,0.,0.6),(-0.236,-0.136,0.6),(-0.136,-0.236,0.6),(0.,-0.272,0.6),(0.136,-0.236,0.6),(0.236,-0.136,0.6),(0.224,0.,0.56),(0.194,0.112,0.56),(0.112,0.194,0.56),(0.,0.224,0.56),(-0.112,0.194,0.56),(-0.194,0.112,0.56),(-0.224,0.,0.56),(-0.194,-0.112,0.56),(-0.112,-0.194,0.56),(0.,-0.224,0.56),(0.112,-0.194,0.56),(0.194,-0.112,0.56),(0.,0.,0.),(0.,0.,0.5599999999999999)));
#5843=IFCTRIANGULATEDFACESET(#5842,$,$,((1,2,14),(1,14,13),(2,3,15),(2,15,14),(3,4,16),(3,16,15),(4,5,17),(4,17,16),(5,6,18),(5,18,17),(6,7,19),(6,19,18),(7,8,20),(7,20,19),(8,9,21),(8,21,20),(9,10,22),(9,22,21),(10,11,23),(10,23,22),(11,12,24),(11,24,23),(12,1,13),(12,13,24),(13,14,26),(13,26,25),(14,15,27),(14,27,26),(15,16,28),(15,28,27),(16,17,29),(16,29,28),(17,18,30),(17,30,29),(18,19,31),(18,31,30),(19,20,32),(19,32,31),(20,21,33),(20,33,32),(21,22,34),(21,34,33),(22,23,35),(22,35,34),(23,24,36),(23,36,35),(24,13,25),(24,25,36),(25,26,38),(25,38,37),(26,27,39),(26,39,38),(27,28,40),(27,40,39),(28,29,41),(28,41,40),(29,30,42),(29,42,41),(30,31,43),(30,43,42),(31,32,44),(31,44,43),(32,33,45),(32,45,44),(33,34,46),(33,46,45),(34,35,47),(34,47,46),(35,36,48),(35,48,47),(36,25,37),(36,37,48),(49,2,1),(50,37,38),(49,3,2),(50,38,39),(49,4,3),(50,39,40),(49,5,4),(50,40,41),(49,6,5),(50,41,42),(49,7,6),(50,42,43),(49,8,7),(50,43,44),(49,9,8),(50,44,45),(49,10,9),(50,45,46),(49,11,10),(50,46,47),(49,12,11),(50,47,48),(49,1,12),(50,48,37)),$);
#5844=IFCSHAPEREPRESENTATION(#11,'Body','Tessellation',(#5843,#5848,#5851));
#5845=IFCPRODUCTDEFINITIONSHAPE($,$,(#5844));
#5846=IFCSTYLEDITEM(#5843,(#5235),$);
#5847=IFCCARTESIANPOINTLIST3D(((0.02,0.,1.055),(0.014,0.014,1.055),(0.,0.02,1.055),(-0.014,0.014,1.055),(-0.02,0.,1.055),(-0.014,-0.014,1.055),(0.,-0.02,1.055),(0.014,-0.014,1.055),(0.247,0.,1.112),(0.175,0.175,1.112),(0.,0.247,1.112),(-0.175,0.175,1.112),(-0.247,0.,1.112),(-0.175,-0.175,1.112),(0.,-0.247,1.112),(0.175,-0.175,1.112),(0.428,0.,1.266),(0.303,0.303,1.266),(0.,0.428,1.266),(-0.303,0.303,1.266),(-0.428,0.,1.266),(-0.303,-0.303,1.266),(0.,-0.428,1.266),(0.303,-0.303,1.266),(0.494,0.,1.478),(0.349,0.349,1.478),(0.,0.494,1.478),(-0.349,0.349,1.478),(-0.494,0.,1.478),(-0.349,-0.349,1.478),(0.,-0.494,1.478),(0.349,-0.349,1.478),(0.428,0.,1.689),(0.303,0.303,1.689),(0.,0.428,1.689),(-0.303,0.303,1.689),(-0.428,0.,1.689),(-0.303,-0.303,1.689),(0.,-0.428,1.689),(0.303,-0.303,1.689),(0.247,0.,1.843),(0.175,0.175,1.843),(0.,0.247,1.843),(-0.175,0.175,1.843),(-0.247,0.,1.843),(-0.175,-0.175,1.843),(0.,-0.247,1.843),(0.175,-0.175,1.843),(0.02,0.,1.9),(0.014,0.014,1.9),(0.,0.02,1.9),(-0.014,0.014,1.9),(-0.02,0.,1.9),(-0.014,-0.014,1.9),(0.,-0.02,1.9),(0.014,-0.014,1.9),(0.,0.,1.055),(0.,0.,1.9),(0.17,0.1,0.86),(0.164,0.114,0.86),(0.15,0.12,0.86),(0.136,0.114,0.86),(0.13,0.1,0.86),(0.136,0.086,0.86),(0.15,0.08,0.86),(0.164,0.086,0.86),(0.313,0.1,0.895),(0.265,0.215,0.895),(0.15,0.262,0.895),(0.035,0.215,0.895),(-0.012,0.1,0.895),(0.035,-0.015,0.895),(0.15,-0.062,0.895),(0.265,-0.015,0.895),(0.431,0.1,0.99),(0.349,0.299,0.99),(0.15,0.381,0.99),(-0.049,0.299,0.99),(-0.131,0.1,0.99),(-0.049,-0.099,0.99),(0.15,-0.181,0.99),(0.349,-0.099,0.99),(0.475,0.1,1.12),(0.38,0.33,1.12),(0.15,0.425,1.12),(-0.08,0.33,1.12),(-0.175,0.1,1.12),(-0.08,-0.13,1.12),(0.15,-0.225,1.12),(0.38,-0.13,1.12),(0.431,0.1,1.25),(0.349,0.299,1.25),(0.15,0.381,1.25),(-0.049,0.299,1.25),(-0.131,0.1,1.25),(-0.049,-0.099,1.25),(0.15,-0.181,1.25),(0.349,-0.099,1.25),(0.313,0.1,1.345),(0.265,0.215,1.345),(0.15,0.262,1.345),(0.035,0.215,1.345),(-0.012,0.1,1.345),(0.035,-0.015,1.345),(0.15,-0.062,1.345),(0.265,-0.015,1.345),(0.17,0.1,1.38),(0.164,0.114,1.38),(0.15,0.12,1.38),(0.136,0.114,1.38),(0.13,0.1,1.38),(0.136,0.086,1.38),(0.15,0.08,1.38),(0.164,0.086,1.38),(0.15,0.1,0.86),(0.15,0.1,1.38)));
#5848=IFCTRIANGULATEDFACESET(#5847,$,$,((1,2,10),(1,10,9),(2,3,11),(2,11,10),(3,4,12),(3,12,11),(4,5,13),(4,13,12),(5,6,14),(5,14,13),(6,7,15),(6,15,14),(7,8,16),(7,16,15),(8,1,9),(8,9,16),(9,10,18),(9,18,17),(10,11,19),(10,19,18),(11,12,20),(11,20,19),(12,13,21),(12,21,20),(13,14,22),(13,22,21),(14,15,23),(14,23,22),(15,16,24),(15,24,23),(16,9,17),(16,17,24),(17,18,26),(17,26,25),(18,19,27),(18,27,26),(19,20,28),(19,28,27),(20,21,29),(20,29,28),(21,22,30),(21,30,29),(22,23,31),(22,31,30),(23,24,32),(23,32,31),(24,17,25),(24,25,32),(25,26,34),(25,34,33),(26,27,35),(26,35,34),(27,28,36),(27,36,35),(28,29,37),(28,37,36),(29,30,38),(29,38,37),(30,31,39),(30,39,38),(31,32,40),(31,40,39),(32,25,33),(32,33,40),(33,34,42),(33,42,41),(34,35,43),(34,43,42),(35,36,44),(35,44,43),(36,37,45),(36,45,44),(37,38,46),(37,46,45),(38,39,47),(38,47,46),(39,40,48),(39,48,47),(40,33,41),(40,41,48),(41,42,50),(41,50,49),(42,43,51),(42,51,50),(43,44,52),(43,52,51),(44,45,53),(44,53,52),(45,46,54),(45,54,53),(46,47,55),(46,55,54),(47,48,56),(47,56,55),(48,41,49),(48,49,56),(57,2,1),(58,49,50),(57,3,2),(58,50,51),(57,4,3),(58,51,52),(57,5,4),(58,52,53),(57,6,5),(58,53,54),(57,7,6),(58,54,55),(57,8,7),(58,55,56),(57,1,8),(58,56,49),(59,60,68),(59,68,67),(60,61,69),(60,69,68),(61,62,70),(61,70,69),(62,63,71),(62,71,70),(63,64,72),(63,72,71),(64,65,73),(64,73,72),(65,66,74),(65,74,73),(66,59,67),(66,67,74),(67,68,76),(67,76,75),(68,69,77),(68,77,76),(69,70,78),(69,78,77),(70,71,79),(70,79,78),(71,72,80),(71,80,79),(72,73,81),(72,81,80),(73,74,82),(73,82,81),(74,67,75),(74,75,82),(75,76,84),(75,84,83),(76,77,85),(76,85,84),(77,78,86),(77,86,85),(78,79,87),(78,87,86),(79,80,88),(79,88,87),(80,81,89),(80,89,88),(81,82,90),(81,90,89),(82,75,83),(82,83,90),(83,84,92),(83,92,91),(84,85,93),(84,93,92),(85,86,94),(85,94,93),(86,87,95),(86,95,94),(87,88,96),(87,96,95),(88,89,97),(88,97,96),(89,90,98),(89,98,97),(90,83,91),(90,91,98),(91,92,100),(91,100,99),(92,93,101),(92,101,100),(93,94,102),(93,102,101),(94,95,103),(94,103,102),(95,96,104),(95,104,103),(96,97,105),(96,105,104),(97,98,106),(97,106,105),(98,91,99),(98,99,106),(99,100,108),(99,108,107),(100,101,109),(100,109,108),(101,102,110),(101,110,109),(102,103,111),(102,111,110),(103,104,112),(103,112,111),(104,105,113),(104,113,112),(105,106,114),(105,114,113),(106,99,107),(106,107,114),(115,60,59),(116,107,108),(115,61,60),(116,108,109),(115,62,61),(116,109,110),(115,63,62),(116,110,111),(115,64,63),(116,111,112),(115,65,64),(116,112,113),(115,66,65),(116,113,114),(115,59,66),(116,114,107)),$);
#5849=IFCSTYLEDITEM(#5848,(#5239),$);
#5850=IFCCARTESIANPOINTLIST3D(((0.035,0.,0.55),(0.018,0.03,0.55),(-0.017,0.03,0.55),(-0.035,0.,0.55),(-0.018,-0.03,0.55),(0.018,-0.03,0.55),(0.03,0.,1.25),(0.015,0.026,1.25),(-0.015,0.026,1.25),(-0.03,0.,1.25),(-0.015,-0.026,1.25),(0.015,-0.026,1.25),(0.,0.,0.5499999999999999),(0.,0.,1.25)));
#5851=IFCTRIANGULATEDFACESET(#5850,$,$,((1,2,8),(1,8,7),(2,3,9),(2,9,8),(3,4,10),(3,10,9),(4,5,11),(4,11,10),(5,6,12),(5,12,11),(6,1,7),(6,7,12),(13,2,1),(14,7,8),(13,3,2),(14,8,9),(13,4,3),(14,9,10),(13,5,4),(14,10,11),(13,6,5),(14,11,12),(13,1,6),(14,12,7)),$);
#5852=IFCSTYLEDITEM(#5851,(#505),$);
#5853=IFCFURNITURE('1Kdtzbte5h$jZggG8KILrS',$,'Roof terrace lounger 1',$,'Sun lounger',#5857,#5861,$,$);
#5854=IFCCARTESIANPOINT((13.8,2.2,0.03));
#5855=IFCDIRECTION((0.00000000000000006123233995736766,-1.,0.));
#5856=IFCAXIS2PLACEMENT3D(#5854,$,#5855);
#5857=IFCLOCALPLACEMENT(#31,#5856);
#5858=IFCCARTESIANPOINTLIST3D(((0.,0.,0.22),(0.72,0.,0.22),(0.72,2.,0.22),(0.,2.,0.22),(0.,0.,0.28),(0.72,0.,0.28),(0.72,2.,0.28),(0.,2.,0.28),(0.03,0.05,0.),(0.09,0.05,0.),(0.09,0.13,0.),(0.03,0.13,0.),(0.03,0.05,0.22),(0.09,0.05,0.22),(0.09,0.13,0.22),(0.03,0.13,0.22),(0.63,0.05,0.),(0.69,0.05,0.),(0.69,0.13,0.),(0.63,0.13,0.),(0.63,0.05,0.22),(0.69,0.05,0.22),(0.69,0.13,0.22),(0.63,0.13,0.22),(0.03,1.85,0.),(0.09,1.85,0.),(0.09,1.93,0.),(0.03,1.93,0.),(0.03,1.85,0.22),(0.09,1.85,0.22),(0.09,1.93,0.22),(0.03,1.93,0.22),(0.63,1.85,0.),(0.69,1.85,0.),(0.69,1.93,0.),(0.63,1.93,0.),(0.63,1.85,0.22),(0.69,1.85,0.22),(0.69,1.93,0.22),(0.63,1.93,0.22)));
#5859=IFCTRIANGULATEDFACESET(#5858,$,$,((1,3,2),(1,4,3),(5,6,7),(5,7,8),(1,2,6),(1,6,5),(2,3,7),(2,7,6),(3,4,8),(3,8,7),(4,1,5),(4,5,8),(9,11,10),(9,12,11),(13,14,15),(13,15,16),(9,10,14),(9,14,13),(10,11,15),(10,15,14),(11,12,16),(11,16,15),(12,9,13),(12,13,16),(17,19,18),(17,20,19),(21,22,23),(21,23,24),(17,18,22),(17,22,21),(18,19,23),(18,23,22),(19,20,24),(19,24,23),(20,17,21),(20,21,24),(25,27,26),(25,28,27),(29,30,31),(29,31,32),(25,26,30),(25,30,29),(26,27,31),(26,31,30),(27,28,32),(27,32,31),(28,25,29),(28,29,32),(33,35,34),(33,36,35),(37,38,39),(37,39,40),(33,34,38),(33,38,37),(34,35,39),(34,39,38),(35,36,40),(35,40,39),(36,33,37),(36,37,40)),$);
#5860=IFCSHAPEREPRESENTATION(#11,'Body','Tessellation',(#5859,#5864));
#5861=IFCPRODUCTDEFINITIONSHAPE($,$,(#5860));
#5862=IFCSTYLEDITEM(#5859,(#439),$);
#5863=IFCCARTESIANPOINTLIST3D(((0.03,0.03,0.28),(0.69,0.03,0.28),(0.69,1.3,0.28),(0.03,1.3,0.28),(0.03,0.03,0.4),(0.69,0.03,0.4),(0.69,1.3,0.4),(0.03,1.3,0.4),(0.03,1.3,0.28),(0.69,1.3,0.28),(0.69,1.897,0.646),(0.03,1.897,0.646),(0.03,1.237,0.382),(0.69,1.237,0.382),(0.69,1.834,0.748),(0.03,1.834,0.748)));
#5864=IFCTRIANGULATEDFACESET(#5863,$,$,((1,3,2),(1,4,3),(5,6,7),(5,7,8),(1,2,6),(1,6,5),(2,3,7),(2,7,6),(3,4,8),(3,8,7),(4,1,5),(4,5,8),(9,11,10),(9,12,11),(13,14,15),(13,15,16),(9,10,14),(9,14,13),(10,11,15),(10,15,14),(11,12,16),(11,16,15),(12,9,13),(12,13,16)),$);
#5865=IFCSTYLEDITEM(#5864,(#3227),$);
#5866=IFCFURNITURE('0_ni01$6bc7WRITkJaJNh2',$,'Roof terrace lounger 2',$,'Sun lounger',#5870,#5874,$,$);
#5867=IFCCARTESIANPOINT((13.8,3.6,0.03));
#5868=IFCDIRECTION((0.00000000000000006123233995736766,-1.,0.));
#5869=IFCAXIS2PLACEMENT3D(#5867,$,#5868);
#5870=IFCLOCALPLACEMENT(#31,#5869);
#5871=IFCCARTESIANPOINTLIST3D(((0.,0.,0.22),(0.72,0.,0.22),(0.72,2.,0.22),(0.,2.,0.22),(0.,0.,0.28),(0.72,0.,0.28),(0.72,2.,0.28),(0.,2.,0.28),(0.03,0.05,0.),(0.09,0.05,0.),(0.09,0.13,0.),(0.03,0.13,0.),(0.03,0.05,0.22),(0.09,0.05,0.22),(0.09,0.13,0.22),(0.03,0.13,0.22),(0.63,0.05,0.),(0.69,0.05,0.),(0.69,0.13,0.),(0.63,0.13,0.),(0.63,0.05,0.22),(0.69,0.05,0.22),(0.69,0.13,0.22),(0.63,0.13,0.22),(0.03,1.85,0.),(0.09,1.85,0.),(0.09,1.93,0.),(0.03,1.93,0.),(0.03,1.85,0.22),(0.09,1.85,0.22),(0.09,1.93,0.22),(0.03,1.93,0.22),(0.63,1.85,0.),(0.69,1.85,0.),(0.69,1.93,0.),(0.63,1.93,0.),(0.63,1.85,0.22),(0.69,1.85,0.22),(0.69,1.93,0.22),(0.63,1.93,0.22)));
#5872=IFCTRIANGULATEDFACESET(#5871,$,$,((1,3,2),(1,4,3),(5,6,7),(5,7,8),(1,2,6),(1,6,5),(2,3,7),(2,7,6),(3,4,8),(3,8,7),(4,1,5),(4,5,8),(9,11,10),(9,12,11),(13,14,15),(13,15,16),(9,10,14),(9,14,13),(10,11,15),(10,15,14),(11,12,16),(11,16,15),(12,9,13),(12,13,16),(17,19,18),(17,20,19),(21,22,23),(21,23,24),(17,18,22),(17,22,21),(18,19,23),(18,23,22),(19,20,24),(19,24,23),(20,17,21),(20,21,24),(25,27,26),(25,28,27),(29,30,31),(29,31,32),(25,26,30),(25,30,29),(26,27,31),(26,31,30),(27,28,32),(27,32,31),(28,25,29),(28,29,32),(33,35,34),(33,36,35),(37,38,39),(37,39,40),(33,34,38),(33,38,37),(34,35,39),(34,39,38),(35,36,40),(35,40,39),(36,33,37),(36,37,40)),$);
#5873=IFCSHAPEREPRESENTATION(#11,'Body','Tessellation',(#5872,#5877));
#5874=IFCPRODUCTDEFINITIONSHAPE($,$,(#5873));
#5875=IFCSTYLEDITEM(#5872,(#439),$);
#5876=IFCCARTESIANPOINTLIST3D(((0.03,0.03,0.28),(0.69,0.03,0.28),(0.69,1.3,0.28),(0.03,1.3,0.28),(0.03,0.03,0.4),(0.69,0.03,0.4),(0.69,1.3,0.4),(0.03,1.3,0.4),(0.03,1.3,0.28),(0.69,1.3,0.28),(0.69,1.897,0.646),(0.03,1.897,0.646),(0.03,1.237,0.382),(0.69,1.237,0.382),(0.69,1.834,0.748),(0.03,1.834,0.748)));
#5877=IFCTRIANGULATEDFACESET(#5876,$,$,((1,3,2),(1,4,3),(5,6,7),(5,7,8),(1,2,6),(1,6,5),(2,3,7),(2,7,6),(3,4,8),(3,8,7),(4,1,5),(4,5,8),(9,11,10),(9,12,11),(13,14,15),(13,15,16),(9,10,14),(9,14,13),(10,11,15),(10,15,14),(11,12,16),(11,16,15),(12,9,13),(12,13,16)),$);
#5878=IFCSTYLEDITEM(#5877,(#3227),$);
#5879=IFCFURNITURE('2R$zVRwRArqasHpQaEltpa',$,'Roof terrace side table',$,$,#5882,#5891,$,.TABLE.);
#5880=IFCCARTESIANPOINT((14.4,4.,0.03));
#5881=IFCAXIS2PLACEMENT3D(#5880,$,$);
#5882=IFCLOCALPLACEMENT(#31,#5881);
#5883=IFCCARTESIANPOINT((0.45,0.3));
#5884=IFCAXIS2PLACEMENT2D(#5883,$);
#5885=IFCRECTANGLEPROFILEDEF(.AREA.,$,#5884,0.9,0.6);
#5886=IFCCARTESIANPOINT((0.,0.,0.3));
#5887=IFCAXIS2PLACEMENT3D(#5886,$,$);
#5888=IFCDIRECTION((0.,0.,1.));
#5889=IFCEXTRUDEDAREASOLID(#5885,#5887,#5888,0.04999999999999999);
#5890=IFCSHAPEREPRESENTATION(#11,'Body','SweptSolid',(#5889,#5899,#5907,#5915,#5923));
#5891=IFCPRODUCTDEFINITIONSHAPE($,$,(#5890));
#5892=IFCSTYLEDITEM(#5889,(#439),$);
#5893=IFCCARTESIANPOINT((0.035,0.035));
#5894=IFCAXIS2PLACEMENT2D(#5893,$);
#5895=IFCRECTANGLEPROFILEDEF(.AREA.,$,#5894,0.07,0.07);
#5896=IFCCARTESIANPOINT((0.06,0.06,0.));
#5897=IFCAXIS2PLACEMENT3D(#5896,$,$);
#5898=IFCDIRECTION((0.,0.,1.));
#5899=IFCEXTRUDEDAREASOLID(#5895,#5897,#5898,0.3);
#5900=IFCSTYLEDITEM(#5899,(#505),$);
#5901=IFCCARTESIANPOINT((0.03500000000000003,0.035));
#5902=IFCAXIS2PLACEMENT2D(#5901,$);
#5903=IFCRECTANGLEPROFILEDEF(.AREA.,$,#5902,0.07000000000000006,0.07);
#5904=IFCCARTESIANPOINT((0.77,0.06,0.));
#5905=IFCAXIS2PLACEMENT3D(#5904,$,$);
#5906=IFCDIRECTION((0.,0.,1.));
#5907=IFCEXTRUDEDAREASOLID(#5903,#5905,#5906,0.3);
#5908=IFCSTYLEDITEM(#5907,(#505),$);
#5909=IFCCARTESIANPOINT((0.035,0.035));
#5910=IFCAXIS2PLACEMENT2D(#5909,$);
#5911=IFCRECTANGLEPROFILEDEF(.AREA.,$,#5910,0.07,0.07);
#5912=IFCCARTESIANPOINT((0.06,0.47,0.));
#5913=IFCAXIS2PLACEMENT3D(#5912,$,$);
#5914=IFCDIRECTION((0.,0.,1.));
#5915=IFCEXTRUDEDAREASOLID(#5911,#5913,#5914,0.3);
#5916=IFCSTYLEDITEM(#5915,(#505),$);
#5917=IFCCARTESIANPOINT((0.03500000000000003,0.035));
#5918=IFCAXIS2PLACEMENT2D(#5917,$);
#5919=IFCRECTANGLEPROFILEDEF(.AREA.,$,#5918,0.07000000000000006,0.07);
#5920=IFCCARTESIANPOINT((0.77,0.47,0.));
#5921=IFCAXIS2PLACEMENT3D(#5920,$,$);
#5922=IFCDIRECTION((0.,0.,1.));
#5923=IFCEXTRUDEDAREASOLID(#5919,#5921,#5922,0.3);
#5924=IFCSTYLEDITEM(#5923,(#505),$);
#5925=IFCFURNITURE('2gF0AtRbYljk37BkFEkEu8',$,'Pool lounger 1',$,'Sun lounger',#5929,#5933,$,$);
#5926=IFCCARTESIANPOINT((13.2,-12.4,-0.85));
#5927=IFCDIRECTION((0.37460659341591196,-0.9271838545667874,0.));
#5928=IFCAXIS2PLACEMENT3D(#5926,$,#5927);
#5929=IFCLOCALPLACEMENT(#16,#5928);
#5930=IFCCARTESIANPOINTLIST3D(((0.,0.,0.22),(0.72,0.,0.22),(0.72,2.,0.22),(0.,2.,0.22),(0.,0.,0.28),(0.72,0.,0.28),(0.72,2.,0.28),(0.,2.,0.28),(0.03,0.05,0.),(0.09,0.05,0.),(0.09,0.13,0.),(0.03,0.13,0.),(0.03,0.05,0.22),(0.09,0.05,0.22),(0.09,0.13,0.22),(0.03,0.13,0.22),(0.63,0.05,0.),(0.69,0.05,0.),(0.69,0.13,0.),(0.63,0.13,0.),(0.63,0.05,0.22),(0.69,0.05,0.22),(0.69,0.13,0.22),(0.63,0.13,0.22),(0.03,1.85,0.),(0.09,1.85,0.),(0.09,1.93,0.),(0.03,1.93,0.),(0.03,1.85,0.22),(0.09,1.85,0.22),(0.09,1.93,0.22),(0.03,1.93,0.22),(0.63,1.85,0.),(0.69,1.85,0.),(0.69,1.93,0.),(0.63,1.93,0.),(0.63,1.85,0.22),(0.69,1.85,0.22),(0.69,1.93,0.22),(0.63,1.93,0.22)));
#5931=IFCTRIANGULATEDFACESET(#5930,$,$,((1,3,2),(1,4,3),(5,6,7),(5,7,8),(1,2,6),(1,6,5),(2,3,7),(2,7,6),(3,4,8),(3,8,7),(4,1,5),(4,5,8),(9,11,10),(9,12,11),(13,14,15),(13,15,16),(9,10,14),(9,14,13),(10,11,15),(10,15,14),(11,12,16),(11,16,15),(12,9,13),(12,13,16),(17,19,18),(17,20,19),(21,22,23),(21,23,24),(17,18,22),(17,22,21),(18,19,23),(18,23,22),(19,20,24),(19,24,23),(20,17,21),(20,21,24),(25,27,26),(25,28,27),(29,30,31),(29,31,32),(25,26,30),(25,30,29),(26,27,31),(26,31,30),(27,28,32),(27,32,31),(28,25,29),(28,29,32),(33,35,34),(33,36,35),(37,38,39),(37,39,40),(33,34,38),(33,38,37),(34,35,39),(34,39,38),(35,36,40),(35,40,39),(36,33,37),(36,37,40)),$);
#5932=IFCSHAPEREPRESENTATION(#11,'Body','Tessellation',(#5931,#5936));
#5933=IFCPRODUCTDEFINITIONSHAPE($,$,(#5932));
#5934=IFCSTYLEDITEM(#5931,(#439),$);
#5935=IFCCARTESIANPOINTLIST3D(((0.03,0.03,0.28),(0.69,0.03,0.28),(0.69,1.3,0.28),(0.03,1.3,0.28),(0.03,0.03,0.4),(0.69,0.03,0.4),(0.69,1.3,0.4),(0.03,1.3,0.4),(0.03,1.3,0.28),(0.69,1.3,0.28),(0.69,1.897,0.646),(0.03,1.897,0.646),(0.03,1.237,0.382),(0.69,1.237,0.382),(0.69,1.834,0.748),(0.03,1.834,0.748)));
#5936=IFCTRIANGULATEDFACESET(#5935,$,$,((1,3,2),(1,4,3),(5,6,7),(5,7,8),(1,2,6),(1,6,5),(2,3,7),(2,7,6),(3,4,8),(3,8,7),(4,1,5),(4,5,8),(9,11,10),(9,12,11),(13,14,15),(13,15,16),(9,10,14),(9,14,13),(10,11,15),(10,15,14),(11,12,16),(11,16,15),(12,9,13),(12,13,16)),$);
#5937=IFCSTYLEDITEM(#5936,(#3227),$);
#5938=IFCFURNITURE('0G9E9YprGYRSoybhKZEl7n',$,'Pool side table 1',$,$,#5941,#5950,$,.TABLE.);
#5939=IFCCARTESIANPOINT((15.3,-11.5,-0.85));
#5940=IFCAXIS2PLACEMENT3D(#5939,$,$);
#5941=IFCLOCALPLACEMENT(#16,#5940);
#5942=IFCCARTESIANPOINT((0.,0.));
#5943=IFCAXIS2PLACEMENT2D(#5942,$);
#5944=IFCCIRCLEPROFILEDEF(.AREA.,$,#5943,0.2);
#5945=IFCCARTESIANPOINT((0.,0.,0.));
#5946=IFCAXIS2PLACEMENT3D(#5945,$,$);
#5947=IFCDIRECTION((0.,0.,1.));
#5948=IFCEXTRUDEDAREASOLID(#5944,#5946,#5947,0.38);
#5949=IFCSHAPEREPRESENTATION(#11,'Body','SweptSolid',(#5948));
#5950=IFCPRODUCTDEFINITIONSHAPE($,$,(#5949));
#5951=IFCSTYLEDITEM(#5948,(#439),$);
#5952=IFCFURNITURE('3yPH414hnn3w4U8nmOQHyl',$,'Pool lounger 2',$,'Sun lounger',#5956,#5960,$,$);
#5953=IFCCARTESIANPOINT((13.45,-14.15,-0.85));
#5954=IFCDIRECTION((0.37460659341591196,-0.9271838545667874,0.));
#5955=IFCAXIS2PLACEMENT3D(#5953,$,#5954);
#5956=IFCLOCALPLACEMENT(#16,#5955);
#5957=IFCCARTESIANPOINTLIST3D(((0.,0.,0.22),(0.72,0.,0.22),(0.72,2.,0.22),(0.,2.,0.22),(0.,0.,0.28),(0.72,0.,0.28),(0.72,2.,0.28),(0.,2.,0.28),(0.03,0.05,0.),(0.09,0.05,0.),(0.09,0.13,0.),(0.03,0.13,0.),(0.03,0.05,0.22),(0.09,0.05,0.22),(0.09,0.13,0.22),(0.03,0.13,0.22),(0.63,0.05,0.),(0.69,0.05,0.),(0.69,0.13,0.),(0.63,0.13,0.),(0.63,0.05,0.22),(0.69,0.05,0.22),(0.69,0.13,0.22),(0.63,0.13,0.22),(0.03,1.85,0.),(0.09,1.85,0.),(0.09,1.93,0.),(0.03,1.93,0.),(0.03,1.85,0.22),(0.09,1.85,0.22),(0.09,1.93,0.22),(0.03,1.93,0.22),(0.63,1.85,0.),(0.69,1.85,0.),(0.69,1.93,0.),(0.63,1.93,0.),(0.63,1.85,0.22),(0.69,1.85,0.22),(0.69,1.93,0.22),(0.63,1.93,0.22)));
#5958=IFCTRIANGULATEDFACESET(#5957,$,$,((1,3,2),(1,4,3),(5,6,7),(5,7,8),(1,2,6),(1,6,5),(2,3,7),(2,7,6),(3,4,8),(3,8,7),(4,1,5),(4,5,8),(9,11,10),(9,12,11),(13,14,15),(13,15,16),(9,10,14),(9,14,13),(10,11,15),(10,15,14),(11,12,16),(11,16,15),(12,9,13),(12,13,16),(17,19,18),(17,20,19),(21,22,23),(21,23,24),(17,18,22),(17,22,21),(18,19,23),(18,23,22),(19,20,24),(19,24,23),(20,17,21),(20,21,24),(25,27,26),(25,28,27),(29,30,31),(29,31,32),(25,26,30),(25,30,29),(26,27,31),(26,31,30),(27,28,32),(27,32,31),(28,25,29),(28,29,32),(33,35,34),(33,36,35),(37,38,39),(37,39,40),(33,34,38),(33,38,37),(34,35,39),(34,39,38),(35,36,40),(35,40,39),(36,33,37),(36,37,40)),$);
#5959=IFCSHAPEREPRESENTATION(#11,'Body','Tessellation',(#5958,#5963));
#5960=IFCPRODUCTDEFINITIONSHAPE($,$,(#5959));
#5961=IFCSTYLEDITEM(#5958,(#439),$);
#5962=IFCCARTESIANPOINTLIST3D(((0.03,0.03,0.28),(0.69,0.03,0.28),(0.69,1.3,0.28),(0.03,1.3,0.28),(0.03,0.03,0.4),(0.69,0.03,0.4),(0.69,1.3,0.4),(0.03,1.3,0.4),(0.03,1.3,0.28),(0.69,1.3,0.28),(0.69,1.897,0.646),(0.03,1.897,0.646),(0.03,1.237,0.382),(0.69,1.237,0.382),(0.69,1.834,0.748),(0.03,1.834,0.748)));
#5963=IFCTRIANGULATEDFACESET(#5962,$,$,((1,3,2),(1,4,3),(5,6,7),(5,7,8),(1,2,6),(1,6,5),(2,3,7),(2,7,6),(3,4,8),(3,8,7),(4,1,5),(4,5,8),(9,11,10),(9,12,11),(13,14,15),(13,15,16),(9,10,14),(9,14,13),(10,11,15),(10,15,14),(11,12,16),(11,16,15),(12,9,13),(12,13,16)),$);
#5964=IFCSTYLEDITEM(#5963,(#3227),$);
#5965=IFCFURNITURE('1Zjseui5Emb9Dgt0D6drda',$,'Pool side table 2',$,$,#5968,#5977,$,.TABLE.);
#5966=IFCCARTESIANPOINT((15.5,-13.25,-0.85));
#5967=IFCAXIS2PLACEMENT3D(#5966,$,$);
#5968=IFCLOCALPLACEMENT(#16,#5967);
#5969=IFCCARTESIANPOINT((0.,0.));
#5970=IFCAXIS2PLACEMENT2D(#5969,$);
#5971=IFCCIRCLEPROFILEDEF(.AREA.,$,#5970,0.2);
#5972=IFCCARTESIANPOINT((0.,0.,0.));
#5973=IFCAXIS2PLACEMENT3D(#5972,$,$);
#5974=IFCDIRECTION((0.,0.,1.));
#5975=IFCEXTRUDEDAREASOLID(#5971,#5973,#5974,0.38);
#5976=IFCSHAPEREPRESENTATION(#11,'Body','SweptSolid',(#5975));
#5977=IFCPRODUCTDEFINITIONSHAPE($,$,(#5976));
#5978=IFCSTYLEDITEM(#5975,(#439),$);
#5979=IFCFURNITURE('00Xbsr0aC4MWDXy3tA8yXB',$,'Pool lounger 3',$,'Sun lounger',#5983,#5987,$,$);
#5980=IFCCARTESIANPOINT((13.7,-15.9,-0.85));
#5981=IFCDIRECTION((0.37460659341591196,-0.9271838545667874,0.));
#5982=IFCAXIS2PLACEMENT3D(#5980,$,#5981);
#5983=IFCLOCALPLACEMENT(#16,#5982);
#5984=IFCCARTESIANPOINTLIST3D(((0.,0.,0.22),(0.72,0.,0.22),(0.72,2.,0.22),(0.,2.,0.22),(0.,0.,0.28),(0.72,0.,0.28),(0.72,2.,0.28),(0.,2.,0.28),(0.03,0.05,0.),(0.09,0.05,0.),(0.09,0.13,0.),(0.03,0.13,0.),(0.03,0.05,0.22),(0.09,0.05,0.22),(0.09,0.13,0.22),(0.03,0.13,0.22),(0.63,0.05,0.),(0.69,0.05,0.),(0.69,0.13,0.),(0.63,0.13,0.),(0.63,0.05,0.22),(0.69,0.05,0.22),(0.69,0.13,0.22),(0.63,0.13,0.22),(0.03,1.85,0.),(0.09,1.85,0.),(0.09,1.93,0.),(0.03,1.93,0.),(0.03,1.85,0.22),(0.09,1.85,0.22),(0.09,1.93,0.22),(0.03,1.93,0.22),(0.63,1.85,0.),(0.69,1.85,0.),(0.69,1.93,0.),(0.63,1.93,0.),(0.63,1.85,0.22),(0.69,1.85,0.22),(0.69,1.93,0.22),(0.63,1.93,0.22)));
#5985=IFCTRIANGULATEDFACESET(#5984,$,$,((1,3,2),(1,4,3),(5,6,7),(5,7,8),(1,2,6),(1,6,5),(2,3,7),(2,7,6),(3,4,8),(3,8,7),(4,1,5),(4,5,8),(9,11,10),(9,12,11),(13,14,15),(13,15,16),(9,10,14),(9,14,13),(10,11,15),(10,15,14),(11,12,16),(11,16,15),(12,9,13),(12,13,16),(17,19,18),(17,20,19),(21,22,23),(21,23,24),(17,18,22),(17,22,21),(18,19,23),(18,23,22),(19,20,24),(19,24,23),(20,17,21),(20,21,24),(25,27,26),(25,28,27),(29,30,31),(29,31,32),(25,26,30),(25,30,29),(26,27,31),(26,31,30),(27,28,32),(27,32,31),(28,25,29),(28,29,32),(33,35,34),(33,36,35),(37,38,39),(37,39,40),(33,34,38),(33,38,37),(34,35,39),(34,39,38),(35,36,40),(35,40,39),(36,33,37),(36,37,40)),$);
#5986=IFCSHAPEREPRESENTATION(#11,'Body','Tessellation',(#5985,#5990));
#5987=IFCPRODUCTDEFINITIONSHAPE($,$,(#5986));
#5988=IFCSTYLEDITEM(#5985,(#439),$);
#5989=IFCCARTESIANPOINTLIST3D(((0.03,0.03,0.28),(0.69,0.03,0.28),(0.69,1.3,0.28),(0.03,1.3,0.28),(0.03,0.03,0.4),(0.69,0.03,0.4),(0.69,1.3,0.4),(0.03,1.3,0.4),(0.03,1.3,0.28),(0.69,1.3,0.28),(0.69,1.897,0.646),(0.03,1.897,0.646),(0.03,1.237,0.382),(0.69,1.237,0.382),(0.69,1.834,0.748),(0.03,1.834,0.748)));
#5990=IFCTRIANGULATEDFACESET(#5989,$,$,((1,3,2),(1,4,3),(5,6,7),(5,7,8),(1,2,6),(1,6,5),(2,3,7),(2,7,6),(3,4,8),(3,8,7),(4,1,5),(4,5,8),(9,11,10),(9,12,11),(13,14,15),(13,15,16),(9,10,14),(9,14,13),(10,11,15),(10,15,14),(11,12,16),(11,16,15),(12,9,13),(12,13,16)),$);
#5991=IFCSTYLEDITEM(#5990,(#3227),$);
#5992=IFCFURNITURE('3Q1VORse$6xLahcp9IEDoU',$,'Pool side table 3',$,$,#5995,#6004,$,.TABLE.);
#5993=IFCCARTESIANPOINT((15.7,-15.,-0.85));
#5994=IFCAXIS2PLACEMENT3D(#5993,$,$);
#5995=IFCLOCALPLACEMENT(#16,#5994);
#5996=IFCCARTESIANPOINT((0.,0.));
#5997=IFCAXIS2PLACEMENT2D(#5996,$);
#5998=IFCCIRCLEPROFILEDEF(.AREA.,$,#5997,0.2);
#5999=IFCCARTESIANPOINT((0.,0.,0.));
#6000=IFCAXIS2PLACEMENT3D(#5999,$,$);
#6001=IFCDIRECTION((0.,0.,1.));
#6002=IFCEXTRUDEDAREASOLID(#5998,#6000,#6001,0.38);
#6003=IFCSHAPEREPRESENTATION(#11,'Body','SweptSolid',(#6002));
#6004=IFCPRODUCTDEFINITIONSHAPE($,$,(#6003));
#6005=IFCSTYLEDITEM(#6002,(#439),$);
#6006=IFCFURNITURE('0qs6M6W2d6kAav$6PqDQsC',$,'Pool lounger 4',$,'Sun lounger',#6010,#6014,$,$);
#6007=IFCCARTESIANPOINT((13.95,-17.65,-0.85));
#6008=IFCDIRECTION((0.37460659341591196,-0.9271838545667874,0.));
#6009=IFCAXIS2PLACEMENT3D(#6007,$,#6008);
#6010=IFCLOCALPLACEMENT(#16,#6009);
#6011=IFCCARTESIANPOINTLIST3D(((0.,0.,0.22),(0.72,0.,0.22),(0.72,2.,0.22),(0.,2.,0.22),(0.,0.,0.28),(0.72,0.,0.28),(0.72,2.,0.28),(0.,2.,0.28),(0.03,0.05,0.),(0.09,0.05,0.),(0.09,0.13,0.),(0.03,0.13,0.),(0.03,0.05,0.22),(0.09,0.05,0.22),(0.09,0.13,0.22),(0.03,0.13,0.22),(0.63,0.05,0.),(0.69,0.05,0.),(0.69,0.13,0.),(0.63,0.13,0.),(0.63,0.05,0.22),(0.69,0.05,0.22),(0.69,0.13,0.22),(0.63,0.13,0.22),(0.03,1.85,0.),(0.09,1.85,0.),(0.09,1.93,0.),(0.03,1.93,0.),(0.03,1.85,0.22),(0.09,1.85,0.22),(0.09,1.93,0.22),(0.03,1.93,0.22),(0.63,1.85,0.),(0.69,1.85,0.),(0.69,1.93,0.),(0.63,1.93,0.),(0.63,1.85,0.22),(0.69,1.85,0.22),(0.69,1.93,0.22),(0.63,1.93,0.22)));
#6012=IFCTRIANGULATEDFACESET(#6011,$,$,((1,3,2),(1,4,3),(5,6,7),(5,7,8),(1,2,6),(1,6,5),(2,3,7),(2,7,6),(3,4,8),(3,8,7),(4,1,5),(4,5,8),(9,11,10),(9,12,11),(13,14,15),(13,15,16),(9,10,14),(9,14,13),(10,11,15),(10,15,14),(11,12,16),(11,16,15),(12,9,13),(12,13,16),(17,19,18),(17,20,19),(21,22,23),(21,23,24),(17,18,22),(17,22,21),(18,19,23),(18,23,22),(19,20,24),(19,24,23),(20,17,21),(20,21,24),(25,27,26),(25,28,27),(29,30,31),(29,31,32),(25,26,30),(25,30,29),(26,27,31),(26,31,30),(27,28,32),(27,32,31),(28,25,29),(28,29,32),(33,35,34),(33,36,35),(37,38,39),(37,39,40),(33,34,38),(33,38,37),(34,35,39),(34,39,38),(35,36,40),(35,40,39),(36,33,37),(36,37,40)),$);
#6013=IFCSHAPEREPRESENTATION(#11,'Body','Tessellation',(#6012,#6017));
#6014=IFCPRODUCTDEFINITIONSHAPE($,$,(#6013));
#6015=IFCSTYLEDITEM(#6012,(#439),$);
#6016=IFCCARTESIANPOINTLIST3D(((0.03,0.03,0.28),(0.69,0.03,0.28),(0.69,1.3,0.28),(0.03,1.3,0.28),(0.03,0.03,0.4),(0.69,0.03,0.4),(0.69,1.3,0.4),(0.03,1.3,0.4),(0.03,1.3,0.28),(0.69,1.3,0.28),(0.69,1.897,0.646),(0.03,1.897,0.646),(0.03,1.237,0.382),(0.69,1.237,0.382),(0.69,1.834,0.748),(0.03,1.834,0.748)));
#6017=IFCTRIANGULATEDFACESET(#6016,$,$,((1,3,2),(1,4,3),(5,6,7),(5,7,8),(1,2,6),(1,6,5),(2,3,7),(2,7,6),(3,4,8),(3,8,7),(4,1,5),(4,5,8),(9,11,10),(9,12,11),(13,14,15),(13,15,16),(9,10,14),(9,14,13),(10,11,15),(10,15,14),(11,12,16),(11,16,15),(12,9,13),(12,13,16)),$);
#6018=IFCSTYLEDITEM(#6017,(#3227),$);
#6019=IFCFURNITURE('1GdhAAC2YkPM$Y9p5XA9Ft',$,'Pool side table 4',$,$,#6022,#6031,$,.TABLE.);
#6020=IFCCARTESIANPOINT((15.9,-16.75,-0.85));
#6021=IFCAXIS2PLACEMENT3D(#6020,$,$);
#6022=IFCLOCALPLACEMENT(#16,#6021);
#6023=IFCCARTESIANPOINT((0.,0.));
#6024=IFCAXIS2PLACEMENT2D(#6023,$);
#6025=IFCCIRCLEPROFILEDEF(.AREA.,$,#6024,0.2);
#6026=IFCCARTESIANPOINT((0.,0.,0.));
#6027=IFCAXIS2PLACEMENT3D(#6026,$,$);
#6028=IFCDIRECTION((0.,0.,1.));
#6029=IFCEXTRUDEDAREASOLID(#6025,#6027,#6028,0.38);
#6030=IFCSHAPEREPRESENTATION(#11,'Body','SweptSolid',(#6029));
#6031=IFCPRODUCTDEFINITIONSHAPE($,$,(#6030));
#6032=IFCSTYLEDITEM(#6029,(#439),$);
#6033=IFCFURNITURE('2_cZMtNSPkYAg1KlrtKPwq',$,'Parasol',$,'Parasol',#6036,#6040,$,$);
#6034=IFCCARTESIANPOINT((15.4,-18.6,-0.85));
#6035=IFCAXIS2PLACEMENT3D(#6034,$,$);
#6036=IFCLOCALPLACEMENT(#16,#6035);
#6037=IFCCARTESIANPOINTLIST3D(((1.7,0.,2.25),(1.202,1.202,2.25),(0.,1.7,2.25),(-1.202,1.202,2.25),(-1.7,0.,2.25),(-1.202,-1.202,2.25),(0.,-1.7,2.25),(1.202,-1.202,2.25),(0.9,0.,2.5),(0.636,0.636,2.5),(0.,0.9,2.5),(-0.636,0.636,2.5),(-0.9,0.,2.5),(-0.636,-0.636,2.5),(0.,-0.9,2.5),(0.636,-0.636,2.5),(0.04,0.,2.75),(0.028,0.028,2.75),(0.,0.04,2.75),(-0.028,0.028,2.75),(-0.04,0.,2.75),(-0.028,-0.028,2.75),(0.,-0.04,2.75),(0.028,-0.028,2.75),(0.,0.,2.25),(0.,0.,2.75)));
#6038=IFCTRIANGULATEDFACESET(#6037,$,$,((1,2,10),(1,10,9),(2,3,11),(2,11,10),(3,4,12),(3,12,11),(4,5,13),(4,13,12),(5,6,14),(5,14,13),(6,7,15),(6,15,14),(7,8,16),(7,16,15),(8,1,9),(8,9,16),(9,10,18),(9,18,17),(10,11,19),(10,19,18),(11,12,20),(11,20,19),(12,13,21),(12,21,20),(13,14,22),(13,22,21),(14,15,23),(14,23,22),(15,16,24),(15,24,23),(16,9,17),(16,17,24),(25,2,1),(26,17,18),(25,3,2),(26,18,19),(25,4,3),(26,19,20),(25,5,4),(26,20,21),(25,6,5),(26,21,22),(25,7,6),(26,22,23),(25,8,7),(26,23,24),(25,1,8),(26,24,17)),$);
#6039=IFCSHAPEREPRESENTATION(#11,'Body','Tessellation',(#6038,#6043,#6049));
#6040=IFCPRODUCTDEFINITIONSHAPE($,$,(#6039));
#6041=IFCSTYLEDITEM(#6038,(#4082),$);
#6042=IFCCARTESIANPOINTLIST3D(((-0.025,-0.025,0.),(0.025,-0.025,0.),(0.025,0.025,0.),(-0.025,0.025,0.),(-0.025,-0.025,2.75),(0.025,-0.025,2.75),(0.025,0.025,2.75),(-0.025,0.025,2.75)));
#6043=IFCTRIANGULATEDFACESET(#6042,$,$,((1,3,2),(1,4,3),(5,6,7),(5,7,8),(1,2,6),(1,6,5),(2,3,7),(2,7,6),(3,4,8),(3,8,7),(4,1,5),(4,5,8)),$);
#6044=IFCSTYLEDITEM(#6043,(#505),$);
#6045=IFCCOLOURRGB($,0.75,0.76,0.78);
#6046=IFCSURFACESTYLERENDERING(#6045,0.,$,$,$,$,$,$,.NOTDEFINED.);
#6047=IFCSURFACESTYLE('colour 0.75 0.76 0.78',.BOTH.,(#6046));
#6048=IFCCARTESIANPOINTLIST3D(((0.28,0.,0.),(0.242,0.14,0.),(0.14,0.242,0.),(0.,0.28,0.),(-0.14,0.242,0.),(-0.242,0.14,0.),(-0.28,0.,0.),(-0.242,-0.14,0.),(-0.14,-0.242,0.),(0.,-0.28,0.),(0.14,-0.242,0.),(0.242,-0.14,0.),(0.28,0.,0.08),(0.242,0.14,0.08),(0.14,0.242,0.08),(0.,0.28,0.08),(-0.14,0.242,0.08),(-0.242,0.14,0.08),(-0.28,0.,0.08),(-0.242,-0.14,0.08),(-0.14,-0.242,0.08),(0.,-0.28,0.08),(0.14,-0.242,0.08),(0.242,-0.14,0.08),(0.,0.,0.),(0.,0.,0.08)));
#6049=IFCTRIANGULATEDFACESET(#6048,$,$,((1,2,14),(1,14,13),(2,3,15),(2,15,14),(3,4,16),(3,16,15),(4,5,17),(4,17,16),(5,6,18),(5,18,17),(6,7,19),(6,19,18),(7,8,20),(7,20,19),(8,9,21),(8,21,20),(9,10,22),(9,22,21),(10,11,23),(10,23,22),(11,12,24),(11,24,23),(12,1,13),(12,13,24),(25,2,1),(26,13,14),(25,3,2),(26,14,15),(25,4,3),(26,15,16),(25,5,4),(26,16,17),(25,6,5),(26,17,18),(25,7,6),(26,18,19),(25,8,7),(26,19,20),(25,9,8),(26,20,21),(25,10,9),(26,21,22),(25,11,10),(26,22,23),(25,12,11),(26,23,24),(25,1,12),(26,24,13)),$);
#6050=IFCSTYLEDITEM(#6049,(#6047),$);
ENDSEC;
END-ISO-10303-21;
